SampleID,sequencing_well,batch,project,field,sample_name,fk_num,sampling_method,gps_latitude,gps_longitude,collection_day,collection_month,collection_year,year_start,date,days,crop_rotation_primary_y0,crop_rotation_companion_y0,crop_rotation_primary_y1,crop_rotation_companion_y1,crop_rotation_primary_y2,crop_rotation_companion_y2,crop_rotation_primary_y3,crop_rotation_companion_y3,crop_rotation_primary_y4,crop_rotation_companion_y4,crop_rotation_primary_y5,crop_rotation_companion_y5,wheat_cultivar,take_all_seen,take_all_evidence,take_all_time,fertiliser_use,fertiliser_use_nitrogen,fertiliser_use_phosphous,fertiliser_use_potassium,fertiliser_use_micronutrients,fertiliser_use_other,fertiliser_application_rate_monthly,fertiliser_application_rate_every_six_months,fertiliser_application_rate_yearly,fertiliser_application_rate_every_two_years,fertiliser_application_rate_every_other,manure_use,manure_application_rate_monthly,manure_application_rate_every_six_months,manure_application_rate_yearly,manure_application_rate_every_two_years,manure_application_rate_other,pesticides__insecticides_use,fungicides_use,herbicides_use,tillage,tillage_method,soil_texture,soil_ph,available_p,available_k,available_mg,available_na,available_ca,extractable_cu,extractable_zn,extractable_mn,extractable_fe,extractable_so4,extractable_mo,extractable_co,ECEC
1_demultiplex.bc1005--bc1033.hifi_reads,A1,1,sample,4QG.01,4QG.01.01,NA,NA,51.261,-0.352722,28,8,2024,01/01/2024,28/08/2024,240,unknown,NA,unknown,NA,unknown,NA,unknown,NA,unknown,NA,NA,NA,unknown,unknown,unknown,unknown,unknown,unknown,unknown,unknown,unknown,unknown,unknown,unknown,unknown,NA,unknown,unknown,NA,NA,NA,unknown,NA,unknown,unknown,unknown,unknown,unknown,NA,7.9,18.8,115,45,13,2827.9,3.3,16.2,222,109,42.4,0,1,19.4
1_demultiplex.bc1005--bc1035.hifi_reads,A2,1,sample,4QG.01,4QG.01.09,NA,NA,51.261,-0.352722,28,8,2024,01/01/2024,28/08/2024,240,unknown,NA,unknown,NA,unknown,NA,unknown,NA,unknown,NA,NA,NA,unknown,unknown,unknown,unknown,unknown,unknown,unknown,unknown,unknown,unknown,unknown,unknown,unknown,NA,unknown,unknown,NA,NA,NA,unknown,NA,unknown,unknown,unknown,unknown,unknown,NA,7.9,18.8,115,45,13,2827.9,3.3,16.2,222,109,42.4,0,1,19.4
1_demultiplex.bc1005--bc1044.hifi_reads,A3,1,sample,4QG.01,4QG.01.17,NA,NA,51.261,-0.352722,28,8,2024,01/01/2024,28/04/2024,118,unknown,NA,unknown,NA,unknown,NA,unknown,NA,unknown,NA,NA,NA,unknown,unknown,unknown,unknown,unknown,unknown,unknown,unknown,unknown,unknown,unknown,unknown,unknown,NA,unknown,unknown,NA,NA,NA,unknown,NA,unknown,unknown,unknown,unknown,unknown,NA,7.9,18.8,115,45,13,2827.9,3.3,16.2,222,109,42.4,0,1,19.4
1_demultiplex.bc1005--bc1045.hifi_reads,A4,1,sample,8JF.01,8JF.01.04,NA,NA,53.829639,-0.534361,5,8,2024,01/01/2024,08/05/2024,217,winter_wheat,NA,oilseed_rape,NA,winter_wheat,NA,winter_wheat,NA,oilseed_rape,NA,NA,NA,Common wheat/bread wheat,Yes,"Black lesions on roots,Reduced yields",Five years or more,Yes,Yes,Yes,Yes,Yes,Magnesium,No,No,No,NA,Variable,No,NA,NA,NA,NA,NA,Yes,Yes,Yes,Yes,Reduced tillage,NA,7.8,16.8,197,107,14.9,3328.6,5.9,6.6,179.7,177.7,51.4,0,1.1,23.7
1_demultiplex.bc1005--bc1054.hifi_reads,A5,1,sample,8JF.01,8JF.01.12,NA,NA,53.829639,-0.534361,5,8,2024,01/01/2024,08/05/2024,217,winter_wheat,NA,oilseed_rape,NA,winter_wheat,NA,winter_wheat,NA,oilseed_rape,NA,NA,NA,Common wheat/bread wheat,Yes,"Black lesions on roots,Reduced yields",Five years or more,Yes,Yes,Yes,Yes,Yes,Magnesium,No,No,No,NA,Variable,No,NA,NA,NA,NA,NA,Yes,Yes,Yes,Yes,Reduced tillage,NA,7.8,16.8,197,107,14.9,3328.6,5.9,6.6,179.7,177.7,51.4,0,1.1,23.7
1_demultiplex.bc1005--bc1056.hifi_reads,A6,1,sample,8JF.01,8JF.01.20,NA,NA,53.829639,-0.534361,5,8,2024,01/01/2024,08/05/2024,217,winter_wheat,NA,oilseed_rape,NA,winter_wheat,NA,winter_wheat,NA,oilseed_rape,NA,NA,NA,Common wheat/bread wheat,Yes,"Black lesions on roots,Reduced yields",Five years or more,Yes,Yes,Yes,Yes,Yes,Magnesium,No,No,No,NA,Variable,No,NA,NA,NA,NA,NA,Yes,Yes,Yes,Yes,Reduced tillage,NA,7.8,16.8,197,107,14.9,3328.6,5.9,6.6,179.7,177.7,51.4,0,1.1,23.7
1_demultiplex.bc1005--bc1057.hifi_reads,A7,1,sample,5RJ.01,5RJ.01.07,NA,NA,53.217778,-0.16375,6,8,2024,01/01/2024,08/06/2024,218,group_1,NA,combining_peas,NA,group_2,NA,maize_forage,NA,spring_malting_barley,NA,NA,NA,Crusoe; extase,No,N/A,not_seen,Yes,Yes,Yes,Yes,Yes,No,No,No,Yes,NA,NA,Yes,NA,NA,NA,Yes,NA,Yes,Yes,Yes,Yes,Reduced tillage,NA,8,15,239,43,10.8,2496.4,3.5,4.6,61.7,92.2,35.9,0,0.3,17.6
1_demultiplex.bc1005--bc1059.hifi_reads,A8,1,sample,5RJ.01,5RJ.01.15,NA,NA,53.217778,-0.16375,6,8,2024,01/01/2024,08/06/2024,218,group_1,NA,combining_peas,NA,group_2,NA,maize_forage,NA,spring_malting_barley,NA,NA,NA,Crusoe; extase,No,N/A,not_seen,Yes,Yes,Yes,Yes,Yes,No,No,No,Yes,NA,NA,Yes,NA,NA,NA,Yes,NA,Yes,Yes,Yes,Yes,Reduced tillage,NA,8,15,239,43,10.8,2496.4,3.5,4.6,61.7,92.2,35.9,0,0.3,17.6
1_demultiplex.bc1005--bc1060.hifi_reads,A9,1,sample,2JJ.01,2JJ.01.02,NA,NA,53.606472,-1.497083,8,8,2024,01/01/2024,08/08/2024,220,winter_wheat,NA,OSR,NA,wheat,NA,wheat,NA,OSR,NA,NA,NA,NA,No,N/A,not_seen,not_reported,Yes,No,No,Yes,No,No,No,250 kg/ha,NA,"Nitogen 3 times in the Spring (March, April, May)",NA,NA,NA,NA,NA,NA,Yes,Yes,Yes,No,No tillage,NA,6.4,14.4,139,155,12.6,1462.9,5.2,7.2,73.3,242,52.1,0,0.5,14
1_demultiplex.bc1005--bc1062.hifi_reads,A10,1,sample,2JJ.01,2JJ.01.10,NA,NA,53.606472,-1.497083,8,8,2024,01/01/2024,08/08/2024,220,winter_wheat,NA,OSR,NA,wheat,NA,wheat,NA,OSR,NA,NA,NA,NA,No,N/A,not_seen,not_reported,Yes,No,No,Yes,No,No,No,250 kg/ha,NA,"Nitogen 3 times in the Spring (March, April, May)",NA,NA,NA,NA,NA,NA,Yes,Yes,Yes,No,No tillage,NA,6.4,14.4,139,155,12.6,1462.9,5.2,7.2,73.3,242,52.1,0,0.5,14
1_demultiplex.bc1005--bc1065.hifi_reads,A11,1,sample,2JJ.01,2JJ.01.18,NA,NA,53.606472,-1.497083,8,8,2024,01/01/2024,08/08/2024,220,winter_wheat,NA,OSR,NA,wheat,NA,wheat,NA,OSR,NA,NA,NA,NA,No,N/A,not_seen,not_reported,Yes,No,No,Yes,No,No,No,250 kg/ha,NA,"Nitogen 3 times in the Spring (March, April, May)",NA,NA,NA,NA,NA,NA,Yes,Yes,Yes,No,No tillage,NA,6.4,14.4,139,155,12.6,1462.9,5.2,7.2,73.3,242,52.1,0,0.5,14
1_demultiplex.bc1005--bc1075.hifi_reads,A12,1,sample,2AY.01,2AY.01.05,NA,NA,53.17379,-0.37644,7,8,2024,01/01/2024,08/07/2024,219,group_1,NA,oats,vetch,2nd_wheat,NA,group_1,NA,OSR,NA,NA,NA,Crusoe; skyscraper; crusoe,No,N/A,not_seen,Yes,Yes,Yes,Yes,Yes,No,No,No,Yes,NA,NA,Yes,NA,NA,NA,Yes,NA,Yes,Yes,Yes,Yes,Reduced tillage,NA,NA,NA,NA,NA,NA,NA,NA,NA,NA,NA,NA,NA,NA,NA
1_demultiplex.bc1007--bc1033.hifi_reads,B1,1,sample,4QG.01,4QG.01.02,NA,NA,51.261,-0.352722,28,8,2024,01/01/2024,28/08/2024,240,unknown,NA,unknown,NA,unknown,NA,unknown,NA,unknown,NA,NA,NA,unknown,unknown,unknown,unknown,unknown,unknown,unknown,unknown,unknown,unknown,unknown,unknown,unknown,NA,unknown,unknown,NA,NA,NA,unknown,NA,unknown,unknown,unknown,unknown,unknown,NA,7.9,18.8,115,45,13,2827.9,3.3,16.2,222,109,42.4,0,1,19.4
1_demultiplex.bc1007--bc1035.hifi_reads,B2,1,sample,4QG.01,4QG.01.10,NA,NA,51.261,-0.352722,28,8,2024,01/01/2024,28/08/2024,240,unknown,NA,unknown,NA,unknown,NA,unknown,NA,unknown,NA,NA,NA,unknown,unknown,unknown,unknown,unknown,unknown,unknown,unknown,unknown,unknown,unknown,unknown,unknown,NA,unknown,unknown,NA,NA,NA,unknown,NA,unknown,unknown,unknown,unknown,unknown,NA,7.9,18.8,115,45,13,2827.9,3.3,16.2,222,109,42.4,0,1,19.4
1_demultiplex.bc1007--bc1044.hifi_reads,B3,1,sample,4QG.01,4QG.01.18,NA,NA,51.261,-0.352722,28,8,2024,01/01/2024,28/08/2024,240,unknown,NA,unknown,NA,unknown,NA,unknown,NA,unknown,NA,NA,NA,unknown,unknown,unknown,unknown,unknown,unknown,unknown,unknown,unknown,unknown,unknown,unknown,unknown,NA,unknown,unknown,NA,NA,NA,unknown,NA,unknown,unknown,unknown,unknown,unknown,NA,7.9,18.8,115,45,13,2827.9,3.3,16.2,222,109,42.4,0,1,19.4
1_demultiplex.bc1007--bc1045.hifi_reads,B4,1,sample,8JF.01,8JF.01.05,NA,NA,53.829639,-0.534361,5,8,2024,01/01/2024,08/05/2024,217,winter_wheat,NA,oilseed_rape,NA,winter_wheat,NA,winter_wheat,NA,oilseed_rape,NA,NA,NA,Common wheat/bread wheat,Yes,"Black lesions on roots,Reduced yields",Five years or more,Yes,Yes,Yes,Yes,Yes,Magnesium,No,No,No,NA,Variable,No,NA,NA,NA,NA,NA,Yes,Yes,Yes,Yes,Reduced tillage,NA,7.8,16.8,197,107,14.9,3328.6,5.9,6.6,179.7,177.7,51.4,0,1.1,23.7
1_demultiplex.bc1007--bc1054.hifi_reads,B5,1,sample,8JF.01,8JF.01.13,NA,NA,53.829639,-0.534361,5,8,2024,01/01/2024,08/05/2024,217,winter_wheat,NA,oilseed_rape,NA,winter_wheat,NA,winter_wheat,NA,oilseed_rape,NA,NA,NA,Common wheat/bread wheat,Yes,"Black lesions on roots,Reduced yields",Five years or more,Yes,Yes,Yes,Yes,Yes,Magnesium,No,No,No,NA,Variable,No,NA,NA,NA,NA,NA,Yes,Yes,Yes,Yes,Reduced tillage,NA,7.8,16.8,197,107,14.9,3328.6,5.9,6.6,179.7,177.7,51.4,0,1.1,23.7
1_demultiplex.bc1007--bc1056.hifi_reads,B6,1,farmer_kit,8JF.01,8JF.1.220.FK,220,SFK,53.829639,-0.534361,5,8,2024,01/01/2024,08/05/2024,217,winter_wheat,NA,oilseed_rape,NA,winter_wheat,NA,winter_wheat,NA,oilseed_rape,NA,NA,NA,Common wheat/bread wheat,Yes,"Black lesions on roots,Reduced yields",Five years or more,Yes,Yes,Yes,Yes,Yes,Magnesium,No,No,No,NA,Variable,No,NA,NA,NA,NA,NA,Yes,Yes,Yes,Yes,Reduced tillage,NA,7.8,16.8,197,107,14.9,3328.6,5.9,6.6,179.7,177.7,51.4,0,1.1,23.7
1_demultiplex.bc1007--bc1057.hifi_reads,B7,1,sample,5RJ.01,5RJ.01.08,NA,NA,53.217778,-0.16375,6,8,2024,01/01/2024,08/06/2024,218,group_1,NA,combining_peas,NA,group_2,NA,maize_forage,NA,spring_malting_barley,NA,NA,NA,Crusoe; extase,No,N/A,not_seen,Yes,Yes,Yes,Yes,Yes,No,No,No,Yes,NA,NA,Yes,NA,NA,NA,Yes,NA,Yes,Yes,Yes,Yes,Reduced tillage,NA,8,15,239,43,10.8,2496.4,3.5,4.6,61.7,92.2,35.9,0,0.3,17.6
1_demultiplex.bc1007--bc1059.hifi_reads,B8,1,sample,5RJ.01,5RJ.01.16,NA,NA,53.217778,-0.16375,6,8,2024,01/01/2024,08/06/2024,218,group_1,NA,combining_peas,NA,group_2,NA,maize_forage,NA,spring_malting_barley,NA,NA,NA,Crusoe; extase,No,N/A,not_seen,Yes,Yes,Yes,Yes,Yes,No,No,No,Yes,NA,NA,Yes,NA,NA,NA,Yes,NA,Yes,Yes,Yes,Yes,Reduced tillage,NA,8,15,239,43,10.8,2496.4,3.5,4.6,61.7,92.2,35.9,0,0.3,17.6
1_demultiplex.bc1007--bc1060.hifi_reads,B9,1,sample,2JJ.01,2JJ.01.03,NA,NA,53.606472,-1.497083,8,8,2024,01/01/2024,08/08/2024,220,winter_wheat,NA,OSR,NA,wheat,NA,wheat,NA,OSR,NA,NA,NA,NA,No,N/A,not_seen,not_reported,Yes,No,No,Yes,No,No,No,250 kg/ha,NA,"Nitogen 3 times in the Spring (March, April, May)",NA,NA,NA,NA,NA,NA,Yes,Yes,Yes,No,No tillage,NA,6.4,14.4,139,155,12.6,1462.9,5.2,7.2,73.3,242,52.1,0,0.5,14
1_demultiplex.bc1007--bc1062.hifi_reads,B10,1,sample,2JJ.01,2JJ.01.11,NA,NA,53.606472,-1.497083,8,8,2024,01/01/2024,08/08/2024,220,winter_wheat,NA,OSR,NA,wheat,NA,wheat,NA,OSR,NA,NA,NA,NA,No,N/A,not_seen,not_reported,Yes,No,No,Yes,No,No,No,250 kg/ha,NA,"Nitogen 3 times in the Spring (March, April, May)",NA,NA,NA,NA,NA,NA,Yes,Yes,Yes,No,No tillage,NA,6.4,14.4,139,155,12.6,1462.9,5.2,7.2,73.3,242,52.1,0,0.5,14
1_demultiplex.bc1007--bc1065.hifi_reads,B11,1,sample,2JJ.01,2JJ.01.19,NA,NA,53.606472,-1.497083,8,8,2024,01/01/2024,08/08/2024,220,winter_wheat,NA,OSR,NA,wheat,NA,wheat,NA,OSR,NA,NA,NA,NA,No,N/A,not_seen,not_reported,Yes,No,No,Yes,No,No,No,250 kg/ha,NA,"Nitogen 3 times in the Spring (March, April, May)",NA,NA,NA,NA,NA,NA,Yes,Yes,Yes,No,No tillage,NA,6.4,14.4,139,155,12.6,1462.9,5.2,7.2,73.3,242,52.1,0,0.5,14
1_demultiplex.bc1007--bc1075.hifi_reads,B12,1,sample,2AY.01,2AY.01.06,NA,NA,53.17379,-0.37644,7,8,2024,01/01/2024,08/07/2024,219,group_1,NA,oats,vetch,2nd_wheat,NA,group_1,NA,OSR,NA,NA,NA,Crusoe; skyscraper; crusoe,No,N/A,not_seen,Yes,Yes,Yes,Yes,Yes,No,No,No,Yes,NA,NA,Yes,NA,NA,NA,Yes,NA,Yes,Yes,Yes,Yes,Reduced tillage,NA,NA,NA,NA,NA,NA,NA,NA,NA,NA,NA,NA,NA,NA,NA
1_demultiplex.bc1008--bc1033.hifi_reads,C1,1,sample,4QG.01,4QG.01.03,NA,NA,51.261,-0.352722,28,8,2024,01/01/2024,28/08/2024,240,unknown,NA,unknown,NA,unknown,NA,unknown,NA,unknown,NA,NA,NA,unknown,unknown,unknown,unknown,unknown,unknown,unknown,unknown,unknown,unknown,unknown,unknown,unknown,NA,unknown,unknown,NA,NA,NA,unknown,NA,unknown,unknown,unknown,unknown,unknown,NA,7.9,18.8,115,45,13,2827.9,3.3,16.2,222,109,42.4,0,1,19.4
1_demultiplex.bc1008--bc1035.hifi_reads,C2,1,sample,4QG.01,4QG.01.11,NA,NA,51.261,-0.352722,28,8,2024,01/01/2024,28/08/2024,240,unknown,NA,unknown,NA,unknown,NA,unknown,NA,unknown,NA,NA,NA,unknown,unknown,unknown,unknown,unknown,unknown,unknown,unknown,unknown,unknown,unknown,unknown,unknown,NA,unknown,unknown,NA,NA,NA,unknown,NA,unknown,unknown,unknown,unknown,unknown,NA,7.9,18.8,115,45,13,2827.9,3.3,16.2,222,109,42.4,0,1,19.4
1_demultiplex.bc1008--bc1044.hifi_reads,C3,1,sample,4QG.01,4QG.01.19,NA,NA,51.261,-0.352722,28,8,2024,01/01/2024,28/08/2024,240,unknown,NA,unknown,NA,unknown,NA,unknown,NA,unknown,NA,NA,NA,unknown,unknown,unknown,unknown,unknown,unknown,unknown,unknown,unknown,unknown,unknown,unknown,unknown,NA,unknown,unknown,NA,NA,NA,unknown,NA,unknown,unknown,unknown,unknown,unknown,NA,7.9,18.8,115,45,13,2827.9,3.3,16.2,222,109,42.4,0,1,19.4
1_demultiplex.bc1008--bc1045.hifi_reads,C4,1,sample,8JF.01,8JF.01.06,NA,NA,53.829639,-0.534361,5,8,2024,01/01/2024,08/05/2024,217,winter_wheat,NA,oilseed_rape,NA,winter_wheat,NA,winter_wheat,NA,oilseed_rape,NA,NA,NA,Common wheat/bread wheat,Yes,"Black lesions on roots,Reduced yields",Five years or more,Yes,Yes,Yes,Yes,Yes,Magnesium,No,No,No,NA,Variable,No,NA,NA,NA,NA,NA,Yes,Yes,Yes,Yes,Reduced tillage,NA,7.8,16.8,197,107,14.9,3328.6,5.9,6.6,179.7,177.7,51.4,0,1.1,23.7
1_demultiplex.bc1008--bc1054.hifi_reads,C5,1,sample,8JF.01,8JF.01.14,NA,NA,53.829639,-0.534361,5,8,2024,01/01/2024,08/05/2024,217,winter_wheat,NA,oilseed_rape,NA,winter_wheat,NA,winter_wheat,NA,oilseed_rape,NA,NA,NA,Common wheat/bread wheat,Yes,"Black lesions on roots,Reduced yields",Five years or more,Yes,Yes,Yes,Yes,Yes,Magnesium,No,No,No,NA,Variable,No,NA,NA,NA,NA,NA,Yes,Yes,Yes,Yes,Reduced tillage,NA,7.8,16.8,197,107,14.9,3328.6,5.9,6.6,179.7,177.7,51.4,0,1.1,23.7
1_demultiplex.bc1008--bc1056.hifi_reads,C6,1,sample,5RJ.01,5RJ.01.01,NA,NA,53.217778,-0.16375,6,8,2024,01/01/2024,08/06/2024,218,group_1,NA,combining_peas,NA,group_2,NA,maize_forage,NA,spring_malting_barley,NA,NA,NA,Crusoe; extase,No,N/A,not_seen,Yes,Yes,Yes,Yes,Yes,No,No,No,Yes,NA,NA,Yes,NA,NA,NA,Yes,NA,Yes,Yes,Yes,Yes,Reduced tillage,NA,8,15,239,43,10.8,2496.4,3.5,4.6,61.7,92.2,35.9,0,0.3,17.6
1_demultiplex.bc1008--bc1057.hifi_reads,C7,1,sample,5RJ.01,5RJ.01.09,NA,NA,53.217778,-0.16375,6,8,2024,01/01/2024,08/06/2024,218,group_1,NA,combining_peas,NA,group_2,NA,maize_forage,NA,spring_malting_barley,NA,NA,NA,Crusoe; extase,No,N/A,not_seen,Yes,Yes,Yes,Yes,Yes,No,No,No,Yes,NA,NA,Yes,NA,NA,NA,Yes,NA,Yes,Yes,Yes,Yes,Reduced tillage,NA,8,15,239,43,10.8,2496.4,3.5,4.6,61.7,92.2,35.9,0,0.3,17.6
1_demultiplex.bc1008--bc1059.hifi_reads,C8,1,sample,5RJ.01,5RJ.01.17,NA,NA,53.217778,-0.16375,6,8,2024,01/01/2024,08/06/2024,218,group_1,NA,combining_peas,NA,group_2,NA,maize_forage,NA,spring_malting_barley,NA,NA,NA,Crusoe; extase,No,N/A,not_seen,Yes,Yes,Yes,Yes,Yes,No,No,No,Yes,NA,NA,Yes,NA,NA,NA,Yes,NA,Yes,Yes,Yes,Yes,Reduced tillage,NA,8,15,239,43,10.8,2496.4,3.5,4.6,61.7,92.2,35.9,0,0.3,17.6
1_demultiplex.bc1008--bc1060.hifi_reads,C9,1,sample,2JJ.01,2JJ.01.04,NA,NA,53.606472,-1.497083,8,8,2024,01/01/2024,08/08/2024,220,winter_wheat,NA,OSR,NA,wheat,NA,wheat,NA,OSR,NA,NA,NA,NA,No,N/A,not_seen,not_reported,Yes,No,No,Yes,No,No,No,250 kg/ha,NA,"Nitogen 3 times in the Spring (March, April, May)",NA,NA,NA,NA,NA,NA,Yes,Yes,Yes,No,No tillage,NA,6.4,14.4,139,155,12.6,1462.9,5.2,7.2,73.3,242,52.1,0,0.5,14
1_demultiplex.bc1008--bc1062.hifi_reads,C10,1,sample,2JJ.01,2JJ.01.12,NA,NA,53.606472,-1.497083,8,8,2024,01/01/2024,08/08/2024,220,winter_wheat,NA,OSR,NA,wheat,NA,wheat,NA,OSR,NA,NA,NA,NA,No,N/A,not_seen,not_reported,Yes,No,No,Yes,No,No,No,250 kg/ha,NA,"Nitogen 3 times in the Spring (March, April, May)",NA,NA,NA,NA,NA,NA,Yes,Yes,Yes,No,No tillage,NA,6.4,14.4,139,155,12.6,1462.9,5.2,7.2,73.3,242,52.1,0,0.5,14
1_demultiplex.bc1008--bc1065.hifi_reads,C11,1,sample,2JJ.01,2JJ.01.20,NA,NA,53.606472,-1.497083,8,8,2024,01/01/2024,08/08/2024,220,winter_wheat,NA,OSR,NA,wheat,NA,wheat,NA,OSR,NA,NA,NA,NA,No,N/A,not_seen,not_reported,Yes,No,No,Yes,No,No,No,250 kg/ha,NA,"Nitogen 3 times in the Spring (March, April, May)",NA,NA,NA,NA,NA,NA,Yes,Yes,Yes,No,No tillage,NA,6.4,14.4,139,155,12.6,1462.9,5.2,7.2,73.3,242,52.1,0,0.5,14
1_demultiplex.bc1008--bc1075.hifi_reads,C12,1,sample,2AY.01,2AY.01.07,NA,NA,53.17379,-0.37644,7,8,2024,01/01/2024,08/07/2024,219,group_1,NA,oats,vetch,2nd_wheat,NA,group_1,NA,OSR,NA,NA,NA,Crusoe; skyscraper; crusoe,No,N/A,not_seen,Yes,Yes,Yes,Yes,Yes,No,No,No,Yes,NA,NA,Yes,NA,NA,NA,Yes,NA,Yes,Yes,Yes,Yes,Reduced tillage,NA,NA,NA,NA,NA,NA,NA,NA,NA,NA,NA,NA,NA,NA,NA
1_demultiplex.bc1012--bc1033.hifi_reads,D1,1,sample,4QG.01,4QG.01.04,NA,NA,51.261,-0.352722,28,8,2024,01/01/2024,28/08/2024,240,unknown,NA,unknown,NA,unknown,NA,unknown,NA,unknown,NA,NA,NA,unknown,unknown,unknown,unknown,unknown,unknown,unknown,unknown,unknown,unknown,unknown,unknown,unknown,NA,unknown,unknown,NA,NA,NA,unknown,NA,unknown,unknown,unknown,unknown,unknown,NA,7.9,18.8,115,45,13,2827.9,3.3,16.2,222,109,42.4,0,1,19.4
1_demultiplex.bc1012--bc1035.hifi_reads,D2,1,sample,4QG.01,4QG.01.12,NA,NA,51.261,-0.352722,28,8,2024,01/01/2024,28/08/2024,240,unknown,NA,unknown,NA,unknown,NA,unknown,NA,unknown,NA,NA,NA,unknown,unknown,unknown,unknown,unknown,unknown,unknown,unknown,unknown,unknown,unknown,unknown,unknown,NA,unknown,unknown,NA,NA,NA,unknown,NA,unknown,unknown,unknown,unknown,unknown,NA,7.9,18.8,115,45,13,2827.9,3.3,16.2,222,109,42.4,0,1,19.4
1_demultiplex.bc1012--bc1044.hifi_reads,D3,1,sample,4QG.01,4QG.01.20,NA,NA,51.261,-0.352722,28,8,2024,01/01/2024,28/08/2024,240,unknown,NA,unknown,NA,unknown,NA,unknown,NA,unknown,NA,NA,NA,unknown,unknown,unknown,unknown,unknown,unknown,unknown,unknown,unknown,unknown,unknown,unknown,unknown,NA,unknown,unknown,NA,NA,NA,unknown,NA,unknown,unknown,unknown,unknown,unknown,NA,7.9,18.8,115,45,13,2827.9,3.3,16.2,222,109,42.4,0,1,19.4
1_demultiplex.bc1012--bc1045.hifi_reads,D4,1,sample,8JF.01,8JF.01.07,NA,NA,53.829639,-0.534361,5,8,2024,01/01/2024,08/05/2024,217,winter_wheat,NA,oilseed_rape,NA,winter_wheat,NA,winter_wheat,NA,oilseed_rape,NA,NA,NA,Common wheat/bread wheat,Yes,"Black lesions on roots,Reduced yields",Five years or more,Yes,Yes,Yes,Yes,Yes,Magnesium,No,No,No,NA,Variable,No,NA,NA,NA,NA,NA,Yes,Yes,Yes,Yes,Reduced tillage,NA,7.8,16.8,197,107,14.9,3328.6,5.9,6.6,179.7,177.7,51.4,0,1.1,23.7
1_demultiplex.bc1012--bc1054.hifi_reads,D5,1,sample,8JF.01,8JF.01.15,NA,NA,53.829639,-0.534361,5,8,2024,01/01/2024,08/05/2024,217,winter_wheat,NA,oilseed_rape,NA,winter_wheat,NA,winter_wheat,NA,oilseed_rape,NA,NA,NA,Common wheat/bread wheat,Yes,"Black lesions on roots,Reduced yields",Five years or more,Yes,Yes,Yes,Yes,Yes,Magnesium,No,No,No,NA,Variable,No,NA,NA,NA,NA,NA,Yes,Yes,Yes,Yes,Reduced tillage,NA,7.8,16.8,197,107,14.9,3328.6,5.9,6.6,179.7,177.7,51.4,0,1.1,23.7
1_demultiplex.bc1012--bc1056.hifi_reads,D6,1,sample,5RJ.01,5RJ.01.02,NA,NA,53.217778,-0.16375,6,8,2024,01/01/2024,08/06/2024,218,group_1,NA,combining_peas,NA,group_2,NA,maize_forage,NA,spring_malting_barley,NA,NA,NA,Crusoe; extase,No,N/A,not_seen,Yes,Yes,Yes,Yes,Yes,No,No,No,Yes,NA,NA,Yes,NA,NA,NA,Yes,NA,Yes,Yes,Yes,Yes,Reduced tillage,NA,8,15,239,43,10.8,2496.4,3.5,4.6,61.7,92.2,35.9,0,0.3,17.6
1_demultiplex.bc1012--bc1057.hifi_reads,D7,1,sample,5RJ.01,5RJ.01.10,NA,NA,53.217778,-0.16375,6,8,2024,01/01/2024,08/06/2024,218,group_1,NA,combining_peas,NA,group_2,NA,maize_forage,NA,spring_malting_barley,NA,NA,NA,Crusoe; extase,No,N/A,not_seen,Yes,Yes,Yes,Yes,Yes,No,No,No,Yes,NA,NA,Yes,NA,NA,NA,Yes,NA,Yes,Yes,Yes,Yes,Reduced tillage,NA,8,15,239,43,10.8,2496.4,3.5,4.6,61.7,92.2,35.9,0,0.3,17.6
1_demultiplex.bc1012--bc1059.hifi_reads,D8,1,sample,5RJ.01,5RJ.01.18,NA,NA,53.217778,-0.16375,6,8,2024,01/01/2024,08/06/2024,218,group_1,NA,combining_peas,NA,group_2,NA,maize_forage,NA,spring_malting_barley,NA,NA,NA,Crusoe; extase,No,N/A,not_seen,Yes,Yes,Yes,Yes,Yes,No,No,No,Yes,NA,NA,Yes,NA,NA,NA,Yes,NA,Yes,Yes,Yes,Yes,Reduced tillage,NA,8,15,239,43,10.8,2496.4,3.5,4.6,61.7,92.2,35.9,0,0.3,17.6
1_demultiplex.bc1012--bc1060.hifi_reads,D9,1,sample,2JJ.01,2JJ.01.05,NA,NA,53.606472,-1.497083,8,8,2024,01/01/2024,08/08/2024,220,winter_wheat,NA,OSR,NA,wheat,NA,wheat,NA,OSR,NA,NA,NA,NA,No,N/A,not_seen,not_reported,Yes,No,No,Yes,No,No,No,250 kg/ha,NA,"Nitogen 3 times in the Spring (March, April, May)",NA,NA,NA,NA,NA,NA,Yes,Yes,Yes,No,No tillage,NA,6.4,14.4,139,155,12.6,1462.9,5.2,7.2,73.3,242,52.1,0,0.5,14
1_demultiplex.bc1012--bc1062.hifi_reads,D10,1,sample,2JJ.01,2JJ.01.13,NA,NA,53.606472,-1.497083,8,8,2024,01/01/2024,08/08/2024,220,winter_wheat,NA,OSR,NA,wheat,NA,wheat,NA,OSR,NA,NA,NA,NA,No,N/A,not_seen,not_reported,Yes,No,No,Yes,No,No,No,250 kg/ha,NA,"Nitogen 3 times in the Spring (March, April, May)",NA,NA,NA,NA,NA,NA,Yes,Yes,Yes,No,No tillage,NA,6.4,14.4,139,155,12.6,1462.9,5.2,7.2,73.3,242,52.1,0,0.5,14
1_demultiplex.bc1012--bc1065.hifi_reads,D11,1,farmer_kit,2JJ.01,2JJ.1.215.FK,215,SFK,53.606472,-1.497083,8,8,2024,01/01/2024,08/08/2024,220,winter_wheat,NA,OSR,NA,wheat,NA,wheat,NA,OSR,NA,NA,NA,NA,No,N/A,not_seen,not_reported,Yes,No,No,Yes,No,No,No,250 kg/ha,NA,"Nitogen 3 times in the Spring (March, April, May)",NA,NA,NA,NA,NA,NA,Yes,Yes,Yes,No,No tillage,NA,6.4,14.4,139,155,12.6,1462.9,5.2,7.2,73.3,242,52.1,0,0.5,14
1_demultiplex.bc1012--bc1075.hifi_reads,D12,1,gt_control,S1,S1,NA,NA,NA,NA,NA,NA,NA,NA,NA,NA,NA,NA,NA,NA,NA,NA,NA,NA,NA,NA,NA,NA,NA,NA,NA,NA,NA,NA,NA,NA,NA,NA,NA,NA,NA,NA,NA,NA,NA,NA,NA,NA,NA,NA,NA,NA,NA,NA,NA,NA,NA,NA,NA,NA,NA,NA,NA,NA,NA,NA,NA,NA,NA
1_demultiplex.bc1015--bc1033.hifi_reads,E1,1,sample,4QG.01,4QG.01.05,NA,NA,51.261,-0.352722,28,8,2024,01/01/2024,28/08/2024,240,unknown,NA,unknown,NA,unknown,NA,unknown,NA,unknown,NA,NA,NA,unknown,unknown,unknown,unknown,unknown,unknown,unknown,unknown,unknown,unknown,unknown,unknown,unknown,NA,unknown,unknown,NA,NA,NA,unknown,NA,unknown,unknown,unknown,unknown,unknown,NA,7.9,18.8,115,45,13,2827.9,3.3,16.2,222,109,42.4,0,1,19.4
1_demultiplex.bc1015--bc1035.hifi_reads,E2,1,sample,4QG.01,4QG.01.13,NA,NA,51.261,-0.352722,28,8,2024,01/01/2024,28/08/2024,240,unknown,NA,unknown,NA,unknown,NA,unknown,NA,unknown,NA,NA,NA,unknown,unknown,unknown,unknown,unknown,unknown,unknown,unknown,unknown,unknown,unknown,unknown,unknown,NA,unknown,unknown,NA,NA,NA,unknown,NA,unknown,unknown,unknown,unknown,unknown,NA,7.9,18.8,115,45,13,2827.9,3.3,16.2,222,109,42.4,0,1,19.4
1_demultiplex.bc1015--bc1044.hifi_reads,E3,1,farmer_kit,4QG.01,4QG.1.81.FK,81,SFK,51.261,-0.352722,28,8,2024,01/01/2024,28/08/2024,240,unknown,NA,unknown,NA,unknown,NA,unknown,NA,unknown,NA,NA,NA,unknown,unknown,unknown,unknown,unknown,unknown,unknown,unknown,unknown,unknown,unknown,unknown,unknown,NA,unknown,unknown,NA,NA,NA,unknown,NA,unknown,unknown,unknown,unknown,unknown,NA,7.9,18.8,115,45,13,2827.9,3.3,16.2,222,109,42.4,0,1,19.4
1_demultiplex.bc1015--bc1045.hifi_reads,E4,1,sample,8JF.01,8JF.01.08,NA,NA,53.829639,-0.534361,5,8,2024,01/01/2024,08/05/2024,217,winter_wheat,NA,oilseed_rape,NA,winter_wheat,NA,winter_wheat,NA,oilseed_rape,NA,NA,NA,Common wheat/bread wheat,Yes,"Black lesions on roots,Reduced yields",Five years or more,Yes,Yes,Yes,Yes,Yes,Magnesium,No,No,No,NA,Variable,No,NA,NA,NA,NA,NA,Yes,Yes,Yes,Yes,Reduced tillage,NA,7.8,16.8,197,107,14.9,3328.6,5.9,6.6,179.7,177.7,51.4,0,1.1,23.7
1_demultiplex.bc1015--bc1054.hifi_reads,E5,1,sample,8JF.01,8JF.01.16,NA,NA,53.829639,-0.534361,5,8,2024,01/01/2024,08/05/2024,217,winter_wheat,NA,oilseed_rape,NA,winter_wheat,NA,winter_wheat,NA,oilseed_rape,NA,NA,NA,Common wheat/bread wheat,Yes,"Black lesions on roots,Reduced yields",Five years or more,Yes,Yes,Yes,Yes,Yes,Magnesium,No,No,No,NA,Variable,No,NA,NA,NA,NA,NA,Yes,Yes,Yes,Yes,Reduced tillage,NA,7.8,16.8,197,107,14.9,3328.6,5.9,6.6,179.7,177.7,51.4,0,1.1,23.7
1_demultiplex.bc1015--bc1056.hifi_reads,E6,1,sample,5RJ.01,5RJ.01.03,NA,NA,53.217778,-0.16375,6,8,2024,01/01/2024,08/06/2024,218,group_1,NA,combining_peas,NA,group_2,NA,maize_forage,NA,spring_malting_barley,NA,NA,NA,Crusoe; extase,No,N/A,not_seen,Yes,Yes,Yes,Yes,Yes,No,No,No,Yes,NA,NA,Yes,NA,NA,NA,Yes,NA,Yes,Yes,Yes,Yes,Reduced tillage,NA,8,15,239,43,10.8,2496.4,3.5,4.6,61.7,92.2,35.9,0,0.3,17.6
1_demultiplex.bc1015--bc1057.hifi_reads,E7,1,sample,5RJ.01,5RJ.01.11,NA,NA,53.217778,-0.16375,6,8,2024,01/01/2024,08/06/2024,218,group_1,NA,combining_peas,NA,group_2,NA,maize_forage,NA,spring_malting_barley,NA,NA,NA,Crusoe; extase,No,N/A,not_seen,Yes,Yes,Yes,Yes,Yes,No,No,No,Yes,NA,NA,Yes,NA,NA,NA,Yes,NA,Yes,Yes,Yes,Yes,Reduced tillage,NA,8,15,239,43,10.8,2496.4,3.5,4.6,61.7,92.2,35.9,0,0.3,17.6
1_demultiplex.bc1015--bc1059.hifi_reads,E8,1,sample,5RJ.01,5RJ.01.19,NA,NA,53.217778,-0.16375,6,8,2024,01/01/2024,08/06/2024,218,group_1,NA,combining_peas,NA,group_2,NA,maize_forage,NA,spring_malting_barley,NA,NA,NA,Crusoe; extase,No,N/A,not_seen,Yes,Yes,Yes,Yes,Yes,No,No,No,Yes,NA,NA,Yes,NA,NA,NA,Yes,NA,Yes,Yes,Yes,Yes,Reduced tillage,NA,8,15,239,43,10.8,2496.4,3.5,4.6,61.7,92.2,35.9,0,0.3,17.6
1_demultiplex.bc1015--bc1060.hifi_reads,E9,1,sample,2JJ.01,2JJ.01.06,NA,NA,53.606472,-1.497083,8,8,2024,01/01/2024,08/08/2024,220,winter_wheat,NA,OSR,NA,wheat,NA,wheat,NA,OSR,NA,NA,NA,NA,No,N/A,not_seen,not_reported,Yes,No,No,Yes,No,No,No,250 kg/ha,NA,"Nitogen 3 times in the Spring (March, April, May)",NA,NA,NA,NA,NA,NA,Yes,Yes,Yes,No,No tillage,NA,6.4,14.4,139,155,12.6,1462.9,5.2,7.2,73.3,242,52.1,0,0.5,14
1_demultiplex.bc1015--bc1062.hifi_reads,E10,1,sample,2JJ.01,2JJ.01.14,NA,NA,53.606472,-1.497083,8,8,2024,01/01/2024,08/08/2024,220,winter_wheat,NA,OSR,NA,wheat,NA,wheat,NA,OSR,NA,NA,NA,NA,No,N/A,not_seen,not_reported,Yes,No,No,Yes,No,No,No,250 kg/ha,NA,"Nitogen 3 times in the Spring (March, April, May)",NA,NA,NA,NA,NA,NA,Yes,Yes,Yes,No,No tillage,NA,6.4,14.4,139,155,12.6,1462.9,5.2,7.2,73.3,242,52.1,0,0.5,14
1_demultiplex.bc1015--bc1065.hifi_reads,E11,1,sample,2AY.01,2AY.01.01,NA,NA,53.17379,-0.37644,7,8,2024,01/01/2024,08/07/2024,219,group_1,NA,oats,vetch,2nd_wheat,NA,group_1,NA,OSR,NA,NA,NA,Crusoe; skyscraper; crusoe,No,N/A,not_seen,Yes,Yes,Yes,Yes,Yes,No,No,No,Yes,NA,NA,Yes,NA,NA,NA,Yes,NA,Yes,Yes,Yes,Yes,Reduced tillage,NA,NA,NA,NA,NA,NA,NA,NA,NA,NA,NA,NA,NA,NA,NA
1_demultiplex.bc1015--bc1075.hifi_reads,E12,1,gt_control,S2,S2,NA,NA,NA,NA,NA,NA,NA,NA,NA,NA,NA,NA,NA,NA,NA,NA,NA,NA,NA,NA,NA,NA,NA,NA,NA,NA,NA,NA,NA,NA,NA,NA,NA,NA,NA,NA,NA,NA,NA,NA,NA,NA,NA,NA,NA,NA,NA,NA,NA,NA,NA,NA,NA,NA,NA,NA,NA,NA,NA,NA,NA,NA,NA
1_demultiplex.bc1020--bc1033.hifi_reads,F1,1,sample,4QG.01,4QG.01.06,NA,NA,51.261,-0.352722,28,8,2024,01/01/2024,28/08/2024,240,unknown,NA,unknown,NA,unknown,NA,unknown,NA,unknown,NA,NA,NA,unknown,unknown,unknown,unknown,unknown,unknown,unknown,unknown,unknown,unknown,unknown,unknown,unknown,NA,unknown,unknown,NA,NA,NA,unknown,NA,unknown,unknown,unknown,unknown,unknown,NA,7.9,18.8,115,45,13,2827.9,3.3,16.2,222,109,42.4,0,1,19.4
1_demultiplex.bc1020--bc1035.hifi_reads,F2,1,sample,4QG.01,4QG.01.14,NA,NA,51.261,-0.352722,28,8,2024,01/01/2024,28/08/2024,240,unknown,NA,unknown,NA,unknown,NA,unknown,NA,unknown,NA,NA,NA,unknown,unknown,unknown,unknown,unknown,unknown,unknown,unknown,unknown,unknown,unknown,unknown,unknown,NA,unknown,unknown,NA,NA,NA,unknown,NA,unknown,unknown,unknown,unknown,unknown,NA,7.9,18.8,115,45,13,2827.9,3.3,16.2,222,109,42.4,0,1,19.4
1_demultiplex.bc1020--bc1044.hifi_reads,F3,1,sample,8JF.01,8JF.01.01,NA,NA,53.829639,-0.534361,5,8,2024,01/01/2024,08/05/2024,217,winter_wheat,NA,oilseed_rape,NA,winter_wheat,NA,winter_wheat,NA,oilseed_rape,NA,NA,NA,Common wheat/bread wheat,Yes,"Black lesions on roots,Reduced yields",Five years or more,Yes,Yes,Yes,Yes,Yes,Magnesium,No,No,No,NA,Variable,No,NA,NA,NA,NA,NA,Yes,Yes,Yes,Yes,Reduced tillage,NA,7.8,16.8,197,107,14.9,3328.6,5.9,6.6,179.7,177.7,51.4,0,1.1,23.7
1_demultiplex.bc1020--bc1045.hifi_reads,F4,1,sample,8JF.01,8JF.01.09,NA,NA,53.829639,-0.534361,5,8,2024,01/01/2024,08/05/2024,217,winter_wheat,NA,oilseed_rape,NA,winter_wheat,NA,winter_wheat,NA,oilseed_rape,NA,NA,NA,Common wheat/bread wheat,Yes,"Black lesions on roots,Reduced yields",Five years or more,Yes,Yes,Yes,Yes,Yes,Magnesium,No,No,No,NA,Variable,No,NA,NA,NA,NA,NA,Yes,Yes,Yes,Yes,Reduced tillage,NA,7.8,16.8,197,107,14.9,3328.6,5.9,6.6,179.7,177.7,51.4,0,1.1,23.7
1_demultiplex.bc1020--bc1054.hifi_reads,F5,1,sample,8JF.01,8JF.01.17,NA,NA,53.829639,-0.534361,5,8,2024,01/01/2024,08/05/2024,217,winter_wheat,NA,oilseed_rape,NA,winter_wheat,NA,winter_wheat,NA,oilseed_rape,NA,NA,NA,Common wheat/bread wheat,Yes,"Black lesions on roots,Reduced yields",Five years or more,Yes,Yes,Yes,Yes,Yes,Magnesium,No,No,No,NA,Variable,No,NA,NA,NA,NA,NA,Yes,Yes,Yes,Yes,Reduced tillage,NA,7.8,16.8,197,107,14.9,3328.6,5.9,6.6,179.7,177.7,51.4,0,1.1,23.7
1_demultiplex.bc1020--bc1056.hifi_reads,F6,1,sample,5RJ.01,5RJ.01.04,NA,NA,53.217778,-0.16375,6,8,2024,01/01/2024,08/06/2024,218,group_1,NA,combining_peas,NA,group_2,NA,maize_forage,NA,spring_malting_barley,NA,NA,NA,Crusoe; extase,No,N/A,not_seen,Yes,Yes,Yes,Yes,Yes,No,No,No,Yes,NA,NA,Yes,NA,NA,NA,Yes,NA,Yes,Yes,Yes,Yes,Reduced tillage,NA,8,15,239,43,10.8,2496.4,3.5,4.6,61.7,92.2,35.9,0,0.3,17.6
1_demultiplex.bc1020--bc1057.hifi_reads,F7,1,sample,5RJ.01,5RJ.01.12,NA,NA,53.217778,-0.16375,6,8,2024,01/01/2024,08/06/2024,218,group_1,NA,combining_peas,NA,group_2,NA,maize_forage,NA,spring_malting_barley,NA,NA,NA,Crusoe; extase,No,N/A,not_seen,Yes,Yes,Yes,Yes,Yes,No,No,No,Yes,NA,NA,Yes,NA,NA,NA,Yes,NA,Yes,Yes,Yes,Yes,Reduced tillage,NA,8,15,239,43,10.8,2496.4,3.5,4.6,61.7,92.2,35.9,0,0.3,17.6
1_demultiplex.bc1020--bc1059.hifi_reads,F8,1,sample,5RJ.01,5RJ.01.20,NA,NA,53.217778,-0.16375,6,8,2024,01/01/2024,08/06/2024,218,group_1,NA,combining_peas,NA,group_2,NA,maize_forage,NA,spring_malting_barley,NA,NA,NA,Crusoe; extase,No,N/A,not_seen,Yes,Yes,Yes,Yes,Yes,No,No,No,Yes,NA,NA,Yes,NA,NA,NA,Yes,NA,Yes,Yes,Yes,Yes,Reduced tillage,NA,8,15,239,43,10.8,2496.4,3.5,4.6,61.7,92.2,35.9,0,0.3,17.6
1_demultiplex.bc1020--bc1060.hifi_reads,F9,1,sample,2JJ.01,2JJ.01.07,NA,NA,53.606472,-1.497083,8,8,2024,01/01/2024,08/08/2024,220,winter_wheat,NA,OSR,NA,wheat,NA,wheat,NA,OSR,NA,NA,NA,NA,No,N/A,not_seen,not_reported,Yes,No,No,Yes,No,No,No,250 kg/ha,NA,"Nitogen 3 times in the Spring (March, April, May)",NA,NA,NA,NA,NA,NA,Yes,Yes,Yes,No,No tillage,NA,6.4,14.4,139,155,12.6,1462.9,5.2,7.2,73.3,242,52.1,0,0.5,14
1_demultiplex.bc1020--bc1062.hifi_reads,F10,1,sample,2JJ.01,2JJ.01.15,NA,NA,53.606472,-1.497083,8,8,2024,01/01/2024,08/08/2024,220,winter_wheat,NA,OSR,NA,wheat,NA,wheat,NA,OSR,NA,NA,NA,NA,No,N/A,not_seen,not_reported,Yes,No,No,Yes,No,No,No,250 kg/ha,NA,"Nitogen 3 times in the Spring (March, April, May)",NA,NA,NA,NA,NA,NA,Yes,Yes,Yes,No,No tillage,NA,6.4,14.4,139,155,12.6,1462.9,5.2,7.2,73.3,242,52.1,0,0.5,14
1_demultiplex.bc1020--bc1065.hifi_reads,F11,1,sample,2AY.01,2AY.01.02,NA,NA,53.17379,-0.37644,7,8,2024,01/01/2024,08/07/2024,219,group_1,NA,oats,vetch,2nd_wheat,NA,group_1,NA,OSR,NA,NA,NA,Crusoe; skyscraper; crusoe,No,N/A,not_seen,Yes,Yes,Yes,Yes,Yes,No,No,No,Yes,NA,NA,Yes,NA,NA,NA,Yes,NA,Yes,Yes,Yes,Yes,Reduced tillage,NA,NA,NA,NA,NA,NA,NA,NA,NA,NA,NA,NA,NA,NA,NA
1_demultiplex.bc1020--bc1075.hifi_reads,F12,1,gt_control,S3,S3,NA,NA,NA,NA,NA,NA,NA,NA,NA,NA,NA,NA,NA,NA,NA,NA,NA,NA,NA,NA,NA,NA,NA,NA,NA,NA,NA,NA,NA,NA,NA,NA,NA,NA,NA,NA,NA,NA,NA,NA,NA,NA,NA,NA,NA,NA,NA,NA,NA,NA,NA,NA,NA,NA,NA,NA,NA,NA,NA,NA,NA,NA,NA
1_demultiplex.bc1022--bc1033.hifi_reads,G1,1,sample,4QG.01,4QG.01.07,NA,NA,51.261,-0.352722,28,8,2024,01/01/2024,28/08/2024,240,unknown,NA,unknown,NA,unknown,NA,unknown,NA,unknown,NA,NA,NA,unknown,unknown,unknown,unknown,unknown,unknown,unknown,unknown,unknown,unknown,unknown,unknown,unknown,NA,unknown,unknown,NA,NA,NA,unknown,NA,unknown,unknown,unknown,unknown,unknown,NA,7.9,18.8,115,45,13,2827.9,3.3,16.2,222,109,42.4,0,1,19.4
1_demultiplex.bc1022--bc1035.hifi_reads,G2,1,sample,4QG.01,4QG.01.15,NA,NA,51.261,-0.352722,28,8,2024,01/01/2024,28/08/2024,240,unknown,NA,unknown,NA,unknown,NA,unknown,NA,unknown,NA,NA,NA,unknown,unknown,unknown,unknown,unknown,unknown,unknown,unknown,unknown,unknown,unknown,unknown,unknown,NA,unknown,unknown,NA,NA,NA,unknown,NA,unknown,unknown,unknown,unknown,unknown,NA,7.9,18.8,115,45,13,2827.9,3.3,16.2,222,109,42.4,0,1,19.4
1_demultiplex.bc1022--bc1044.hifi_reads,G3,1,sample,8JF.01,8JF.01.02,NA,NA,53.829639,-0.534361,5,8,2024,01/01/2024,08/05/2024,217,winter_wheat,NA,oilseed_rape,NA,winter_wheat,NA,winter_wheat,NA,oilseed_rape,NA,NA,NA,Common wheat/bread wheat,Yes,"Black lesions on roots,Reduced yields",Five years or more,Yes,Yes,Yes,Yes,Yes,Magnesium,No,No,No,NA,Variable,No,NA,NA,NA,NA,NA,Yes,Yes,Yes,Yes,Reduced tillage,NA,7.8,16.8,197,107,14.9,3328.6,5.9,6.6,179.7,177.7,51.4,0,1.1,23.7
1_demultiplex.bc1022--bc1045.hifi_reads,G4,1,sample,8JF.01,8JF.01.10,NA,NA,53.829639,-0.534361,5,8,2024,01/01/2024,08/05/2024,217,winter_wheat,NA,oilseed_rape,NA,winter_wheat,NA,winter_wheat,NA,oilseed_rape,NA,NA,NA,Common wheat/bread wheat,Yes,"Black lesions on roots,Reduced yields",Five years or more,Yes,Yes,Yes,Yes,Yes,Magnesium,No,No,No,NA,Variable,No,NA,NA,NA,NA,NA,Yes,Yes,Yes,Yes,Reduced tillage,NA,7.8,16.8,197,107,14.9,3328.6,5.9,6.6,179.7,177.7,51.4,0,1.1,23.7
1_demultiplex.bc1022--bc1054.hifi_reads,G5,1,sample,8JF.01,8JF.01.18,NA,NA,53.829639,-0.534361,5,8,2024,01/01/2024,08/05/2024,217,winter_wheat,NA,oilseed_rape,NA,winter_wheat,NA,winter_wheat,NA,oilseed_rape,NA,NA,NA,Common wheat/bread wheat,Yes,"Black lesions on roots,Reduced yields",Five years or more,Yes,Yes,Yes,Yes,Yes,Magnesium,No,No,No,NA,Variable,No,NA,NA,NA,NA,NA,Yes,Yes,Yes,Yes,Reduced tillage,NA,7.8,16.8,197,107,14.9,3328.6,5.9,6.6,179.7,177.7,51.4,0,1.1,23.7
1_demultiplex.bc1022--bc1056.hifi_reads,G6,1,sample,5RJ.01,5RJ.01.05,NA,NA,53.217778,-0.16375,6,8,2024,01/01/2024,08/06/2024,218,group_1,NA,combining_peas,NA,group_2,NA,maize_forage,NA,spring_malting_barley,NA,NA,NA,Crusoe; extase,No,N/A,not_seen,Yes,Yes,Yes,Yes,Yes,No,No,No,Yes,NA,NA,Yes,NA,NA,NA,Yes,NA,Yes,Yes,Yes,Yes,Reduced tillage,NA,8,15,239,43,10.8,2496.4,3.5,4.6,61.7,92.2,35.9,0,0.3,17.6
1_demultiplex.bc1022--bc1057.hifi_reads,G7,1,sample,5RJ.01,5RJ.01.13,NA,NA,53.217778,-0.16375,6,8,2024,01/01/2024,08/06/2024,218,group_1,NA,combining_peas,NA,group_2,NA,maize_forage,NA,spring_malting_barley,NA,NA,NA,Crusoe; extase,No,N/A,not_seen,Yes,Yes,Yes,Yes,Yes,No,No,No,Yes,NA,NA,Yes,NA,NA,NA,Yes,NA,Yes,Yes,Yes,Yes,Reduced tillage,NA,8,15,239,43,10.8,2496.4,3.5,4.6,61.7,92.2,35.9,0,0.3,17.6
1_demultiplex.bc1022--bc1059.hifi_reads,G8,1,farmer_kit,5RJ.01,5RJ.1.219.FK,219,SFK,53.217778,-0.16375,6,8,2024,01/01/2024,08/06/2024,218,group_1,NA,combining_peas,NA,group_2,NA,maize_forage,NA,spring_malting_barley,NA,NA,NA,Crusoe; extase,No,N/A,not_seen,Yes,Yes,Yes,Yes,Yes,No,No,No,Yes,NA,NA,Yes,NA,NA,NA,Yes,NA,Yes,Yes,Yes,Yes,Reduced tillage,NA,8,15,239,43,10.8,2496.4,3.5,4.6,61.7,92.2,35.9,0,0.3,17.6
1_demultiplex.bc1022--bc1060.hifi_reads,G9,1,sample,2JJ.01,2JJ.01.08,NA,NA,53.606472,-1.497083,8,8,2024,01/01/2024,08/08/2024,220,winter_wheat,NA,OSR,NA,wheat,NA,wheat,NA,OSR,NA,NA,NA,NA,No,N/A,not_seen,not_reported,Yes,No,No,Yes,No,No,No,250 kg/ha,NA,"Nitogen 3 times in the Spring (March, April, May)",NA,NA,NA,NA,NA,NA,Yes,Yes,Yes,No,No tillage,NA,6.4,14.4,139,155,12.6,1462.9,5.2,7.2,73.3,242,52.1,0,0.5,14
1_demultiplex.bc1022--bc1062.hifi_reads,G10,1,sample,2JJ.01,2JJ.01.16,NA,NA,53.606472,-1.497083,8,8,2024,01/01/2024,08/08/2024,220,winter_wheat,NA,OSR,NA,wheat,NA,wheat,NA,OSR,NA,NA,NA,NA,No,N/A,not_seen,not_reported,Yes,No,No,Yes,No,No,No,250 kg/ha,NA,"Nitogen 3 times in the Spring (March, April, May)",NA,NA,NA,NA,NA,NA,Yes,Yes,Yes,No,No tillage,NA,6.4,14.4,139,155,12.6,1462.9,5.2,7.2,73.3,242,52.1,0,0.5,14
1_demultiplex.bc1022--bc1065.hifi_reads,G11,1,sample,2AY.01,2AY.01.03,NA,NA,53.17379,-0.37644,7,8,2024,01/01/2024,08/07/2024,219,group_1,NA,oats,vetch,2nd_wheat,NA,group_1,NA,OSR,NA,NA,NA,Crusoe; skyscraper; crusoe,No,N/A,not_seen,Yes,Yes,Yes,Yes,Yes,No,No,No,Yes,NA,NA,Yes,NA,NA,NA,Yes,NA,Yes,Yes,Yes,Yes,Reduced tillage,NA,NA,NA,NA,NA,NA,NA,NA,NA,NA,NA,NA,NA,NA,NA
1_demultiplex.bc1022--bc1075.hifi_reads,G12,1,internal_control,EMPTY,EMPTY,NA,NA,NA,NA,NA,NA,NA,NA,NA,NA,NA,NA,NA,NA,NA,NA,NA,NA,NA,NA,NA,NA,NA,NA,NA,NA,NA,NA,NA,NA,NA,NA,NA,NA,NA,NA,NA,NA,NA,NA,NA,NA,NA,NA,NA,NA,NA,NA,NA,NA,NA,NA,NA,NA,NA,NA,NA,NA,NA,NA,NA,NA,NA
1_demultiplex.bc1024--bc1033.hifi_reads,H1,1,sample,4QG.01,4QG.01.08,NA,NA,51.261,-0.352722,28,8,2024,01/01/2024,28/08/2024,240,unknown,NA,unknown,NA,unknown,NA,unknown,NA,unknown,NA,NA,NA,unknown,unknown,unknown,unknown,unknown,unknown,unknown,unknown,unknown,unknown,unknown,unknown,unknown,NA,unknown,unknown,NA,NA,NA,unknown,NA,unknown,unknown,unknown,unknown,unknown,NA,7.9,18.8,115,45,13,2827.9,3.3,16.2,222,109,42.4,0,1,19.4
1_demultiplex.bc1024--bc1035.hifi_reads,H2,1,sample,4QG.01,4QG.01.16,NA,NA,51.261,-0.352722,28,8,2024,01/01/2024,28/08/2024,240,unknown,NA,unknown,NA,unknown,NA,unknown,NA,unknown,NA,NA,NA,unknown,unknown,unknown,unknown,unknown,unknown,unknown,unknown,unknown,unknown,unknown,unknown,unknown,NA,unknown,unknown,NA,NA,NA,unknown,NA,unknown,unknown,unknown,unknown,unknown,NA,7.9,18.8,115,45,13,2827.9,3.3,16.2,222,109,42.4,0,1,19.4
1_demultiplex.bc1024--bc1044.hifi_reads,H3,1,sample,8JF.01,8JF.01.03,NA,NA,53.829639,-0.534361,5,8,2024,01/01/2024,08/05/2024,217,winter_wheat,NA,oilseed_rape,NA,winter_wheat,NA,winter_wheat,NA,oilseed_rape,NA,NA,NA,Common wheat/bread wheat,Yes,"Black lesions on roots,Reduced yields",Five years or more,Yes,Yes,Yes,Yes,Yes,Magnesium,No,No,No,NA,Variable,No,NA,NA,NA,NA,NA,Yes,Yes,Yes,Yes,Reduced tillage,NA,7.8,16.8,197,107,14.9,3328.6,5.9,6.6,179.7,177.7,51.4,0,1.1,23.7
1_demultiplex.bc1024--bc1045.hifi_reads,H4,1,sample,8JF.01,8JF.01.11,NA,NA,53.829639,-0.534361,5,8,2024,01/01/2024,08/05/2024,217,winter_wheat,NA,oilseed_rape,NA,winter_wheat,NA,winter_wheat,NA,oilseed_rape,NA,NA,NA,Common wheat/bread wheat,Yes,"Black lesions on roots,Reduced yields",Five years or more,Yes,Yes,Yes,Yes,Yes,Magnesium,No,No,No,NA,Variable,No,NA,NA,NA,NA,NA,Yes,Yes,Yes,Yes,Reduced tillage,NA,7.8,16.8,197,107,14.9,3328.6,5.9,6.6,179.7,177.7,51.4,0,1.1,23.7
1_demultiplex.bc1024--bc1054.hifi_reads,H5,1,sample,8JF.01,8JF.01.19,NA,NA,53.829639,-0.534361,5,8,2024,01/01/2024,08/05/2024,217,winter_wheat,NA,oilseed_rape,NA,winter_wheat,NA,winter_wheat,NA,oilseed_rape,NA,NA,NA,Common wheat/bread wheat,Yes,"Black lesions on roots,Reduced yields",Five years or more,Yes,Yes,Yes,Yes,Yes,Magnesium,No,No,No,NA,Variable,No,NA,NA,NA,NA,NA,Yes,Yes,Yes,Yes,Reduced tillage,NA,7.8,16.8,197,107,14.9,3328.6,5.9,6.6,179.7,177.7,51.4,0,1.1,23.7
1_demultiplex.bc1024--bc1056.hifi_reads,H6,1,sample,5RJ.01,5RJ.01.06,NA,NA,53.217778,-0.16375,6,8,2024,01/01/2024,08/06/2024,218,group_1,NA,combining_peas,NA,group_2,NA,maize_forage,NA,spring_malting_barley,NA,NA,NA,Crusoe; extase,No,N/A,not_seen,Yes,Yes,Yes,Yes,Yes,No,No,No,Yes,NA,NA,Yes,NA,NA,NA,Yes,NA,Yes,Yes,Yes,Yes,Reduced tillage,NA,8,15,239,43,10.8,2496.4,3.5,4.6,61.7,92.2,35.9,0,0.3,17.6
1_demultiplex.bc1024--bc1057.hifi_reads,H7,1,sample,5RJ.01,5RJ.01.14,NA,NA,53.217778,-0.16375,6,8,2024,01/01/2024,08/06/2024,218,group_1,NA,combining_peas,NA,group_2,NA,maize_forage,NA,spring_malting_barley,NA,NA,NA,Crusoe; extase,No,N/A,not_seen,Yes,Yes,Yes,Yes,Yes,No,No,No,Yes,NA,NA,Yes,NA,NA,NA,Yes,NA,Yes,Yes,Yes,Yes,Reduced tillage,NA,8,15,239,43,10.8,2496.4,3.5,4.6,61.7,92.2,35.9,0,0.3,17.6
1_demultiplex.bc1024--bc1059.hifi_reads,H8,1,sample,2JJ.01,2JJ.01.01,NA,NA,53.606472,-1.497083,8,8,2024,01/01/2024,08/08/2024,220,winter_wheat,NA,OSR,NA,wheat,NA,wheat,NA,OSR,NA,NA,NA,NA,No,N/A,not_seen,not_reported,Yes,No,No,Yes,No,No,No,250 kg/ha,NA,"Nitogen 3 times in the Spring (March, April, May)",NA,NA,NA,NA,NA,NA,Yes,Yes,Yes,No,No tillage,NA,6.4,14.4,139,155,12.6,1462.9,5.2,7.2,73.3,242,52.1,0,0.5,14
1_demultiplex.bc1024--bc1060.hifi_reads,H9,1,sample,2JJ.01,2JJ.01.09,NA,NA,53.606472,-1.497083,8,8,2024,01/01/2024,08/08/2024,220,winter_wheat,NA,OSR,NA,wheat,NA,wheat,NA,OSR,NA,NA,NA,NA,No,N/A,not_seen,not_reported,Yes,No,No,Yes,No,No,No,250 kg/ha,NA,"Nitogen 3 times in the Spring (March, April, May)",NA,NA,NA,NA,NA,NA,Yes,Yes,Yes,No,No tillage,NA,6.4,14.4,139,155,12.6,1462.9,5.2,7.2,73.3,242,52.1,0,0.5,14
1_demultiplex.bc1024--bc1062.hifi_reads,H10,1,sample,2JJ.01,2JJ.01.17,NA,NA,53.606472,-1.497083,8,8,2024,01/01/2024,08/08/2024,220,winter_wheat,NA,OSR,NA,wheat,NA,wheat,NA,OSR,NA,NA,NA,NA,No,N/A,not_seen,not_reported,Yes,No,No,Yes,No,No,No,250 kg/ha,NA,"Nitogen 3 times in the Spring (March, April, May)",NA,NA,NA,NA,NA,NA,Yes,Yes,Yes,No,No tillage,NA,6.4,14.4,139,155,12.6,1462.9,5.2,7.2,73.3,242,52.1,0,0.5,14
1_demultiplex.bc1024--bc1065.hifi_reads,H11,1,sample,2AY.01,2AY.01.04,NA,NA,53.17379,-0.37644,7,8,2024,01/01/2024,08/07/2024,219,group_1,NA,oats,vetch,2nd_wheat,NA,group_1,NA,OSR,NA,NA,NA,Crusoe; skyscraper; crusoe,No,N/A,not_seen,Yes,Yes,Yes,Yes,Yes,No,No,No,Yes,NA,NA,Yes,NA,NA,NA,Yes,NA,Yes,Yes,Yes,Yes,Reduced tillage,NA,NA,NA,NA,NA,NA,NA,NA,NA,NA,NA,NA,NA,NA,NA
1_demultiplex.bc1024--bc1075.hifi_reads,H12,1,internal_control,EMPTY,EMPTY,NA,NA,NA,NA,NA,NA,NA,NA,NA,NA,NA,NA,NA,NA,NA,NA,NA,NA,NA,NA,NA,NA,NA,NA,NA,NA,NA,NA,NA,NA,NA,NA,NA,NA,NA,NA,NA,NA,NA,NA,NA,NA,NA,NA,NA,NA,NA,NA,NA,NA,NA,NA,NA,NA,NA,NA,NA,NA,NA,NA,NA,NA,NA
1_demultiplex.bc1005--bc1076.hifi_reads,A1,1,sample,2AY.01,2AY.01.11,NA,NA,53.17379,-0.37644,7,8,2024,01/01/2024,08/07/2024,219,group_1,NA,oats,vetch,2nd_wheat,NA,group_1,NA,OSR,NA,NA,NA,Crusoe; skyscraper; crusoe,No,N/A,not_seen,Yes,Yes,Yes,Yes,Yes,No,No,No,Yes,NA,NA,Yes,NA,NA,NA,Yes,NA,Yes,Yes,Yes,Yes,Reduced tillage,NA,NA,NA,NA,NA,NA,NA,NA,NA,NA,NA,NA,NA,NA,NA
1_demultiplex.bc1005--bc1082.hifi_reads,A2,1,sample,2AY.01,2AY.01.19,NA,NA,53.17379,-0.37644,7,8,2024,01/01/2024,08/07/2024,219,group_1,NA,oats,vetch,2nd_wheat,NA,group_1,NA,OSR,NA,NA,NA,Crusoe; skyscraper; crusoe,No,N/A,not_seen,Yes,Yes,Yes,Yes,Yes,No,No,No,Yes,NA,NA,Yes,NA,NA,NA,Yes,NA,Yes,Yes,Yes,Yes,Reduced tillage,NA,NA,NA,NA,NA,NA,NA,NA,NA,NA,NA,NA,NA,NA,NA
1_demultiplex.bc1005--bc1083.hifi_reads,A3,1,sample,4QG.03,4QG.03.04,NA,NA,51.264389,-0.35525,28,8,2024,01/01/2024,28/08/2024,240,unknown,NA,unknown,NA,unknown,NA,unknown,NA,unknown,NA,NA,NA,unknown,unknown,unknown,unknown,unknown,unknown,unknown,unknown,unknown,unknown,unknown,unknown,unknown,NA,unknown,unknown,NA,NA,NA,unknown,NA,unknown,unknown,unknown,unknown,unknown,NA,7.3,32.8,247,96,22.4,2924.2,5,6.9,143.8,241.9,62.5,0,1,21.1
1_demultiplex.bc1005--bc1089.hifi_reads,A4,1,sample,4QG.03,4QG.03.12,NA,NA,51.264389,-0.35525,28,8,2024,01/01/2024,28/08/2024,240,unknown,NA,unknown,NA,unknown,NA,unknown,NA,unknown,NA,NA,NA,unknown,unknown,unknown,unknown,unknown,unknown,unknown,unknown,unknown,unknown,unknown,unknown,unknown,NA,unknown,unknown,NA,NA,NA,unknown,NA,unknown,unknown,unknown,unknown,unknown,NA,7.3,32.8,247,96,22.4,2924.2,5,6.9,143.8,241.9,62.5,0,1,21.1
1_demultiplex.bc1005--bc1096.hifi_reads,A5,1,sample,4QG.03,4QG.03.20,NA,NA,51.264389,-0.35525,28,8,2024,01/01/2024,28/08/2024,240,unknown,NA,unknown,NA,unknown,NA,unknown,NA,unknown,NA,NA,NA,unknown,unknown,unknown,unknown,unknown,unknown,unknown,unknown,unknown,unknown,unknown,unknown,unknown,NA,unknown,unknown,NA,NA,NA,unknown,NA,unknown,unknown,unknown,unknown,unknown,NA,7.3,32.8,247,96,22.4,2924.2,5,6.9,143.8,241.9,62.5,0,1,21.1
1_demultiplex.bc1005--bc1098.hifi_reads,A6,1,sample,4QG.02,4QG.02.07,NA,NA,51.260778,-0.35475,28,8,2024,01/01/2024,28/08/2024,240,unknown,NA,unknown,NA,unknown,NA,unknown,NA,unknown,NA,NA,NA,unknown,unknown,unknown,unknown,unknown,unknown,unknown,unknown,unknown,unknown,unknown,unknown,unknown,NA,unknown,unknown,NA,NA,NA,unknown,NA,unknown,unknown,unknown,unknown,unknown,NA,8,17,126,37,16.3,2475.6,3.7,24.7,100.5,74.7,42,0,0.3,17.1
1_demultiplex.bc1005--bc1100.hifi_reads,A7,1,sample,4QG.02,4QG.02.15,NA,NA,51.260778,-0.35475,28,8,2024,01/01/2024,28/08/2024,240,unknown,NA,unknown,NA,unknown,NA,unknown,NA,unknown,NA,NA,NA,unknown,unknown,unknown,unknown,unknown,unknown,unknown,unknown,unknown,unknown,unknown,unknown,unknown,NA,unknown,unknown,NA,NA,NA,unknown,NA,unknown,unknown,unknown,unknown,unknown,NA,8,17,126,37,16.3,2475.6,3.7,24.7,100.5,74.7,42,0,0.3,17.1
1_demultiplex.bc1005--bc1101.hifi_reads,A8,1,farmer_kit,6RX.01,6RX.1.46.FK,46,FFK,52.857397,0.535569,19,8,2024,01/01/2024,19/08/2024,231,winter_wheat,NA,spring_barley,NA,sugar_beet,NA,winter_wheat,NA,spring_barley,NA,NA,NA,Common wheat/bread wheat,No,N/A,not_seen,Yes,Yes,Yes,Yes,No,No,No,No,Yes,NA,NA,Yes,NA,NA,NA,NA,every 4 years,Yes,Yes,Yes,Yes,Reduced tillage,NA,7.9,19.2,151,35,8.7,1992.9,2.6,5,118.9,87.1,56.3,0,0.4,13.9
1_demultiplex.bc1005--bc1105.hifi_reads,A9,1,sample,9HF.01,9HF.01.08,NA,NA,51.546639,-1.275528,26,9,2024,01/01/2024,26/09/2024,269,group_2_2nd ,NA,seed_wheat,NA,OSR,NA,group_3 ,NA,Poppy,NA,NA,NA,NA,No,N/A,not_seen,Yes,Yes,Yes,No,Yes,No,No,No,Yes,NA,Per crop requirements,Yes,NA,NA,NA,Yes,NA,Yes,Yes,Yes,Yes,Primary tilling,NA,7.7,21.8,106,101,10.7,3545.5,3.8,4.8,64.8,143.6,52.2,0,0.3,24.6
1_demultiplex.bc1005--bc1107.hifi_reads,A10,1,sample,9HF.01,9HF.01.16,NA,NA,51.546639,-1.275528,26,9,2024,01/01/2024,26/09/2024,269,group_2_2nd ,NA,seed_wheat,NA,OSR,NA,group_3 ,NA,Poppy,NA,NA,NA,NA,No,N/A,not_seen,Yes,Yes,Yes,No,Yes,No,No,No,Yes,NA,Per crop requirements,Yes,NA,NA,NA,Yes,NA,Yes,Yes,Yes,Yes,Primary tilling,NA,7.7,21.8,106,101,10.7,3545.5,3.8,4.8,64.8,143.6,52.2,0,0.3,24.6
1_demultiplex.bc1005--bc1110.hifi_reads,A11,1,sample,4LQ.02,4LQ.02.03,NA,NA,51.22593,1.22016,20,8,2024,01/01/2024,20/08/2024,232,winter_wheat,NA,winter_oats,NA,winter_wheat,NA,winter_wheat,NA,winter_beans,NA,NA,NA,Common wheat/bread wheat; Heritage wheat,No,N/A,not_seen,Yes,Yes,Yes,Yes,Yes,No,Yes,No,No,NA,NA,Yes,NA,NA,NA,NA,Every three years,Yes,NA,NA,No,No tillage,NA,8,71.6,294,46,12.4,2659,6,9.9,97.1,113.9,44.8,0,0.5,18.9
1_demultiplex.bc1005--bc1112.hifi_reads,A12,1,sample,4LQ.02,4LQ.02.11,NA,NA,51.22593,1.22016,20,8,2024,01/01/2024,20/08/2024,232,winter_wheat,NA,winter_oats,NA,winter_wheat,NA,winter_wheat,NA,winter_beans,NA,NA,NA,Common wheat/bread wheat; Heritage wheat,No,N/A,not_seen,Yes,Yes,Yes,Yes,Yes,No,Yes,No,No,NA,NA,Yes,NA,NA,NA,NA,Every three years,Yes,NA,NA,No,No tillage,NA,8,71.6,294,46,12.4,2659,6,9.9,97.1,113.9,44.8,0,0.5,18.9
1_demultiplex.bc1007--bc1076.hifi_reads,B1,1,sample,2AY.01,2AY.01.12,NA,NA,53.17379,-0.37644,7,8,2024,01/01/2024,08/07/2024,219,group_1,NA,oats,vetch,2nd_wheat,NA,group_1,NA,OSR,NA,NA,NA,Crusoe; skyscraper; crusoe,No,N/A,not_seen,Yes,Yes,Yes,Yes,Yes,No,No,No,Yes,NA,NA,Yes,NA,NA,NA,Yes,NA,Yes,Yes,Yes,Yes,Reduced tillage,NA,NA,NA,NA,NA,NA,NA,NA,NA,NA,NA,NA,NA,NA,NA
1_demultiplex.bc1007--bc1082.hifi_reads,B2,1,sample,2AY.01,2AY.01.20,NA,NA,53.17379,-0.37644,7,8,2024,01/01/2024,08/07/2024,219,group_1,NA,oats,vetch,2nd_wheat,NA,group_1,NA,OSR,NA,NA,NA,Crusoe; skyscraper; crusoe,No,N/A,not_seen,Yes,Yes,Yes,Yes,Yes,No,No,No,Yes,NA,NA,Yes,NA,NA,NA,Yes,NA,Yes,Yes,Yes,Yes,Reduced tillage,NA,NA,NA,NA,NA,NA,NA,NA,NA,NA,NA,NA,NA,NA,NA
1_demultiplex.bc1007--bc1083.hifi_reads,B3,1,sample,4QG.03,4QG.03.05,NA,NA,51.264389,-0.35525,28,8,2024,01/01/2024,28/08/2024,240,unknown,NA,unknown,NA,unknown,NA,unknown,NA,unknown,NA,NA,NA,unknown,unknown,unknown,unknown,unknown,unknown,unknown,unknown,unknown,unknown,unknown,unknown,unknown,NA,unknown,unknown,NA,NA,NA,unknown,NA,unknown,unknown,unknown,unknown,unknown,NA,7.3,32.8,247,96,22.4,2924.2,5,6.9,143.8,241.9,62.5,0,1,21.1
1_demultiplex.bc1007--bc1089.hifi_reads,B4,1,sample,4QG.03,4QG.03.13,NA,NA,51.264389,-0.35525,28,8,2024,01/01/2024,28/08/2024,240,unknown,NA,unknown,NA,unknown,NA,unknown,NA,unknown,NA,NA,NA,unknown,unknown,unknown,unknown,unknown,unknown,unknown,unknown,unknown,unknown,unknown,unknown,unknown,NA,unknown,unknown,NA,NA,NA,unknown,NA,unknown,unknown,unknown,unknown,unknown,NA,7.3,32.8,247,96,22.4,2924.2,5,6.9,143.8,241.9,62.5,0,1,21.1
1_demultiplex.bc1007--bc1096.hifi_reads,B5,1,farmer_kit,4QG.03,4QG.3.27.FK,27,SFK,51.264389,-0.35525,28,8,2024,01/01/2024,28/08/2024,240,unknown,NA,unknown,NA,unknown,NA,unknown,NA,unknown,NA,NA,NA,unknown,unknown,unknown,unknown,unknown,unknown,unknown,unknown,unknown,unknown,unknown,unknown,unknown,NA,unknown,unknown,NA,NA,NA,unknown,NA,unknown,unknown,unknown,unknown,unknown,NA,7.3,32.8,247,96,22.4,2924.2,5,6.9,143.8,241.9,62.5,0,1,21.1
1_demultiplex.bc1007--bc1098.hifi_reads,B6,1,sample,4QG.02,4QG.02.08,NA,NA,51.260778,-0.35475,28,8,2024,01/01/2024,28/08/2024,240,unknown,NA,unknown,NA,unknown,NA,unknown,NA,unknown,NA,NA,NA,unknown,unknown,unknown,unknown,unknown,unknown,unknown,unknown,unknown,unknown,unknown,unknown,unknown,NA,unknown,unknown,NA,NA,NA,unknown,NA,unknown,unknown,unknown,unknown,unknown,NA,8,17,126,37,16.3,2475.6,3.7,24.7,100.5,74.7,42,0,0.3,17.1
1_demultiplex.bc1007--bc1100.hifi_reads,B7,1,sample,4QG.02,4QG.02.16,NA,NA,51.260778,-0.35475,28,8,2024,01/01/2024,28/08/2024,240,unknown,NA,unknown,NA,unknown,NA,unknown,NA,unknown,NA,NA,NA,unknown,unknown,unknown,unknown,unknown,unknown,unknown,unknown,unknown,unknown,unknown,unknown,unknown,NA,unknown,unknown,NA,NA,NA,unknown,NA,unknown,unknown,unknown,unknown,unknown,NA,8,17,126,37,16.3,2475.6,3.7,24.7,100.5,74.7,42,0,0.3,17.1
1_demultiplex.bc1007--bc1101.hifi_reads,B8,1,sample,9HF.01,9HF.01.01,NA,NA,51.546639,-1.275528,26,9,2024,01/01/2024,26/09/2024,269,group_2_2nd ,NA,seed_wheat,NA,OSR,NA,group_3 ,NA,Poppy,NA,NA,NA,NA,No,N/A,not_seen,Yes,Yes,Yes,No,Yes,No,No,No,Yes,NA,Per crop requirements,Yes,NA,NA,NA,Yes,NA,Yes,Yes,Yes,Yes,Primary tilling,NA,7.7,21.8,106,101,10.7,3545.5,3.8,4.8,64.8,143.6,52.2,0,0.3,24.6
1_demultiplex.bc1007--bc1105.hifi_reads,B9,1,sample,9HF.01,9HF.01.09,NA,NA,51.546639,-1.275528,26,9,2024,01/01/2024,26/09/2024,269,group_2_2nd ,NA,seed_wheat,NA,OSR,NA,group_3 ,NA,Poppy,NA,NA,NA,NA,No,N/A,not_seen,Yes,Yes,Yes,No,Yes,No,No,No,Yes,NA,Per crop requirements,Yes,NA,NA,NA,Yes,NA,Yes,Yes,Yes,Yes,Primary tilling,NA,7.7,21.8,106,101,10.7,3545.5,3.8,4.8,64.8,143.6,52.2,0,0.3,24.6
1_demultiplex.bc1007--bc1107.hifi_reads,B10,1,sample,9HF.01,9HF.01.17,NA,NA,51.546639,-1.275528,26,9,2024,01/01/2024,26/09/2024,269,group_2_2nd ,NA,seed_wheat,NA,OSR,NA,group_3 ,NA,Poppy,NA,NA,NA,NA,No,N/A,not_seen,Yes,Yes,Yes,No,Yes,No,No,No,Yes,NA,Per crop requirements,Yes,NA,NA,NA,Yes,NA,Yes,Yes,Yes,Yes,Primary tilling,NA,7.7,21.8,106,101,10.7,3545.5,3.8,4.8,64.8,143.6,52.2,0,0.3,24.6
1_demultiplex.bc1007--bc1110.hifi_reads,B11,1,sample,4LQ.02,4LQ.02.04,NA,NA,51.22593,1.22016,20,8,2024,01/01/2024,20/08/2024,232,winter_wheat,NA,winter_oats,NA,winter_wheat,NA,winter_wheat,NA,winter_beans,NA,NA,NA,Common wheat/bread wheat; Heritage wheat,No,N/A,not_seen,Yes,Yes,Yes,Yes,Yes,No,Yes,No,No,NA,NA,Yes,NA,NA,NA,NA,Every three years,Yes,NA,NA,No,No tillage,NA,8,71.6,294,46,12.4,2659,6,9.9,97.1,113.9,44.8,0,0.5,18.9
1_demultiplex.bc1007--bc1112.hifi_reads,B12,1,sample,4LQ.02,4LQ.02.12,NA,NA,51.22593,1.22016,20,8,2024,01/01/2024,20/08/2024,232,winter_wheat,NA,winter_oats,NA,winter_wheat,NA,winter_wheat,NA,winter_beans,NA,NA,NA,Common wheat/bread wheat; Heritage wheat,No,N/A,not_seen,Yes,Yes,Yes,Yes,Yes,No,Yes,No,No,NA,NA,Yes,NA,NA,NA,NA,Every three years,Yes,NA,NA,No,No tillage,NA,8,71.6,294,46,12.4,2659,6,9.9,97.1,113.9,44.8,0,0.5,18.9
1_demultiplex.bc1008--bc1076.hifi_reads,C1,1,sample,2AY.01,2AY.01.13,NA,NA,53.17379,-0.37644,7,8,2024,01/01/2024,08/07/2024,219,group_1,NA,oats,vetch,2nd_wheat,NA,group_1,NA,OSR,NA,NA,NA,Crusoe; skyscraper; crusoe,No,N/A,not_seen,Yes,Yes,Yes,Yes,Yes,No,No,No,Yes,NA,NA,Yes,NA,NA,NA,Yes,NA,Yes,Yes,Yes,Yes,Reduced tillage,NA,NA,NA,NA,NA,NA,NA,NA,NA,NA,NA,NA,NA,NA,NA
1_demultiplex.bc1008--bc1082.hifi_reads,C2,1,farmer_kit,8HQ.02,8HQ.2.224.FK,224,SFK,53.11209,0.05528,8,8,2024,01/01/2024,20/08/2024,232,group_2,NA,pre_pack,NA,group_2,NA,maize_forage,NA,spring_wheat,NA,NA,NA,Extase; Astronomer,No,N/A,not_seen,Yes,Yes,Yes,Yes,Yes,No,No,No,Yes,NA,NA,Yes,NA,NA,NA,Yes,NA,Yes,Yes,Yes,Yes,Reduced tillage,NA,7.6,29.4,330,309,20.8,3178.2,9.6,4.8,76.4,405.3,59,0,0.7,26.1
1_demultiplex.bc1008--bc1083.hifi_reads,C3,1,sample,4QG.03,4QG.03.06,NA,NA,51.264389,-0.35525,28,8,2024,01/01/2024,28/08/2024,240,unknown,NA,unknown,NA,unknown,NA,unknown,NA,unknown,NA,NA,NA,unknown,unknown,unknown,unknown,unknown,unknown,unknown,unknown,unknown,unknown,unknown,unknown,unknown,NA,unknown,unknown,NA,NA,NA,unknown,NA,unknown,unknown,unknown,unknown,unknown,NA,7.3,32.8,247,96,22.4,2924.2,5,6.9,143.8,241.9,62.5,0,1,21.1
1_demultiplex.bc1008--bc1089.hifi_reads,C4,1,sample,4QG.03,4QG.03.14,NA,NA,51.264389,-0.35525,28,8,2024,01/01/2024,28/08/2024,240,unknown,NA,unknown,NA,unknown,NA,unknown,NA,unknown,NA,NA,NA,unknown,unknown,unknown,unknown,unknown,unknown,unknown,unknown,unknown,unknown,unknown,unknown,unknown,NA,unknown,unknown,NA,NA,NA,unknown,NA,unknown,unknown,unknown,unknown,unknown,NA,7.3,32.8,247,96,22.4,2924.2,5,6.9,143.8,241.9,62.5,0,1,21.1
1_demultiplex.bc1008--bc1096.hifi_reads,C5,1,sample,4QG.02,4QG.02.01,NA,NA,51.260778,-0.35475,28,8,2024,01/01/2024,28/08/2024,240,unknown,NA,unknown,NA,unknown,NA,unknown,NA,unknown,NA,NA,NA,unknown,unknown,unknown,unknown,unknown,unknown,unknown,unknown,unknown,unknown,unknown,unknown,unknown,NA,unknown,unknown,NA,NA,NA,unknown,NA,unknown,unknown,unknown,unknown,unknown,NA,8,17,126,37,16.3,2475.6,3.7,24.7,100.5,74.7,42,0,0.3,17.1
1_demultiplex.bc1008--bc1098.hifi_reads,C6,1,sample,4QG.02,4QG.02.09,NA,NA,51.260778,-0.35475,28,8,2024,01/01/2024,28/08/2024,240,unknown,NA,unknown,NA,unknown,NA,unknown,NA,unknown,NA,NA,NA,unknown,unknown,unknown,unknown,unknown,unknown,unknown,unknown,unknown,unknown,unknown,unknown,unknown,NA,unknown,unknown,NA,NA,NA,unknown,NA,unknown,unknown,unknown,unknown,unknown,NA,8,17,126,37,16.3,2475.6,3.7,24.7,100.5,74.7,42,0,0.3,17.1
1_demultiplex.bc1008--bc1100.hifi_reads,C7,1,sample,4QG.02,4QG.02.17,NA,NA,51.260778,-0.35475,28,8,2024,01/01/2024,28/08/2024,240,unknown,NA,unknown,NA,unknown,NA,unknown,NA,unknown,NA,NA,NA,unknown,unknown,unknown,unknown,unknown,unknown,unknown,unknown,unknown,unknown,unknown,unknown,unknown,NA,unknown,unknown,NA,NA,NA,unknown,NA,unknown,unknown,unknown,unknown,unknown,NA,8,17,126,37,16.3,2475.6,3.7,24.7,100.5,74.7,42,0,0.3,17.1
1_demultiplex.bc1008--bc1101.hifi_reads,C8,1,sample,9HF.01,9HF.01.02,NA,NA,51.546639,-1.275528,26,9,2024,01/01/2024,26/09/2024,269,group_2_2nd ,NA,seed_wheat,NA,OSR,NA,group_3 ,NA,Poppy,NA,NA,NA,NA,No,N/A,not_seen,Yes,Yes,Yes,No,Yes,No,No,No,Yes,NA,Per crop requirements,Yes,NA,NA,NA,Yes,NA,Yes,Yes,Yes,Yes,Primary tilling,NA,7.7,21.8,106,101,10.7,3545.5,3.8,4.8,64.8,143.6,52.2,0,0.3,24.6
1_demultiplex.bc1008--bc1105.hifi_reads,C9,1,sample,9HF.01,9HF.01.10,NA,NA,51.546639,-1.275528,26,9,2024,01/01/2024,26/09/2024,269,group_2_2nd ,NA,seed_wheat,NA,OSR,NA,group_3 ,NA,Poppy,NA,NA,NA,NA,No,N/A,not_seen,Yes,Yes,Yes,No,Yes,No,No,No,Yes,NA,Per crop requirements,Yes,NA,NA,NA,Yes,NA,Yes,Yes,Yes,Yes,Primary tilling,NA,7.7,21.8,106,101,10.7,3545.5,3.8,4.8,64.8,143.6,52.2,0,0.3,24.6
1_demultiplex.bc1008--bc1107.hifi_reads,C10,1,sample,9HF.01,9HF.01.18,NA,NA,51.546639,-1.275528,26,9,2024,01/01/2024,26/09/2024,269,group_2_2nd ,NA,seed_wheat,NA,OSR,NA,group_3 ,NA,Poppy,NA,NA,NA,NA,No,N/A,not_seen,Yes,Yes,Yes,No,Yes,No,No,No,Yes,NA,Per crop requirements,Yes,NA,NA,NA,Yes,NA,Yes,Yes,Yes,Yes,Primary tilling,NA,7.7,21.8,106,101,10.7,3545.5,3.8,4.8,64.8,143.6,52.2,0,0.3,24.6
1_demultiplex.bc1008--bc1110.hifi_reads,C11,1,sample,4LQ.02,4LQ.02.05,NA,NA,51.22593,1.22016,20,8,2024,01/01/2024,20/08/2024,232,winter_wheat,NA,winter_oats,NA,winter_wheat,NA,winter_wheat,NA,winter_beans,NA,NA,NA,Common wheat/bread wheat; Heritage wheat,No,N/A,not_seen,Yes,Yes,Yes,Yes,Yes,No,Yes,No,No,NA,NA,Yes,NA,NA,NA,NA,Every three years,Yes,NA,NA,No,No tillage,NA,8,71.6,294,46,12.4,2659,6,9.9,97.1,113.9,44.8,0,0.5,18.9
1_demultiplex.bc1008--bc1112.hifi_reads,C12,1,sample,4LQ.02,4LQ.02.13,NA,NA,51.22593,1.22016,20,8,2024,01/01/2024,20/08/2024,232,winter_wheat,NA,winter_oats,NA,winter_wheat,NA,winter_wheat,NA,winter_beans,NA,NA,NA,Common wheat/bread wheat; Heritage wheat,No,N/A,not_seen,Yes,Yes,Yes,Yes,Yes,No,Yes,No,No,NA,NA,Yes,NA,NA,NA,NA,Every three years,Yes,NA,NA,No,No tillage,NA,8,71.6,294,46,12.4,2659,6,9.9,97.1,113.9,44.8,0,0.5,18.9
1_demultiplex.bc1012--bc1082.hifi_reads,D2,1,phantom,FK161N,FK161N,161N,NA,NA,NA,NA,NA,NA,NA,NA,NA,unknown,NA,unknown,NA,unknown,NA,unknown,NA,unknown,NA,NA,NA,unknown,unknown,unknown,unknown,unknown,unknown,unknown,unknown,unknown,unknown,unknown,unknown,unknown,NA,unknown,unknown,NA,NA,NA,unknown,NA,unknown,unknown,unknown,unknown,unknown,NA,NA,NA,NA,NA,NA,NA,NA,NA,NA,NA,NA,NA,NA,NA
1_demultiplex.bc1012--bc1083.hifi_reads,D3,1,sample,4QG.03,4QG.03.07,NA,NA,51.264389,-0.35525,28,8,2024,01/01/2024,28/08/2024,240,unknown,NA,unknown,NA,unknown,NA,unknown,NA,unknown,NA,NA,NA,unknown,unknown,unknown,unknown,unknown,unknown,unknown,unknown,unknown,unknown,unknown,unknown,unknown,NA,unknown,unknown,NA,NA,NA,unknown,NA,unknown,unknown,unknown,unknown,unknown,NA,7.3,32.8,247,96,22.4,2924.2,5,6.9,143.8,241.9,62.5,0,1,21.1
1_demultiplex.bc1012--bc1089.hifi_reads,D4,1,sample,4QG.03,4QG.03.15,NA,NA,51.264389,-0.35525,28,8,2024,01/01/2024,28/08/2024,240,unknown,NA,unknown,NA,unknown,NA,unknown,NA,unknown,NA,NA,NA,unknown,unknown,unknown,unknown,unknown,unknown,unknown,unknown,unknown,unknown,unknown,unknown,unknown,NA,unknown,unknown,NA,NA,NA,unknown,NA,unknown,unknown,unknown,unknown,unknown,NA,7.3,32.8,247,96,22.4,2924.2,5,6.9,143.8,241.9,62.5,0,1,21.1
1_demultiplex.bc1012--bc1096.hifi_reads,D5,1,sample,4QG.02,4QG.02.02,NA,NA,51.260778,-0.35475,28,8,2024,01/01/2024,28/08/2024,240,unknown,NA,unknown,NA,unknown,NA,unknown,NA,unknown,NA,NA,NA,unknown,unknown,unknown,unknown,unknown,unknown,unknown,unknown,unknown,unknown,unknown,unknown,unknown,NA,unknown,unknown,NA,NA,NA,unknown,NA,unknown,unknown,unknown,unknown,unknown,NA,8,17,126,37,16.3,2475.6,3.7,24.7,100.5,74.7,42,0,0.3,17.1
1_demultiplex.bc1012--bc1098.hifi_reads,D6,1,sample,4QG.02,4QG.02.10,NA,NA,51.260778,-0.35475,28,8,2024,01/01/2024,28/08/2024,240,unknown,NA,unknown,NA,unknown,NA,unknown,NA,unknown,NA,NA,NA,unknown,unknown,unknown,unknown,unknown,unknown,unknown,unknown,unknown,unknown,unknown,unknown,unknown,NA,unknown,unknown,NA,NA,NA,unknown,NA,unknown,unknown,unknown,unknown,unknown,NA,8,17,126,37,16.3,2475.6,3.7,24.7,100.5,74.7,42,0,0.3,17.1
1_demultiplex.bc1012--bc1100.hifi_reads,D7,1,sample,4QG.02,4QG.02.18,NA,NA,51.260778,-0.35475,28,8,2024,01/01/2024,28/08/2024,240,unknown,NA,unknown,NA,unknown,NA,unknown,NA,unknown,NA,NA,NA,unknown,unknown,unknown,unknown,unknown,unknown,unknown,unknown,unknown,unknown,unknown,unknown,unknown,NA,unknown,unknown,NA,NA,NA,unknown,NA,unknown,unknown,unknown,unknown,unknown,NA,8,17,126,37,16.3,2475.6,3.7,24.7,100.5,74.7,42,0,0.3,17.1
1_demultiplex.bc1012--bc1101.hifi_reads,D8,1,sample,9HF.01,9HF.01.03,NA,NA,51.546639,-1.275528,26,9,2024,01/01/2024,26/09/2024,269,group_2_2nd ,NA,seed_wheat,NA,OSR,NA,group_3 ,NA,Poppy,NA,NA,NA,NA,No,N/A,not_seen,Yes,Yes,Yes,No,Yes,No,No,No,Yes,NA,Per crop requirements,Yes,NA,NA,NA,Yes,NA,Yes,Yes,Yes,Yes,Primary tilling,NA,7.7,21.8,106,101,10.7,3545.5,3.8,4.8,64.8,143.6,52.2,0,0.3,24.6
1_demultiplex.bc1012--bc1105.hifi_reads,D9,1,sample,9HF.01,9HF.01.11,NA,NA,51.546639,-1.275528,26,9,2024,01/01/2024,26/09/2024,269,group_2_2nd ,NA,seed_wheat,NA,OSR,NA,group_3 ,NA,Poppy,NA,NA,NA,NA,No,N/A,not_seen,Yes,Yes,Yes,No,Yes,No,No,No,Yes,NA,Per crop requirements,Yes,NA,NA,NA,Yes,NA,Yes,Yes,Yes,Yes,Primary tilling,NA,7.7,21.8,106,101,10.7,3545.5,3.8,4.8,64.8,143.6,52.2,0,0.3,24.6
1_demultiplex.bc1012--bc1107.hifi_reads,D10,1,sample,9HF.01,9HF.01.19,NA,NA,51.546639,-1.275528,26,9,2024,01/01/2024,26/09/2024,269,group_2_2nd ,NA,seed_wheat,NA,OSR,NA,group_3 ,NA,Poppy,NA,NA,NA,NA,No,N/A,not_seen,Yes,Yes,Yes,No,Yes,No,No,No,Yes,NA,Per crop requirements,Yes,NA,NA,NA,Yes,NA,Yes,Yes,Yes,Yes,Primary tilling,NA,7.7,21.8,106,101,10.7,3545.5,3.8,4.8,64.8,143.6,52.2,0,0.3,24.6
1_demultiplex.bc1012--bc1110.hifi_reads,D11,1,sample,4LQ.02,4LQ.02.06,NA,NA,51.22593,1.22016,20,8,2024,01/01/2024,20/08/2024,232,winter_wheat,NA,winter_oats,NA,winter_wheat,NA,winter_wheat,NA,winter_beans,NA,NA,NA,Common wheat/bread wheat; Heritage wheat,No,N/A,not_seen,Yes,Yes,Yes,Yes,Yes,No,Yes,No,No,NA,NA,Yes,NA,NA,NA,NA,Every three years,Yes,NA,NA,No,No tillage,NA,8,71.6,294,46,12.4,2659,6,9.9,97.1,113.9,44.8,0,0.5,18.9
1_demultiplex.bc1012--bc1112.hifi_reads,D12,1,gt_control,S1,S1,NA,NA,NA,NA,NA,NA,NA,NA,NA,NA,NA,NA,NA,NA,NA,NA,NA,NA,NA,NA,NA,NA,NA,NA,NA,NA,NA,NA,NA,NA,NA,NA,NA,NA,NA,NA,NA,NA,NA,NA,NA,NA,NA,NA,NA,NA,NA,NA,NA,NA,NA,NA,NA,NA,NA,NA,NA,NA,NA,NA,NA,NA,NA
1_demultiplex.bc1015--bc1076.hifi_reads,E1,1,sample,2AY.01,2AY.01.15,NA,NA,53.17379,-0.37644,7,8,2024,01/01/2024,08/07/2024,219,group_1,NA,oats,vetch,2nd_wheat,NA,group_1,NA,OSR,NA,NA,NA,Crusoe; skyscraper; crusoe,No,N/A,not_seen,Yes,Yes,Yes,Yes,Yes,No,No,No,Yes,NA,NA,Yes,NA,NA,NA,Yes,NA,Yes,Yes,Yes,Yes,Reduced tillage,NA,NA,NA,NA,NA,NA,NA,NA,NA,NA,NA,NA,NA,NA,NA
1_demultiplex.bc1015--bc1082.hifi_reads,E2,1,farmer_kit,5RJ.03,5RJ.3.217.FK,217,IFK,53.216194,-0.159944,6,8,2024,01/01/2024,08/06/2024,218,feed_wheat,NA,pre_pack,NA,group_2,NA,maize_forage,NA,spring_wheat,NA,NA,NA,Crusoe; Extase,No,N/A,not_seen,Yes,Yes,Yes,Yes,Yes,No,No,No,Yes,NA,NA,Yes,NA,NA,NA,Yes,NA,Yes,Yes,Yes,Yes,Reduced tillage,NA,8.2,19.6,209,41,14.7,2299,3.8,5.3,42.8,60.5,28.9,0,0.2,16.2
1_demultiplex.bc1015--bc1083.hifi_reads,E3,1,sample,4QG.03,4QG.03.08,NA,NA,51.264389,-0.35525,28,8,2024,01/01/2024,28/08/2024,240,unknown,NA,unknown,NA,unknown,NA,unknown,NA,unknown,NA,NA,NA,unknown,unknown,unknown,unknown,unknown,unknown,unknown,unknown,unknown,unknown,unknown,unknown,unknown,NA,unknown,unknown,NA,NA,NA,unknown,NA,unknown,unknown,unknown,unknown,unknown,NA,7.3,32.8,247,96,22.4,2924.2,5,6.9,143.8,241.9,62.5,0,1,21.1
1_demultiplex.bc1015--bc1089.hifi_reads,E4,1,sample,4QG.03,4QG.03.16,NA,NA,51.264389,-0.35525,28,8,2024,01/01/2024,28/08/2024,240,unknown,NA,unknown,NA,unknown,NA,unknown,NA,unknown,NA,NA,NA,unknown,unknown,unknown,unknown,unknown,unknown,unknown,unknown,unknown,unknown,unknown,unknown,unknown,NA,unknown,unknown,NA,NA,NA,unknown,NA,unknown,unknown,unknown,unknown,unknown,NA,7.3,32.8,247,96,22.4,2924.2,5,6.9,143.8,241.9,62.5,0,1,21.1
1_demultiplex.bc1015--bc1096.hifi_reads,E5,1,sample,4QG.02,4QG.02.03,NA,NA,51.260778,-0.35475,28,8,2024,01/01/2024,28/08/2024,240,unknown,NA,unknown,NA,unknown,NA,unknown,NA,unknown,NA,NA,NA,unknown,unknown,unknown,unknown,unknown,unknown,unknown,unknown,unknown,unknown,unknown,unknown,unknown,NA,unknown,unknown,NA,NA,NA,unknown,NA,unknown,unknown,unknown,unknown,unknown,NA,8,17,126,37,16.3,2475.6,3.7,24.7,100.5,74.7,42,0,0.3,17.1
1_demultiplex.bc1015--bc1098.hifi_reads,E6,1,sample,4QG.02,4QG.02.11,NA,NA,51.260778,-0.35475,28,8,2024,01/01/2024,28/08/2024,240,unknown,NA,unknown,NA,unknown,NA,unknown,NA,unknown,NA,NA,NA,unknown,unknown,unknown,unknown,unknown,unknown,unknown,unknown,unknown,unknown,unknown,unknown,unknown,NA,unknown,unknown,NA,NA,NA,unknown,NA,unknown,unknown,unknown,unknown,unknown,NA,8,17,126,37,16.3,2475.6,3.7,24.7,100.5,74.7,42,0,0.3,17.1
1_demultiplex.bc1015--bc1100.hifi_reads,E7,1,sample,4QG.02,4QG.02.19,NA,NA,51.260778,-0.35475,28,8,2024,01/01/2024,28/08/2024,240,unknown,NA,unknown,NA,unknown,NA,unknown,NA,unknown,NA,NA,NA,unknown,unknown,unknown,unknown,unknown,unknown,unknown,unknown,unknown,unknown,unknown,unknown,unknown,NA,unknown,unknown,NA,NA,NA,unknown,NA,unknown,unknown,unknown,unknown,unknown,NA,8,17,126,37,16.3,2475.6,3.7,24.7,100.5,74.7,42,0,0.3,17.1
1_demultiplex.bc1015--bc1101.hifi_reads,E8,1,sample,9HF.01,9HF.01.04,NA,NA,51.546639,-1.275528,26,9,2024,01/01/2024,26/09/2024,269,group_2_2nd ,NA,seed_wheat,NA,OSR,NA,group_3 ,NA,Poppy,NA,NA,NA,NA,No,N/A,not_seen,Yes,Yes,Yes,No,Yes,No,No,No,Yes,NA,Per crop requirements,Yes,NA,NA,NA,Yes,NA,Yes,Yes,Yes,Yes,Primary tilling,NA,7.7,21.8,106,101,10.7,3545.5,3.8,4.8,64.8,143.6,52.2,0,0.3,24.6
1_demultiplex.bc1015--bc1105.hifi_reads,E9,1,sample,9HF.01,9HF.01.12,NA,NA,51.546639,-1.275528,26,9,2024,01/01/2024,26/09/2024,269,group_2_2nd ,NA,seed_wheat,NA,OSR,NA,group_3 ,NA,Poppy,NA,NA,NA,NA,No,N/A,not_seen,Yes,Yes,Yes,No,Yes,No,No,No,Yes,NA,Per crop requirements,Yes,NA,NA,NA,Yes,NA,Yes,Yes,Yes,Yes,Primary tilling,NA,7.7,21.8,106,101,10.7,3545.5,3.8,4.8,64.8,143.6,52.2,0,0.3,24.6
1_demultiplex.bc1015--bc1107.hifi_reads,E10,1,sample,9HF.01,9HF.01.20,NA,NA,51.546639,-1.275528,26,9,2024,01/01/2024,26/09/2024,269,group_2_2nd ,NA,seed_wheat,NA,OSR,NA,group_3 ,NA,Poppy,NA,NA,NA,NA,No,N/A,not_seen,Yes,Yes,Yes,No,Yes,No,No,No,Yes,NA,Per crop requirements,Yes,NA,NA,NA,Yes,NA,Yes,Yes,Yes,Yes,Primary tilling,NA,7.7,21.8,106,101,10.7,3545.5,3.8,4.8,64.8,143.6,52.2,0,0.3,24.6
1_demultiplex.bc1015--bc1110.hifi_reads,E11,1,sample,4LQ.02,4LQ.02.07,NA,NA,51.22593,1.22016,20,8,2024,01/01/2024,20/08/2024,232,winter_wheat,NA,winter_oats,NA,winter_wheat,NA,winter_wheat,NA,winter_beans,NA,NA,NA,Common wheat/bread wheat; Heritage wheat,No,N/A,not_seen,Yes,Yes,Yes,Yes,Yes,No,Yes,No,No,NA,NA,Yes,NA,NA,NA,NA,Every three years,Yes,NA,NA,No,No tillage,NA,8,71.6,294,46,12.4,2659,6,9.9,97.1,113.9,44.8,0,0.5,18.9
1_demultiplex.bc1015--bc1112.hifi_reads,E12,1,gt_control,S2,S2,NA,NA,NA,NA,NA,NA,NA,NA,NA,NA,NA,NA,NA,NA,NA,NA,NA,NA,NA,NA,NA,NA,NA,NA,NA,NA,NA,NA,NA,NA,NA,NA,NA,NA,NA,NA,NA,NA,NA,NA,NA,NA,NA,NA,NA,NA,NA,NA,NA,NA,NA,NA,NA,NA,NA,NA,NA,NA,NA,NA,NA,NA,NA
1_demultiplex.bc1020--bc1082.hifi_reads,F2,1,sample,4QG.03,4QG.03.01,NA,NA,51.264389,-0.35525,28,8,2024,01/01/2024,28/08/2024,240,unknown,NA,unknown,NA,unknown,NA,unknown,NA,unknown,NA,NA,NA,unknown,unknown,unknown,unknown,unknown,unknown,unknown,unknown,unknown,unknown,unknown,unknown,unknown,NA,unknown,unknown,NA,NA,NA,unknown,NA,unknown,unknown,unknown,unknown,unknown,NA,7.3,32.8,247,96,22.4,2924.2,5,6.9,143.8,241.9,62.5,0,1,21.1
1_demultiplex.bc1020--bc1083.hifi_reads,F3,1,sample,4QG.03,4QG.03.09,NA,NA,51.264389,-0.35525,28,8,2024,01/01/2024,28/08/2024,240,unknown,NA,unknown,NA,unknown,NA,unknown,NA,unknown,NA,NA,NA,unknown,unknown,unknown,unknown,unknown,unknown,unknown,unknown,unknown,unknown,unknown,unknown,unknown,NA,unknown,unknown,NA,NA,NA,unknown,NA,unknown,unknown,unknown,unknown,unknown,NA,7.3,32.8,247,96,22.4,2924.2,5,6.9,143.8,241.9,62.5,0,1,21.1
1_demultiplex.bc1020--bc1089.hifi_reads,F4,1,sample,4QG.03,4QG.03.17,NA,NA,51.264389,-0.35525,28,8,2024,01/01/2024,28/08/2024,240,unknown,NA,unknown,NA,unknown,NA,unknown,NA,unknown,NA,NA,NA,unknown,unknown,unknown,unknown,unknown,unknown,unknown,unknown,unknown,unknown,unknown,unknown,unknown,NA,unknown,unknown,NA,NA,NA,unknown,NA,unknown,unknown,unknown,unknown,unknown,NA,7.3,32.8,247,96,22.4,2924.2,5,6.9,143.8,241.9,62.5,0,1,21.1
1_demultiplex.bc1020--bc1096.hifi_reads,F5,1,sample,4QG.02,4QG.02.04,NA,NA,51.260778,-0.35475,28,8,2024,01/01/2024,28/08/2024,240,unknown,NA,unknown,NA,unknown,NA,unknown,NA,unknown,NA,NA,NA,unknown,unknown,unknown,unknown,unknown,unknown,unknown,unknown,unknown,unknown,unknown,unknown,unknown,NA,unknown,unknown,NA,NA,NA,unknown,NA,unknown,unknown,unknown,unknown,unknown,NA,8,17,126,37,16.3,2475.6,3.7,24.7,100.5,74.7,42,0,0.3,17.1
1_demultiplex.bc1020--bc1098.hifi_reads,F6,1,sample,4QG.02,4QG.02.12,NA,NA,51.260778,-0.35475,28,8,2024,01/01/2024,28/08/2024,240,unknown,NA,unknown,NA,unknown,NA,unknown,NA,unknown,NA,NA,NA,unknown,unknown,unknown,unknown,unknown,unknown,unknown,unknown,unknown,unknown,unknown,unknown,unknown,NA,unknown,unknown,NA,NA,NA,unknown,NA,unknown,unknown,unknown,unknown,unknown,NA,8,17,126,37,16.3,2475.6,3.7,24.7,100.5,74.7,42,0,0.3,17.1
1_demultiplex.bc1020--bc1100.hifi_reads,F7,1,sample,4QG.02,4QG.02.20,NA,NA,51.260778,-0.35475,28,8,2024,01/01/2024,28/08/2024,240,unknown,NA,unknown,NA,unknown,NA,unknown,NA,unknown,NA,NA,NA,unknown,unknown,unknown,unknown,unknown,unknown,unknown,unknown,unknown,unknown,unknown,unknown,unknown,NA,unknown,unknown,NA,NA,NA,unknown,NA,unknown,unknown,unknown,unknown,unknown,NA,8,17,126,37,16.3,2475.6,3.7,24.7,100.5,74.7,42,0,0.3,17.1
1_demultiplex.bc1020--bc1101.hifi_reads,F8,1,sample,9HF.01,9HF.01.05,NA,NA,51.546639,-1.275528,26,9,2024,01/01/2024,26/09/2024,269,group_2_2nd ,NA,seed_wheat,NA,OSR,NA,group_3 ,NA,Poppy,NA,NA,NA,NA,No,N/A,not_seen,Yes,Yes,Yes,No,Yes,No,No,No,Yes,NA,Per crop requirements,Yes,NA,NA,NA,Yes,NA,Yes,Yes,Yes,Yes,Primary tilling,NA,7.7,21.8,106,101,10.7,3545.5,3.8,4.8,64.8,143.6,52.2,0,0.3,24.6
1_demultiplex.bc1020--bc1105.hifi_reads,F9,1,sample,9HF.01,9HF.01.13,NA,NA,51.546639,-1.275528,26,9,2024,01/01/2024,26/09/2024,269,group_2_2nd ,NA,seed_wheat,NA,OSR,NA,group_3 ,NA,Poppy,NA,NA,NA,NA,No,N/A,not_seen,Yes,Yes,Yes,No,Yes,No,No,No,Yes,NA,Per crop requirements,Yes,NA,NA,NA,Yes,NA,Yes,Yes,Yes,Yes,Primary tilling,NA,7.7,21.8,106,101,10.7,3545.5,3.8,4.8,64.8,143.6,52.2,0,0.3,24.6
1_demultiplex.bc1020--bc1107.hifi_reads,F10,1,farmer_kit,9HF.01,9HF.210.FK,210,SFK,51.546639,-1.275528,26,9,2024,01/01/2024,26/09/2024,269,group_2_2nd ,NA,seed_wheat,NA,OSR,NA,group_3 ,NA,Poppy,NA,NA,NA,NA,No,N/A,not_seen,Yes,Yes,Yes,No,Yes,No,No,No,Yes,NA,Per crop requirements,Yes,NA,NA,NA,Yes,NA,Yes,Yes,Yes,Yes,Primary tilling,NA,7.7,21.8,106,101,10.7,3545.5,3.8,4.8,64.8,143.6,52.2,0,0.3,24.6
1_demultiplex.bc1020--bc1110.hifi_reads,F11,1,sample,4LQ.02,4LQ.02.08,NA,NA,51.22593,1.22016,20,8,2024,01/01/2024,20/08/2024,232,winter_wheat,NA,winter_oats,NA,winter_wheat,NA,winter_wheat,NA,winter_beans,NA,NA,NA,Common wheat/bread wheat; Heritage wheat,No,N/A,not_seen,Yes,Yes,Yes,Yes,Yes,No,Yes,No,No,NA,NA,Yes,NA,NA,NA,NA,Every three years,Yes,NA,NA,No,No tillage,NA,8,71.6,294,46,12.4,2659,6,9.9,97.1,113.9,44.8,0,0.5,18.9
1_demultiplex.bc1020--bc1112.hifi_reads,F12,1,gt_control,S3,S3,NA,NA,NA,NA,NA,NA,NA,NA,NA,NA,NA,NA,NA,NA,NA,NA,NA,NA,NA,NA,NA,NA,NA,NA,NA,NA,NA,NA,NA,NA,NA,NA,NA,NA,NA,NA,NA,NA,NA,NA,NA,NA,NA,NA,NA,NA,NA,NA,NA,NA,NA,NA,NA,NA,NA,NA,NA,NA,NA,NA,NA,NA,NA
1_demultiplex.bc1022--bc1076.hifi_reads,G1,1,sample,2AY.01,2AY.01.17,NA,NA,53.17379,-0.37644,7,8,2024,01/01/2024,08/07/2024,219,group_1,NA,oats,vetch,2nd_wheat,NA,group_1,NA,OSR,NA,NA,NA,Crusoe; skyscraper; crusoe,No,N/A,not_seen,Yes,Yes,Yes,Yes,Yes,No,No,No,Yes,NA,NA,Yes,NA,NA,NA,Yes,NA,Yes,Yes,Yes,Yes,Reduced tillage,NA,NA,NA,NA,NA,NA,NA,NA,NA,NA,NA,NA,NA,NA,NA
1_demultiplex.bc1022--bc1082.hifi_reads,G2,1,sample,4QG.03,4QG.03.02,NA,NA,51.264389,-0.35525,28,8,2024,01/01/2024,28/08/2024,240,unknown,NA,unknown,NA,unknown,NA,unknown,NA,unknown,NA,NA,NA,unknown,unknown,unknown,unknown,unknown,unknown,unknown,unknown,unknown,unknown,unknown,unknown,unknown,NA,unknown,unknown,NA,NA,NA,unknown,NA,unknown,unknown,unknown,unknown,unknown,NA,7.3,32.8,247,96,22.4,2924.2,5,6.9,143.8,241.9,62.5,0,1,21.1
1_demultiplex.bc1022--bc1083.hifi_reads,G3,1,sample,4QG.03,4QG.03.10,NA,NA,51.264389,-0.35525,28,8,2024,01/01/2024,28/08/2024,240,unknown,NA,unknown,NA,unknown,NA,unknown,NA,unknown,NA,NA,NA,unknown,unknown,unknown,unknown,unknown,unknown,unknown,unknown,unknown,unknown,unknown,unknown,unknown,NA,unknown,unknown,NA,NA,NA,unknown,NA,unknown,unknown,unknown,unknown,unknown,NA,7.3,32.8,247,96,22.4,2924.2,5,6.9,143.8,241.9,62.5,0,1,21.1
1_demultiplex.bc1022--bc1089.hifi_reads,G4,1,sample,4QG.03,4QG.03.18,NA,NA,51.264389,-0.35525,28,8,2024,01/01/2024,28/08/2024,240,unknown,NA,unknown,NA,unknown,NA,unknown,NA,unknown,NA,NA,NA,unknown,unknown,unknown,unknown,unknown,unknown,unknown,unknown,unknown,unknown,unknown,unknown,unknown,NA,unknown,unknown,NA,NA,NA,unknown,NA,unknown,unknown,unknown,unknown,unknown,NA,7.3,32.8,247,96,22.4,2924.2,5,6.9,143.8,241.9,62.5,0,1,21.1
1_demultiplex.bc1022--bc1096.hifi_reads,G5,1,sample,4QG.02,4QG.02.05,NA,NA,51.260778,-0.35475,28,8,2024,01/01/2024,28/08/2024,240,unknown,NA,unknown,NA,unknown,NA,unknown,NA,unknown,NA,NA,NA,unknown,unknown,unknown,unknown,unknown,unknown,unknown,unknown,unknown,unknown,unknown,unknown,unknown,NA,unknown,unknown,NA,NA,NA,unknown,NA,unknown,unknown,unknown,unknown,unknown,NA,8,17,126,37,16.3,2475.6,3.7,24.7,100.5,74.7,42,0,0.3,17.1
1_demultiplex.bc1022--bc1098.hifi_reads,G6,1,sample,4QG.02,4QG.02.13,NA,NA,51.260778,-0.35475,28,8,2024,01/01/2024,28/08/2024,240,unknown,NA,unknown,NA,unknown,NA,unknown,NA,unknown,NA,NA,NA,unknown,unknown,unknown,unknown,unknown,unknown,unknown,unknown,unknown,unknown,unknown,unknown,unknown,NA,unknown,unknown,NA,NA,NA,unknown,NA,unknown,unknown,unknown,unknown,unknown,NA,8,17,126,37,16.3,2475.6,3.7,24.7,100.5,74.7,42,0,0.3,17.1
1_demultiplex.bc1022--bc1100.hifi_reads,G7,1,farmer_kit,4QG.02,4QG.2.26.FK,26,SFK,51.260778,-0.35475,28,8,2024,01/01/2024,28/08/2024,240,unknown,NA,unknown,NA,unknown,NA,unknown,NA,unknown,NA,NA,NA,unknown,unknown,unknown,unknown,unknown,unknown,unknown,unknown,unknown,unknown,unknown,unknown,unknown,NA,unknown,unknown,NA,NA,NA,unknown,NA,unknown,unknown,unknown,unknown,unknown,NA,8,17,126,37,16.3,2475.6,3.7,24.7,100.5,74.7,42,0,0.3,17.1
1_demultiplex.bc1022--bc1101.hifi_reads,G8,1,sample,9HF.01,9HF.01.06,NA,NA,51.546639,-1.275528,26,9,2024,01/01/2024,26/09/2024,269,group_2_2nd ,NA,seed_wheat,NA,OSR,NA,group_3 ,NA,Poppy,NA,NA,NA,NA,No,N/A,not_seen,Yes,Yes,Yes,No,Yes,No,No,No,Yes,NA,Per crop requirements,Yes,NA,NA,NA,Yes,NA,Yes,Yes,Yes,Yes,Primary tilling,NA,7.7,21.8,106,101,10.7,3545.5,3.8,4.8,64.8,143.6,52.2,0,0.3,24.6
1_demultiplex.bc1022--bc1105.hifi_reads,G9,1,sample,9HF.01,9HF.01.14,NA,NA,51.546639,-1.275528,26,9,2024,01/01/2024,26/09/2024,269,group_2_2nd ,NA,seed_wheat,NA,OSR,NA,group_3 ,NA,Poppy,NA,NA,NA,NA,No,N/A,not_seen,Yes,Yes,Yes,No,Yes,No,No,No,Yes,NA,Per crop requirements,Yes,NA,NA,NA,Yes,NA,Yes,Yes,Yes,Yes,Primary tilling,NA,7.7,21.8,106,101,10.7,3545.5,3.8,4.8,64.8,143.6,52.2,0,0.3,24.6
1_demultiplex.bc1022--bc1107.hifi_reads,G10,1,sample,4LQ.02,4LQ.02.01,NA,NA,51.22593,1.22016,20,8,2024,01/01/2024,20/08/2024,232,winter_wheat,NA,winter_oats,NA,winter_wheat,NA,winter_wheat,NA,winter_beans,NA,NA,NA,Common wheat/bread wheat; Heritage wheat,No,N/A,not_seen,Yes,Yes,Yes,Yes,Yes,No,Yes,No,No,NA,NA,Yes,NA,NA,NA,NA,Every three years,Yes,NA,NA,No,No tillage,NA,8,71.6,294,46,12.4,2659,6,9.9,97.1,113.9,44.8,0,0.5,18.9
1_demultiplex.bc1022--bc1110.hifi_reads,G11,1,sample,4LQ.02,4LQ.02.09,NA,NA,51.22593,1.22016,20,8,2024,01/01/2024,20/08/2024,232,winter_wheat,NA,winter_oats,NA,winter_wheat,NA,winter_wheat,NA,winter_beans,NA,NA,NA,Common wheat/bread wheat; Heritage wheat,No,N/A,not_seen,Yes,Yes,Yes,Yes,Yes,No,Yes,No,No,NA,NA,Yes,NA,NA,NA,NA,Every three years,Yes,NA,NA,No,No tillage,NA,8,71.6,294,46,12.4,2659,6,9.9,97.1,113.9,44.8,0,0.5,18.9
1_demultiplex.bc1024--bc1082.hifi_reads,H2,1,sample,4QG.03,4QG.03.03,NA,NA,51.264389,-0.35525,28,8,2024,01/01/2024,28/08/2024,240,unknown,NA,unknown,NA,unknown,NA,unknown,NA,unknown,NA,NA,NA,unknown,unknown,unknown,unknown,unknown,unknown,unknown,unknown,unknown,unknown,unknown,unknown,unknown,NA,unknown,unknown,NA,NA,NA,unknown,NA,unknown,unknown,unknown,unknown,unknown,NA,7.3,32.8,247,96,22.4,2924.2,5,6.9,143.8,241.9,62.5,0,1,21.1
1_demultiplex.bc1024--bc1083.hifi_reads,H3,1,sample,4QG.03,4QG.03.11,NA,NA,51.264389,-0.35525,28,8,2024,01/01/2024,28/08/2024,240,unknown,NA,unknown,NA,unknown,NA,unknown,NA,unknown,NA,NA,NA,unknown,unknown,unknown,unknown,unknown,unknown,unknown,unknown,unknown,unknown,unknown,unknown,unknown,NA,unknown,unknown,NA,NA,NA,unknown,NA,unknown,unknown,unknown,unknown,unknown,NA,7.3,32.8,247,96,22.4,2924.2,5,6.9,143.8,241.9,62.5,0,1,21.1
1_demultiplex.bc1024--bc1089.hifi_reads,H4,1,sample,4QG.03,4QG.03.19,NA,NA,51.264389,-0.35525,28,8,2024,01/01/2024,28/08/2024,240,unknown,NA,unknown,NA,unknown,NA,unknown,NA,unknown,NA,NA,NA,unknown,unknown,unknown,unknown,unknown,unknown,unknown,unknown,unknown,unknown,unknown,unknown,unknown,NA,unknown,unknown,NA,NA,NA,unknown,NA,unknown,unknown,unknown,unknown,unknown,NA,7.3,32.8,247,96,22.4,2924.2,5,6.9,143.8,241.9,62.5,0,1,21.1
1_demultiplex.bc1024--bc1096.hifi_reads,H5,1,sample,4QG.02,4QG.02.06,NA,NA,51.260778,-0.35475,28,8,2024,01/01/2024,28/08/2024,240,unknown,NA,unknown,NA,unknown,NA,unknown,NA,unknown,NA,NA,NA,unknown,unknown,unknown,unknown,unknown,unknown,unknown,unknown,unknown,unknown,unknown,unknown,unknown,NA,unknown,unknown,NA,NA,NA,unknown,NA,unknown,unknown,unknown,unknown,unknown,NA,8,17,126,37,16.3,2475.6,3.7,24.7,100.5,74.7,42,0,0.3,17.1
1_demultiplex.bc1024--bc1098.hifi_reads,H6,1,sample,4QG.02,4QG.02.14,NA,NA,51.260778,-0.35475,28,8,2024,01/01/2024,28/08/2024,240,unknown,NA,unknown,NA,unknown,NA,unknown,NA,unknown,NA,NA,NA,unknown,unknown,unknown,unknown,unknown,unknown,unknown,unknown,unknown,unknown,unknown,unknown,unknown,NA,unknown,unknown,NA,NA,NA,unknown,NA,unknown,unknown,unknown,unknown,unknown,NA,8,17,126,37,16.3,2475.6,3.7,24.7,100.5,74.7,42,0,0.3,17.1
1_demultiplex.bc1024--bc1100.hifi_reads,H7,1,farmer_kit,6NY.01,6NY.1.140.FK,140,FFK,NA,NA,16,8,2024,01/01/2024,16/08/2024,228,wheat,NA,fallow_MLS,NA,kale,NA,spring_barley,NA,spring_oats,NA,NA,NA,Common wheat/bread wheat,No,N/A,not_seen,Yes,Yes,Yes,Yes,No,No,No,Yes,No,NA,As needed,Yes,NA,Yes,NA,NA,NA,NA,Yes,Yes,Yes,Primary tilling,NA,7.7,36.2,436,89,34,3625.8,4.3,8.2,108.8,181.3,46.5,0,0.6,26.3
1_demultiplex.bc1024--bc1101.hifi_reads,H8,1,sample,9HF.01,9HF.01.07,NA,NA,51.546639,-1.275528,26,9,2024,01/01/2024,26/09/2024,269,group_2_2nd ,NA,seed_wheat,NA,OSR,NA,group_3 ,NA,Poppy,NA,NA,NA,NA,No,N/A,not_seen,Yes,Yes,Yes,No,Yes,No,No,No,Yes,NA,Per crop requirements,Yes,NA,NA,NA,Yes,NA,Yes,Yes,Yes,Yes,Primary tilling,NA,7.7,21.8,106,101,10.7,3545.5,3.8,4.8,64.8,143.6,52.2,0,0.3,24.6
1_demultiplex.bc1024--bc1105.hifi_reads,H9,1,sample,9HF.01,9HF.01.15,NA,NA,51.546639,-1.275528,26,9,2024,01/01/2024,26/09/2024,269,group_2_2nd ,NA,seed_wheat,NA,OSR,NA,group_3 ,NA,Poppy,NA,NA,NA,NA,No,N/A,not_seen,Yes,Yes,Yes,No,Yes,No,No,No,Yes,NA,Per crop requirements,Yes,NA,NA,NA,Yes,NA,Yes,Yes,Yes,Yes,Primary tilling,NA,7.7,21.8,106,101,10.7,3545.5,3.8,4.8,64.8,143.6,52.2,0,0.3,24.6
1_demultiplex.bc1024--bc1107.hifi_reads,H10,1,sample,4LQ.02,4LQ.02.02,NA,NA,51.22593,1.22016,20,8,2024,01/01/2024,20/08/2024,232,winter_wheat,NA,winter_oats,NA,winter_wheat,NA,winter_wheat,NA,winter_beans,NA,NA,NA,Common wheat/bread wheat; Heritage wheat,No,N/A,not_seen,Yes,Yes,Yes,Yes,Yes,No,Yes,No,No,NA,NA,Yes,NA,NA,NA,NA,Every three years,Yes,NA,NA,No,No tillage,NA,8,71.6,294,46,12.4,2659,6,9.9,97.1,113.9,44.8,0,0.5,18.9
1_demultiplex.bc1024--bc1110.hifi_reads,H11,1,sample,4LQ.02,4LQ.02.10,NA,NA,51.22593,1.22016,20,8,2024,01/01/2024,20/08/2024,232,winter_wheat,NA,winter_oats,NA,winter_wheat,NA,winter_wheat,NA,winter_beans,NA,NA,NA,Common wheat/bread wheat; Heritage wheat,No,N/A,not_seen,Yes,Yes,Yes,Yes,Yes,No,Yes,No,No,NA,NA,Yes,NA,NA,NA,NA,Every three years,Yes,NA,NA,No,No tillage,NA,8,71.6,294,46,12.4,2659,6,9.9,97.1,113.9,44.8,0,0.5,18.9
2_demultiplex.bc1005--bc1044.hifi_reads,A3,1,sample,4LQ.01,4LQ.01.12,NA,NA,51.23002,1.23029,20,8,2024,01/01/2024,20/08/2024,232,winter_wheat,NA,winter_oats,NA,winter_wheat,NA,winter_wheat,NA,winter_beans,NA,NA,NA,Common wheat/bread wheat; Heritage wheat,No,N/A,not_seen,Yes,Yes,Yes,Yes,Yes,No,Yes,No,No,NA,NA,Yes,NA,NA,NA,NA,Every three years,Yes,NA,NA,No,No tillage,NA,7.9,29.2,201,55,22.9,3133.1,4.7,8.3,137.6,117.6,45.4,0,0.6,21.8
2_demultiplex.bc1005--bc1045.hifi_reads,A4,1,sample,4LQ.01,4LQ.01.20,NA,NA,51.23002,1.23029,20,8,2024,01/01/2024,20/08/2024,232,winter_wheat,NA,winter_oats,NA,winter_wheat,NA,winter_wheat,NA,winter_beans,NA,NA,NA,Common wheat/bread wheat; Heritage wheat,No,N/A,not_seen,Yes,Yes,Yes,Yes,Yes,No,Yes,No,No,NA,NA,Yes,NA,NA,NA,NA,Every three years,Yes,NA,NA,No,No tillage,NA,7.9,29.2,201,55,22.9,3133.1,4.7,8.3,137.6,117.6,45.4,0,0.6,21.8
2_demultiplex.bc1005--bc1054.hifi_reads,A5,1,sample,5LY.02,5LY.02.07,NA,NA,53.21567,-0.14249,6,8,2024,01/01/2024,08/06/2024,218,group_1,NA,combining_peas,NA,group_2,NA,maize_forage,NA,malting_barley,NA,NA,NA,Crusoe; extase,No,N/A,not_seen,Yes,Yes,Yes,Yes,Yes,No,No,No,Yes,NA,NA,Yes,NA,NA,NA,Yes,NA,Yes,Yes,Yes,Yes,Reduced tillage,NA,6.9,22.6,4209,44,9.4,2323.8,3.8,5.2,92.9,226.1,338,0,0.8,16.8
2_demultiplex.bc1005--bc1056.hifi_reads,A6,1,sample,5LY.02,5LY.02.15,NA,NA,53.21567,-0.14249,6,8,2024,01/01/2024,08/06/2024,218,group_1,NA,combining_peas,NA,group_2,NA,maize_forage,NA,malting_barley,NA,NA,NA,Crusoe; extase,No,N/A,not_seen,Yes,Yes,Yes,Yes,Yes,No,No,No,Yes,NA,NA,Yes,NA,NA,NA,Yes,NA,Yes,Yes,Yes,Yes,Reduced tillage,NA,6.9,22.6,4209,44,9.4,2323.8,3.8,5.2,92.9,226.1,338,0,0.8,16.8
2_demultiplex.bc1005--bc1057.hifi_reads,A7,1,sample,5BY.01,5BY.01.01,NA,NA,53.02619,-0.6952,5,8,2024,01/01/2024,08/05/2024,217,group_2,NA,oats,vetch,wheat_group2,NA,maize,NA,forage_rye,NA,NA,NA,Extase; extase,No,N/A,not_seen,Yes,Yes,Yes,Yes,Yes,No,No,No,Yes,NA,NA,Yes,NA,NA,NA,Yes,NA,Yes,Yes,Yes,Yes,Reduced tillage,NA,6.6,21.6,369,134,17.5,3777.1,4.4,6,113.8,346.8,1023.9,0,1.3,29
2_demultiplex.bc1005--bc1059.hifi_reads,A8,1,sample,5BY.01,5BY.01.09,NA,NA,53.02619,-0.6952,5,8,2024,01/01/2024,08/05/2024,217,group_2,NA,oats,vetch,wheat_group2,NA,maize,NA,forage_rye,NA,NA,NA,Extase; extase,No,N/A,not_seen,Yes,Yes,Yes,Yes,Yes,No,No,No,Yes,NA,NA,Yes,NA,NA,NA,Yes,NA,Yes,Yes,Yes,Yes,Reduced tillage,NA,6.6,21.6,369,134,17.5,3777.1,4.4,6,113.8,346.8,1023.9,0,1.3,29
2_demultiplex.bc1005--bc1060.hifi_reads,A9,1,sample,5BY.01,5BY.01.17,NA,NA,53.02619,-0.6952,5,8,2024,01/01/2024,08/05/2024,217,group_2,NA,oats,vetch,wheat_group2,NA,maize,NA,forage_rye,NA,NA,NA,Extase; extase,No,N/A,not_seen,Yes,Yes,Yes,Yes,Yes,No,No,No,Yes,NA,NA,Yes,NA,NA,NA,Yes,NA,Yes,Yes,Yes,Yes,Reduced tillage,NA,6.6,21.6,369,134,17.5,3777.1,4.4,6,113.8,346.8,1023.9,0,1.3,29
2_demultiplex.bc1005--bc1062.hifi_reads,A10,1,sample,5RJ.02,5RJ.02.04,NA,NA,53.218306,-0.16975,6,8,2024,01/01/2024,08/06/2024,218,feed_wheat,NA,pre_pack,NA,group_2,NA,maize_forage,NA,spring_wheat,NA,NA,NA,Champion; extase,No,N/A,not_seen,Yes,Yes,Yes,Yes,Yes,No,No,No,Yes,NA,NA,Yes,NA,NA,NA,Yes,NA,Yes,Yes,Yes,Yes,Reduced tillage,NA,7.9,24.2,168,68,11.8,2664.1,5.3,4.8,67.2,291.3,55.1,0,0.5,18.8
2_demultiplex.bc1005--bc1065.hifi_reads,A11,1,sample,5RJ.02,5RJ.02.12,NA,NA,53.218306,-0.16975,6,8,2024,01/01/2024,08/06/2024,218,feed_wheat,NA,pre_pack,NA,group_2,NA,maize_forage,NA,spring_wheat,NA,NA,NA,Champion; extase,No,N/A,not_seen,Yes,Yes,Yes,Yes,Yes,No,No,No,Yes,NA,NA,Yes,NA,NA,NA,Yes,NA,Yes,Yes,Yes,Yes,Reduced tillage,NA,7.9,24.2,168,68,11.8,2664.1,5.3,4.8,67.2,291.3,55.1,0,0.5,18.8
2_demultiplex.bc1007--bc1033.hifi_reads,B1,1,sample,4LQ.02,4LQ.02.18,NA,NA,51.22593,1.22016,20,8,2024,01/01/2024,20/08/2024,232,winter_wheat,NA,winter_oats,NA,winter_wheat,NA,winter_wheat,NA,winter_beans,NA,NA,NA,Common wheat/bread wheat; Heritage wheat,No,N/A,not_seen,Yes,Yes,Yes,Yes,Yes,No,Yes,No,No,NA,NA,Yes,NA,NA,NA,NA,Every three years,Yes,NA,NA,No,No tillage,NA,8,71.6,294,46,12.4,2659,6,9.9,97.1,113.9,44.8,0,0.5,18.9
2_demultiplex.bc1007--bc1035.hifi_reads,B2,1,sample,4LQ.01,4LQ.01.05,NA,NA,51.23002,1.23029,20,8,2024,01/01/2024,20/08/2024,232,winter_wheat,NA,winter_oats,NA,winter_wheat,NA,winter_wheat,NA,winter_beans,NA,NA,NA,Common wheat/bread wheat; Heritage wheat,No,N/A,not_seen,Yes,Yes,Yes,Yes,Yes,No,Yes,No,No,NA,NA,Yes,NA,NA,NA,NA,Every three years,Yes,NA,NA,No,No tillage,NA,7.9,29.2,201,55,22.9,3133.1,4.7,8.3,137.6,117.6,45.4,0,0.6,21.8
2_demultiplex.bc1007--bc1044.hifi_reads,B3,1,sample,4LQ.01,4LQ.01.13,NA,NA,51.23002,1.23029,20,8,2024,01/01/2024,20/08/2024,232,winter_wheat,NA,winter_oats,NA,winter_wheat,NA,winter_wheat,NA,winter_beans,NA,NA,NA,Common wheat/bread wheat; Heritage wheat,No,N/A,not_seen,Yes,Yes,Yes,Yes,Yes,No,Yes,No,No,NA,NA,Yes,NA,NA,NA,NA,Every three years,Yes,NA,NA,No,No tillage,NA,7.9,29.2,201,55,22.9,3133.1,4.7,8.3,137.6,117.6,45.4,0,0.6,21.8
2_demultiplex.bc1007--bc1045.hifi_reads,B4,1,farmer_kit,4LQ.01,4LQ.1.227.FK,227,SFK,51.23002,1.23029,20,8,2024,01/01/2024,20/08/2024,232,winter_wheat,NA,winter_oats,NA,winter_wheat,NA,winter_wheat,NA,winter_beans,NA,NA,NA,Common wheat/bread wheat; Heritage wheat,No,N/A,not_seen,Yes,Yes,Yes,Yes,Yes,No,Yes,No,No,NA,NA,Yes,NA,NA,NA,NA,Every three years,Yes,NA,NA,No,No tillage,NA,7.9,29.2,201,55,22.9,3133.1,4.7,8.3,137.6,117.6,45.4,0,0.6,21.8
2_demultiplex.bc1007--bc1054.hifi_reads,B5,1,sample,5LY.02,5LY.02.08,NA,NA,53.21567,-0.14249,6,8,2024,01/01/2024,08/06/2024,218,group_1,NA,combining_peas,NA,group_2,NA,maize_forage,NA,malting_barley,NA,NA,NA,Crusoe; extase,No,N/A,not_seen,Yes,Yes,Yes,Yes,Yes,No,No,No,Yes,NA,NA,Yes,NA,NA,NA,Yes,NA,Yes,Yes,Yes,Yes,Reduced tillage,NA,6.9,22.6,4209,44,9.4,2323.8,3.8,5.2,92.9,226.1,338,0,0.8,16.8
2_demultiplex.bc1007--bc1056.hifi_reads,B6,1,sample,5LY.02,5LY.02.16,NA,NA,53.21567,-0.14249,6,8,2024,01/01/2024,08/06/2024,218,group_1,NA,combining_peas,NA,group_2,NA,maize_forage,NA,malting_barley,NA,NA,NA,Crusoe; extase,No,N/A,not_seen,Yes,Yes,Yes,Yes,Yes,No,No,No,Yes,NA,NA,Yes,NA,NA,NA,Yes,NA,Yes,Yes,Yes,Yes,Reduced tillage,NA,6.9,22.6,4209,44,9.4,2323.8,3.8,5.2,92.9,226.1,338,0,0.8,16.8
2_demultiplex.bc1007--bc1057.hifi_reads,B7,1,sample,5BY.01,5BY.01.02,NA,NA,53.02619,-0.6952,5,8,2024,01/01/2024,08/05/2024,217,group_2,NA,oats,vetch,wheat_group2,NA,maize,NA,forage_rye,NA,NA,NA,Extase; extase,No,N/A,not_seen,Yes,Yes,Yes,Yes,Yes,No,No,No,Yes,NA,NA,Yes,NA,NA,NA,Yes,NA,Yes,Yes,Yes,Yes,Reduced tillage,NA,6.6,21.6,369,134,17.5,3777.1,4.4,6,113.8,346.8,1023.9,0,1.3,29
2_demultiplex.bc1007--bc1059.hifi_reads,B8,1,sample,5BY.01,5BY.01.10,NA,NA,53.02619,-0.6952,5,8,2024,01/01/2024,08/05/2024,217,group_2,NA,oats,vetch,wheat_group2,NA,maize,NA,forage_rye,NA,NA,NA,Extase; extase,No,N/A,not_seen,Yes,Yes,Yes,Yes,Yes,No,No,No,Yes,NA,NA,Yes,NA,NA,NA,Yes,NA,Yes,Yes,Yes,Yes,Reduced tillage,NA,6.6,21.6,369,134,17.5,3777.1,4.4,6,113.8,346.8,1023.9,0,1.3,29
2_demultiplex.bc1007--bc1060.hifi_reads,B9,1,sample,5BY.01,5BY.01.18,NA,NA,53.02619,-0.6952,5,8,2024,01/01/2024,08/05/2024,217,group_2,NA,oats,vetch,wheat_group2,NA,maize,NA,forage_rye,NA,NA,NA,Extase; extase,No,N/A,not_seen,Yes,Yes,Yes,Yes,Yes,No,No,No,Yes,NA,NA,Yes,NA,NA,NA,Yes,NA,Yes,Yes,Yes,Yes,Reduced tillage,NA,6.6,21.6,369,134,17.5,3777.1,4.4,6,113.8,346.8,1023.9,0,1.3,29
2_demultiplex.bc1007--bc1062.hifi_reads,B10,1,sample,5RJ.02,5RJ.02.05,NA,NA,53.218306,-0.16975,6,8,2024,01/01/2024,08/06/2024,218,feed_wheat,NA,pre_pack,NA,group_2,NA,maize_forage,NA,spring_wheat,NA,NA,NA,Champion; extase,No,N/A,not_seen,Yes,Yes,Yes,Yes,Yes,No,No,No,Yes,NA,NA,Yes,NA,NA,NA,Yes,NA,Yes,Yes,Yes,Yes,Reduced tillage,NA,7.9,24.2,168,68,11.8,2664.1,5.3,4.8,67.2,291.3,55.1,0,0.5,18.8
2_demultiplex.bc1007--bc1065.hifi_reads,B11,1,sample,5RJ.02,5RJ.02.13,NA,NA,53.218306,-0.16975,6,8,2024,01/01/2024,08/06/2024,218,feed_wheat,NA,pre_pack,NA,group_2,NA,maize_forage,NA,spring_wheat,NA,NA,NA,Champion; extase,No,N/A,not_seen,Yes,Yes,Yes,Yes,Yes,No,No,No,Yes,NA,NA,Yes,NA,NA,NA,Yes,NA,Yes,Yes,Yes,Yes,Reduced tillage,NA,7.9,24.2,168,68,11.8,2664.1,5.3,4.8,67.2,291.3,55.1,0,0.5,18.8
2_demultiplex.bc1007--bc1075.hifi_reads,B12,1,farmer_kit,5RJ.02,5RJ.2.218.FK,218,SFK,53.218306,-0.16975,6,8,2024,01/01/2024,08/06/2024,218,feed_wheat,NA,pre_pack,NA,group_2,NA,maize_forage,NA,spring_wheat,NA,NA,NA,Champion; extase,No,N/A,not_seen,Yes,Yes,Yes,Yes,Yes,No,No,No,Yes,NA,NA,Yes,NA,NA,NA,Yes,NA,Yes,Yes,Yes,Yes,Reduced tillage,NA,7.9,24.2,168,68,11.8,2664.1,5.3,4.8,67.2,291.3,55.1,0,0.5,18.8
2_demultiplex.bc1008--bc1033.hifi_reads,C1,1,sample,4LQ.02,4LQ.02.19,NA,NA,51.22593,1.22016,20,8,2024,01/01/2024,20/08/2024,232,winter_wheat,NA,winter_oats,NA,winter_wheat,NA,winter_wheat,NA,winter_beans,NA,NA,NA,Common wheat/bread wheat; Heritage wheat,No,N/A,not_seen,Yes,Yes,Yes,Yes,Yes,No,Yes,No,No,NA,NA,Yes,NA,NA,NA,NA,Every three years,Yes,NA,NA,No,No tillage,NA,8,71.6,294,46,12.4,2659,6,9.9,97.1,113.9,44.8,0,0.5,18.9
2_demultiplex.bc1008--bc1035.hifi_reads,C2,1,sample,4LQ.01,4LQ.01.06,NA,NA,51.23002,1.23029,20,8,2024,01/01/2024,20/08/2024,232,winter_wheat,NA,winter_oats,NA,winter_wheat,NA,winter_wheat,NA,winter_beans,NA,NA,NA,Common wheat/bread wheat; Heritage wheat,No,N/A,not_seen,Yes,Yes,Yes,Yes,Yes,No,Yes,No,No,NA,NA,Yes,NA,NA,NA,NA,Every three years,Yes,NA,NA,No,No tillage,NA,7.9,29.2,201,55,22.9,3133.1,4.7,8.3,137.6,117.6,45.4,0,0.6,21.8
2_demultiplex.bc1008--bc1044.hifi_reads,C3,1,sample,4LQ.01,4LQ.01.14,NA,NA,51.23002,1.23029,20,8,2024,01/01/2024,20/08/2024,232,winter_wheat,NA,winter_oats,NA,winter_wheat,NA,winter_wheat,NA,winter_beans,NA,NA,NA,Common wheat/bread wheat; Heritage wheat,No,N/A,not_seen,Yes,Yes,Yes,Yes,Yes,No,Yes,No,No,NA,NA,Yes,NA,NA,NA,NA,Every three years,Yes,NA,NA,No,No tillage,NA,7.9,29.2,201,55,22.9,3133.1,4.7,8.3,137.6,117.6,45.4,0,0.6,21.8
2_demultiplex.bc1008--bc1045.hifi_reads,C4,1,sample,5LY.02,5LY.02.01,NA,NA,53.21567,-0.14249,6,8,2024,01/01/2024,08/06/2024,218,group_1,NA,combining_peas,NA,group_2,NA,maize_forage,NA,malting_barley,NA,NA,NA,Crusoe; extase,No,N/A,not_seen,Yes,Yes,Yes,Yes,Yes,No,No,No,Yes,NA,NA,Yes,NA,NA,NA,Yes,NA,Yes,Yes,Yes,Yes,Reduced tillage,NA,6.9,22.6,4209,44,9.4,2323.8,3.8,5.2,92.9,226.1,338,0,0.8,16.8
2_demultiplex.bc1008--bc1054.hifi_reads,C5,1,sample,5LY.02,5LY.02.09,NA,NA,53.21567,-0.14249,6,8,2024,01/01/2024,08/06/2024,218,group_1,NA,combining_peas,NA,group_2,NA,maize_forage,NA,malting_barley,NA,NA,NA,Crusoe; extase,No,N/A,not_seen,Yes,Yes,Yes,Yes,Yes,No,No,No,Yes,NA,NA,Yes,NA,NA,NA,Yes,NA,Yes,Yes,Yes,Yes,Reduced tillage,NA,6.9,22.6,4209,44,9.4,2323.8,3.8,5.2,92.9,226.1,338,0,0.8,16.8
2_demultiplex.bc1008--bc1056.hifi_reads,C6,1,sample,5LY.02,5LY.02.17,NA,NA,53.21567,-0.14249,6,8,2024,01/01/2024,08/06/2024,218,group_1,NA,combining_peas,NA,group_2,NA,maize_forage,NA,malting_barley,NA,NA,NA,Crusoe; extase,No,N/A,not_seen,Yes,Yes,Yes,Yes,Yes,No,No,No,Yes,NA,NA,Yes,NA,NA,NA,Yes,NA,Yes,Yes,Yes,Yes,Reduced tillage,NA,6.9,22.6,4209,44,9.4,2323.8,3.8,5.2,92.9,226.1,338,0,0.8,16.8
2_demultiplex.bc1008--bc1057.hifi_reads,C7,1,sample,5BY.01,5BY.01.03,NA,NA,53.02619,-0.6952,5,8,2024,01/01/2024,08/05/2024,217,group_2,NA,oats,vetch,wheat_group2,NA,maize,NA,forage_rye,NA,NA,NA,Extase; extase,No,N/A,not_seen,Yes,Yes,Yes,Yes,Yes,No,No,No,Yes,NA,NA,Yes,NA,NA,NA,Yes,NA,Yes,Yes,Yes,Yes,Reduced tillage,NA,6.6,21.6,369,134,17.5,3777.1,4.4,6,113.8,346.8,1023.9,0,1.3,29
2_demultiplex.bc1008--bc1059.hifi_reads,C8,1,sample,5BY.01,5BY.01.11,NA,NA,53.02619,-0.6952,5,8,2024,01/01/2024,08/05/2024,217,group_2,NA,oats,vetch,wheat_group2,NA,maize,NA,forage_rye,NA,NA,NA,Extase; extase,No,N/A,not_seen,Yes,Yes,Yes,Yes,Yes,No,No,No,Yes,NA,NA,Yes,NA,NA,NA,Yes,NA,Yes,Yes,Yes,Yes,Reduced tillage,NA,6.6,21.6,369,134,17.5,3777.1,4.4,6,113.8,346.8,1023.9,0,1.3,29
2_demultiplex.bc1008--bc1060.hifi_reads,C9,1,sample,5BY.01,5BY.01.19,NA,NA,53.02619,-0.6952,5,8,2024,01/01/2024,08/05/2024,217,group_2,NA,oats,vetch,wheat_group2,NA,maize,NA,forage_rye,NA,NA,NA,Extase; extase,No,N/A,not_seen,Yes,Yes,Yes,Yes,Yes,No,No,No,Yes,NA,NA,Yes,NA,NA,NA,Yes,NA,Yes,Yes,Yes,Yes,Reduced tillage,NA,6.6,21.6,369,134,17.5,3777.1,4.4,6,113.8,346.8,1023.9,0,1.3,29
2_demultiplex.bc1008--bc1062.hifi_reads,C10,1,sample,5RJ.02,5RJ.02.06,NA,NA,53.218306,-0.16975,6,8,2024,01/01/2024,08/06/2024,218,feed_wheat,NA,pre_pack,NA,group_2,NA,maize_forage,NA,spring_wheat,NA,NA,NA,Champion; extase,No,N/A,not_seen,Yes,Yes,Yes,Yes,Yes,No,No,No,Yes,NA,NA,Yes,NA,NA,NA,Yes,NA,Yes,Yes,Yes,Yes,Reduced tillage,NA,7.9,24.2,168,68,11.8,2664.1,5.3,4.8,67.2,291.3,55.1,0,0.5,18.8
2_demultiplex.bc1008--bc1065.hifi_reads,C11,1,sample,5RJ.02,5RJ.02.14,NA,NA,53.218306,-0.16975,6,8,2024,01/01/2024,08/06/2024,218,feed_wheat,NA,pre_pack,NA,group_2,NA,maize_forage,NA,spring_wheat,NA,NA,NA,Champion; extase,No,N/A,not_seen,Yes,Yes,Yes,Yes,Yes,No,No,No,Yes,NA,NA,Yes,NA,NA,NA,Yes,NA,Yes,Yes,Yes,Yes,Reduced tillage,NA,7.9,24.2,168,68,11.8,2664.1,5.3,4.8,67.2,291.3,55.1,0,0.5,18.8
2_demultiplex.bc1008--bc1075.hifi_reads,C12,1,sample,6LP.01,6LP.01.01,NA,NA,52.284838,-2.328044,26,6,2024,01/01/2024,26/06/2024,177,wheat,NA,salad_onions,NA,winter_wheat,NA,pak_choi,NA,french_Beans,NA,NA,NA,Common wheat/bread wheat,Yes,Bleaching/discolouration,NA,Yes,Yes,No,Yes,No,Sulphur,No,No,Yes,NA,NA,Yes,NA,NA,NA,NA,When required,Yes,Yes,Yes,Yes,Reduced tillage,NA,NA,NA,NA,NA,NA,NA,NA,NA,NA,NA,NA,NA,NA,NA
2_demultiplex.bc1012--bc1033.hifi_reads,D1,1,sample,4LQ.02,4LQ.02.20,NA,NA,51.22593,1.22016,20,8,2024,01/01/2024,20/08/2024,232,winter_wheat,NA,winter_oats,NA,winter_wheat,NA,winter_wheat,NA,winter_beans,NA,NA,NA,Common wheat/bread wheat; Heritage wheat,No,N/A,not_seen,Yes,Yes,Yes,Yes,Yes,No,Yes,No,No,NA,NA,Yes,NA,NA,NA,NA,Every three years,Yes,NA,NA,No,No tillage,NA,8,71.6,294,46,12.4,2659,6,9.9,97.1,113.9,44.8,0,0.5,18.9
2_demultiplex.bc1012--bc1035.hifi_reads,D2,1,sample,4LQ.01,4LQ.01.07,NA,NA,51.23002,1.23029,20,8,2024,01/01/2024,20/08/2024,232,winter_wheat,NA,winter_oats,NA,winter_wheat,NA,winter_wheat,NA,winter_beans,NA,NA,NA,Common wheat/bread wheat; Heritage wheat,No,N/A,not_seen,Yes,Yes,Yes,Yes,Yes,No,Yes,No,No,NA,NA,Yes,NA,NA,NA,NA,Every three years,Yes,NA,NA,No,No tillage,NA,7.9,29.2,201,55,22.9,3133.1,4.7,8.3,137.6,117.6,45.4,0,0.6,21.8
2_demultiplex.bc1012--bc1044.hifi_reads,D3,1,sample,4LQ.01,4LQ.01.15,NA,NA,51.23002,1.23029,20,8,2024,01/01/2024,20/08/2024,232,winter_wheat,NA,winter_oats,NA,winter_wheat,NA,winter_wheat,NA,winter_beans,NA,NA,NA,Common wheat/bread wheat; Heritage wheat,No,N/A,not_seen,Yes,Yes,Yes,Yes,Yes,No,Yes,No,No,NA,NA,Yes,NA,NA,NA,NA,Every three years,Yes,NA,NA,No,No tillage,NA,7.9,29.2,201,55,22.9,3133.1,4.7,8.3,137.6,117.6,45.4,0,0.6,21.8
2_demultiplex.bc1012--bc1045.hifi_reads,D4,1,sample,5LY.02,5LY.02.02,NA,NA,53.21567,-0.14249,6,8,2024,01/01/2024,08/06/2024,218,group_1,NA,combining_peas,NA,group_2,NA,maize_forage,NA,malting_barley,NA,NA,NA,Crusoe; extase,No,N/A,not_seen,Yes,Yes,Yes,Yes,Yes,No,No,No,Yes,NA,NA,Yes,NA,NA,NA,Yes,NA,Yes,Yes,Yes,Yes,Reduced tillage,NA,6.9,22.6,4209,44,9.4,2323.8,3.8,5.2,92.9,226.1,338,0,0.8,16.8
2_demultiplex.bc1012--bc1054.hifi_reads,D5,1,sample,5LY.02,5LY.02.10,NA,NA,53.21567,-0.14249,6,8,2024,01/01/2024,08/06/2024,218,group_1,NA,combining_peas,NA,group_2,NA,maize_forage,NA,malting_barley,NA,NA,NA,Crusoe; extase,No,N/A,not_seen,Yes,Yes,Yes,Yes,Yes,No,No,No,Yes,NA,NA,Yes,NA,NA,NA,Yes,NA,Yes,Yes,Yes,Yes,Reduced tillage,NA,6.9,22.6,4209,44,9.4,2323.8,3.8,5.2,92.9,226.1,338,0,0.8,16.8
2_demultiplex.bc1012--bc1056.hifi_reads,D6,1,sample,5LY.02,5LY.02.18,NA,NA,53.21567,-0.14249,6,8,2024,01/01/2024,08/06/2024,218,group_1,NA,combining_peas,NA,group_2,NA,maize_forage,NA,malting_barley,NA,NA,NA,Crusoe; extase,No,N/A,not_seen,Yes,Yes,Yes,Yes,Yes,No,No,No,Yes,NA,NA,Yes,NA,NA,NA,Yes,NA,Yes,Yes,Yes,Yes,Reduced tillage,NA,6.9,22.6,4209,44,9.4,2323.8,3.8,5.2,92.9,226.1,338,0,0.8,16.8
2_demultiplex.bc1012--bc1057.hifi_reads,D7,1,sample,5BY.01,5BY.01.04,NA,NA,53.02619,-0.6952,5,8,2024,01/01/2024,08/05/2024,217,group_2,NA,oats,vetch,wheat_group2,NA,maize,NA,forage_rye,NA,NA,NA,Extase; extase,No,N/A,not_seen,Yes,Yes,Yes,Yes,Yes,No,No,No,Yes,NA,NA,Yes,NA,NA,NA,Yes,NA,Yes,Yes,Yes,Yes,Reduced tillage,NA,6.6,21.6,369,134,17.5,3777.1,4.4,6,113.8,346.8,1023.9,0,1.3,29
2_demultiplex.bc1012--bc1059.hifi_reads,D8,1,sample,5BY.01,5BY.01.12,NA,NA,53.02619,-0.6952,5,8,2024,01/01/2024,08/05/2024,217,group_2,NA,oats,vetch,wheat_group2,NA,maize,NA,forage_rye,NA,NA,NA,Extase; extase,No,N/A,not_seen,Yes,Yes,Yes,Yes,Yes,No,No,No,Yes,NA,NA,Yes,NA,NA,NA,Yes,NA,Yes,Yes,Yes,Yes,Reduced tillage,NA,6.6,21.6,369,134,17.5,3777.1,4.4,6,113.8,346.8,1023.9,0,1.3,29
2_demultiplex.bc1012--bc1060.hifi_reads,D9,1,sample,5BY.01,5BY.01.20,NA,NA,53.02619,-0.6952,5,8,2024,01/01/2024,08/05/2024,217,group_2,NA,oats,vetch,wheat_group2,NA,maize,NA,forage_rye,NA,NA,NA,Extase; extase,No,N/A,not_seen,Yes,Yes,Yes,Yes,Yes,No,No,No,Yes,NA,NA,Yes,NA,NA,NA,Yes,NA,Yes,Yes,Yes,Yes,Reduced tillage,NA,6.6,21.6,369,134,17.5,3777.1,4.4,6,113.8,346.8,1023.9,0,1.3,29
2_demultiplex.bc1012--bc1062.hifi_reads,D10,1,sample,5RJ.02,5RJ.02.07,NA,NA,53.218306,-0.16975,6,8,2024,01/01/2024,08/06/2024,218,feed_wheat,NA,pre_pack,NA,group_2,NA,maize_forage,NA,spring_wheat,NA,NA,NA,Champion; extase,No,N/A,not_seen,Yes,Yes,Yes,Yes,Yes,No,No,No,Yes,NA,NA,Yes,NA,NA,NA,Yes,NA,Yes,Yes,Yes,Yes,Reduced tillage,NA,7.9,24.2,168,68,11.8,2664.1,5.3,4.8,67.2,291.3,55.1,0,0.5,18.8
2_demultiplex.bc1012--bc1065.hifi_reads,D11,1,sample,5RJ.02,5RJ.02.15,NA,NA,53.218306,-0.16975,6,8,2024,01/01/2024,08/06/2024,218,feed_wheat,NA,pre_pack,NA,group_2,NA,maize_forage,NA,spring_wheat,NA,NA,NA,Champion; extase,No,N/A,not_seen,Yes,Yes,Yes,Yes,Yes,No,No,No,Yes,NA,NA,Yes,NA,NA,NA,Yes,NA,Yes,Yes,Yes,Yes,Reduced tillage,NA,7.9,24.2,168,68,11.8,2664.1,5.3,4.8,67.2,291.3,55.1,0,0.5,18.8
2_demultiplex.bc1012--bc1075.hifi_reads,D12,1,gt_control,S1,S1,NA,NA,NA,NA,NA,NA,NA,NA,NA,NA,NA,NA,NA,NA,NA,NA,NA,NA,NA,NA,NA,NA,NA,NA,NA,NA,NA,NA,NA,NA,NA,NA,NA,NA,NA,NA,NA,NA,NA,NA,NA,NA,NA,NA,NA,NA,NA,NA,NA,NA,NA,NA,NA,NA,NA,NA,NA,NA,NA,NA,NA,NA,NA
2_demultiplex.bc1015--bc1033.hifi_reads,E1,1,farmer_kit,4LQ.02,4LQ.2.221.FK,221,SFK,51.22593,1.22016,20,8,2024,01/01/2024,20/08/2024,232,winter_wheat,NA,winter_oats,NA,winter_wheat,NA,winter_wheat,NA,winter_beans,NA,NA,NA,Common wheat/bread wheat; Heritage wheat,No,N/A,not_seen,Yes,Yes,Yes,Yes,Yes,No,Yes,No,No,NA,NA,Yes,NA,NA,NA,NA,Every three years,Yes,NA,NA,No,No tillage,NA,8,71.6,294,46,12.4,2659,6,9.9,97.1,113.9,44.8,0,0.5,18.9
2_demultiplex.bc1015--bc1035.hifi_reads,E2,1,sample,4LQ.01,4LQ.01.08,NA,NA,51.23002,1.23029,20,8,2024,01/01/2024,20/08/2024,232,winter_wheat,NA,winter_oats,NA,winter_wheat,NA,winter_wheat,NA,winter_beans,NA,NA,NA,Common wheat/bread wheat; Heritage wheat,No,N/A,not_seen,Yes,Yes,Yes,Yes,Yes,No,Yes,No,No,NA,NA,Yes,NA,NA,NA,NA,Every three years,Yes,NA,NA,No,No tillage,NA,7.9,29.2,201,55,22.9,3133.1,4.7,8.3,137.6,117.6,45.4,0,0.6,21.8
2_demultiplex.bc1015--bc1044.hifi_reads,E3,1,sample,4LQ.01,4LQ.01.16,NA,NA,51.23002,1.23029,20,8,2024,01/01/2024,20/08/2024,232,winter_wheat,NA,winter_oats,NA,winter_wheat,NA,winter_wheat,NA,winter_beans,NA,NA,NA,Common wheat/bread wheat; Heritage wheat,No,N/A,not_seen,Yes,Yes,Yes,Yes,Yes,No,Yes,No,No,NA,NA,Yes,NA,NA,NA,NA,Every three years,Yes,NA,NA,No,No tillage,NA,7.9,29.2,201,55,22.9,3133.1,4.7,8.3,137.6,117.6,45.4,0,0.6,21.8
2_demultiplex.bc1015--bc1045.hifi_reads,E4,1,sample,5LY.02,5LY.02.03,NA,NA,53.21567,-0.14249,6,8,2024,01/01/2024,08/06/2024,218,group_1,NA,combining_peas,NA,group_2,NA,maize_forage,NA,malting_barley,NA,NA,NA,Crusoe; extase,No,N/A,not_seen,Yes,Yes,Yes,Yes,Yes,No,No,No,Yes,NA,NA,Yes,NA,NA,NA,Yes,NA,Yes,Yes,Yes,Yes,Reduced tillage,NA,6.9,22.6,4209,44,9.4,2323.8,3.8,5.2,92.9,226.1,338,0,0.8,16.8
2_demultiplex.bc1015--bc1054.hifi_reads,E5,1,sample,5LY.02,5LY.02.11,NA,NA,53.21567,-0.14249,6,8,2024,01/01/2024,08/06/2024,218,group_1,NA,combining_peas,NA,group_2,NA,maize_forage,NA,malting_barley,NA,NA,NA,Crusoe; extase,No,N/A,not_seen,Yes,Yes,Yes,Yes,Yes,No,No,No,Yes,NA,NA,Yes,NA,NA,NA,Yes,NA,Yes,Yes,Yes,Yes,Reduced tillage,NA,6.9,22.6,4209,44,9.4,2323.8,3.8,5.2,92.9,226.1,338,0,0.8,16.8
2_demultiplex.bc1015--bc1056.hifi_reads,E6,1,sample,5LY.02,5LY.02.19,NA,NA,53.21567,-0.14249,6,8,2024,01/01/2024,08/06/2024,218,group_1,NA,combining_peas,NA,group_2,NA,maize_forage,NA,malting_barley,NA,NA,NA,Crusoe; extase,No,N/A,not_seen,Yes,Yes,Yes,Yes,Yes,No,No,No,Yes,NA,NA,Yes,NA,NA,NA,Yes,NA,Yes,Yes,Yes,Yes,Reduced tillage,NA,6.9,22.6,4209,44,9.4,2323.8,3.8,5.2,92.9,226.1,338,0,0.8,16.8
2_demultiplex.bc1015--bc1057.hifi_reads,E7,1,sample,5BY.01,5BY.01.05,NA,NA,53.02619,-0.6952,5,8,2024,01/01/2024,08/05/2024,217,group_2,NA,oats,vetch,wheat_group2,NA,maize,NA,forage_rye,NA,NA,NA,Extase; extase,No,N/A,not_seen,Yes,Yes,Yes,Yes,Yes,No,No,No,Yes,NA,NA,Yes,NA,NA,NA,Yes,NA,Yes,Yes,Yes,Yes,Reduced tillage,NA,6.6,21.6,369,134,17.5,3777.1,4.4,6,113.8,346.8,1023.9,0,1.3,29
2_demultiplex.bc1015--bc1059.hifi_reads,E8,1,sample,5BY.01,5BY.01.13,NA,NA,53.02619,-0.6952,5,8,2024,01/01/2024,08/05/2024,217,group_2,NA,oats,vetch,wheat_group2,NA,maize,NA,forage_rye,NA,NA,NA,Extase; extase,No,N/A,not_seen,Yes,Yes,Yes,Yes,Yes,No,No,No,Yes,NA,NA,Yes,NA,NA,NA,Yes,NA,Yes,Yes,Yes,Yes,Reduced tillage,NA,6.6,21.6,369,134,17.5,3777.1,4.4,6,113.8,346.8,1023.9,0,1.3,29
2_demultiplex.bc1015--bc1060.hifi_reads,E9,1,farmer_kit,5BY.01,5BY.1.234.FK,234,SFK,53.02619,-0.6952,5,8,2024,01/01/2024,08/05/2024,217,group_2,NA,oats,vetch,wheat_group2,NA,maize,NA,forage_rye,NA,NA,NA,Extase; extase,No,N/A,not_seen,Yes,Yes,Yes,Yes,Yes,No,No,No,Yes,NA,NA,Yes,NA,NA,NA,Yes,NA,Yes,Yes,Yes,Yes,Reduced tillage,NA,6.6,21.6,369,134,17.5,3777.1,4.4,6,113.8,346.8,1023.9,0,1.3,29
2_demultiplex.bc1015--bc1062.hifi_reads,E10,1,sample,5RJ.02,5RJ.02.08,NA,NA,53.218306,-0.16975,6,8,2024,01/01/2024,08/06/2024,218,feed_wheat,NA,pre_pack,NA,group_2,NA,maize_forage,NA,spring_wheat,NA,NA,NA,Champion; extase,No,N/A,not_seen,Yes,Yes,Yes,Yes,Yes,No,No,No,Yes,NA,NA,Yes,NA,NA,NA,Yes,NA,Yes,Yes,Yes,Yes,Reduced tillage,NA,7.9,24.2,168,68,11.8,2664.1,5.3,4.8,67.2,291.3,55.1,0,0.5,18.8
2_demultiplex.bc1015--bc1065.hifi_reads,E11,1,sample,5RJ.02,5RJ.02.16,NA,NA,53.218306,-0.16975,6,8,2024,01/01/2024,08/06/2024,218,feed_wheat,NA,pre_pack,NA,group_2,NA,maize_forage,NA,spring_wheat,NA,NA,NA,Champion; extase,No,N/A,not_seen,Yes,Yes,Yes,Yes,Yes,No,No,No,Yes,NA,NA,Yes,NA,NA,NA,Yes,NA,Yes,Yes,Yes,Yes,Reduced tillage,NA,7.9,24.2,168,68,11.8,2664.1,5.3,4.8,67.2,291.3,55.1,0,0.5,18.8
2_demultiplex.bc1015--bc1075.hifi_reads,E12,1,gt_control,S2,S2,NA,NA,NA,NA,NA,NA,NA,NA,NA,NA,NA,NA,NA,NA,NA,NA,NA,NA,NA,NA,NA,NA,NA,NA,NA,NA,NA,NA,NA,NA,NA,NA,NA,NA,NA,NA,NA,NA,NA,NA,NA,NA,NA,NA,NA,NA,NA,NA,NA,NA,NA,NA,NA,NA,NA,NA,NA,NA,NA,NA,NA,NA,NA
2_demultiplex.bc1020--bc1033.hifi_reads,F1,1,sample,4LQ.01,4LQ.01.01,NA,NA,51.23002,1.23029,20,8,2024,01/01/2024,20/08/2024,232,winter_wheat,NA,winter_oats,NA,winter_wheat,NA,winter_wheat,NA,winter_beans,NA,NA,NA,Common wheat/bread wheat; Heritage wheat,No,N/A,not_seen,Yes,Yes,Yes,Yes,Yes,No,Yes,No,No,NA,NA,Yes,NA,NA,NA,NA,Every three years,Yes,NA,NA,No,No tillage,NA,7.9,29.2,201,55,22.9,3133.1,4.7,8.3,137.6,117.6,45.4,0,0.6,21.8
2_demultiplex.bc1020--bc1035.hifi_reads,F2,1,sample,4LQ.01,4LQ.01.09,NA,NA,51.23002,1.23029,20,8,2024,01/01/2024,20/08/2024,232,winter_wheat,NA,winter_oats,NA,winter_wheat,NA,winter_wheat,NA,winter_beans,NA,NA,NA,Common wheat/bread wheat; Heritage wheat,No,N/A,not_seen,Yes,Yes,Yes,Yes,Yes,No,Yes,No,No,NA,NA,Yes,NA,NA,NA,NA,Every three years,Yes,NA,NA,No,No tillage,NA,7.9,29.2,201,55,22.9,3133.1,4.7,8.3,137.6,117.6,45.4,0,0.6,21.8
2_demultiplex.bc1020--bc1044.hifi_reads,F3,1,sample,4LQ.01,4LQ.01.17,NA,NA,51.23002,1.23029,20,8,2024,01/01/2024,20/08/2024,232,winter_wheat,NA,winter_oats,NA,winter_wheat,NA,winter_wheat,NA,winter_beans,NA,NA,NA,Common wheat/bread wheat; Heritage wheat,No,N/A,not_seen,Yes,Yes,Yes,Yes,Yes,No,Yes,No,No,NA,NA,Yes,NA,NA,NA,NA,Every three years,Yes,NA,NA,No,No tillage,NA,7.9,29.2,201,55,22.9,3133.1,4.7,8.3,137.6,117.6,45.4,0,0.6,21.8
2_demultiplex.bc1020--bc1045.hifi_reads,F4,1,sample,5LY.02,5LY.02.04,NA,NA,53.21567,-0.14249,6,8,2024,01/01/2024,08/06/2024,218,group_1,NA,combining_peas,NA,group_2,NA,maize_forage,NA,malting_barley,NA,NA,NA,Crusoe; extase,No,N/A,not_seen,Yes,Yes,Yes,Yes,Yes,No,No,No,Yes,NA,NA,Yes,NA,NA,NA,Yes,NA,Yes,Yes,Yes,Yes,Reduced tillage,NA,6.9,22.6,4209,44,9.4,2323.8,3.8,5.2,92.9,226.1,338,0,0.8,16.8
2_demultiplex.bc1020--bc1054.hifi_reads,F5,1,sample,5LY.02,5LY.02.12,NA,NA,53.21567,-0.14249,6,8,2024,01/01/2024,08/06/2024,218,group_1,NA,combining_peas,NA,group_2,NA,maize_forage,NA,malting_barley,NA,NA,NA,Crusoe; extase,No,N/A,not_seen,Yes,Yes,Yes,Yes,Yes,No,No,No,Yes,NA,NA,Yes,NA,NA,NA,Yes,NA,Yes,Yes,Yes,Yes,Reduced tillage,NA,6.9,22.6,4209,44,9.4,2323.8,3.8,5.2,92.9,226.1,338,0,0.8,16.8
2_demultiplex.bc1020--bc1056.hifi_reads,F6,1,sample,5LY.02,5LY.02.20,NA,NA,53.21567,-0.14249,6,8,2024,01/01/2024,08/06/2024,218,group_1,NA,combining_peas,NA,group_2,NA,maize_forage,NA,malting_barley,NA,NA,NA,Crusoe; extase,No,N/A,not_seen,Yes,Yes,Yes,Yes,Yes,No,No,No,Yes,NA,NA,Yes,NA,NA,NA,Yes,NA,Yes,Yes,Yes,Yes,Reduced tillage,NA,6.9,22.6,4209,44,9.4,2323.8,3.8,5.2,92.9,226.1,338,0,0.8,16.8
2_demultiplex.bc1020--bc1057.hifi_reads,F7,1,sample,5BY.01,5BY.01.06,NA,NA,53.02619,-0.6952,5,8,2024,01/01/2024,08/05/2024,217,group_2,NA,oats,vetch,wheat_group2,NA,maize,NA,forage_rye,NA,NA,NA,Extase; extase,No,N/A,not_seen,Yes,Yes,Yes,Yes,Yes,No,No,No,Yes,NA,NA,Yes,NA,NA,NA,Yes,NA,Yes,Yes,Yes,Yes,Reduced tillage,NA,6.6,21.6,369,134,17.5,3777.1,4.4,6,113.8,346.8,1023.9,0,1.3,29
2_demultiplex.bc1020--bc1059.hifi_reads,F8,1,sample,5BY.01,5BY.01.14,NA,NA,53.02619,-0.6952,5,8,2024,01/01/2024,08/05/2024,217,group_2,NA,oats,vetch,wheat_group2,NA,maize,NA,forage_rye,NA,NA,NA,Extase; extase,No,N/A,not_seen,Yes,Yes,Yes,Yes,Yes,No,No,No,Yes,NA,NA,Yes,NA,NA,NA,Yes,NA,Yes,Yes,Yes,Yes,Reduced tillage,NA,6.6,21.6,369,134,17.5,3777.1,4.4,6,113.8,346.8,1023.9,0,1.3,29
2_demultiplex.bc1020--bc1060.hifi_reads,F9,1,sample,5RJ.02,5RJ.02.01,NA,NA,53.218306,-0.16975,6,8,2024,01/01/2024,08/06/2024,218,feed_wheat,NA,pre_pack,NA,group_2,NA,maize_forage,NA,spring_wheat,NA,NA,NA,Champion; extase,No,N/A,not_seen,Yes,Yes,Yes,Yes,Yes,No,No,No,Yes,NA,NA,Yes,NA,NA,NA,Yes,NA,Yes,Yes,Yes,Yes,Reduced tillage,NA,7.9,24.2,168,68,11.8,2664.1,5.3,4.8,67.2,291.3,55.1,0,0.5,18.8
2_demultiplex.bc1020--bc1062.hifi_reads,F10,1,sample,5RJ.02,5RJ.02.09,NA,NA,53.218306,-0.16975,6,8,2024,01/01/2024,08/06/2024,218,feed_wheat,NA,pre_pack,NA,group_2,NA,maize_forage,NA,spring_wheat,NA,NA,NA,Champion; extase,No,N/A,not_seen,Yes,Yes,Yes,Yes,Yes,No,No,No,Yes,NA,NA,Yes,NA,NA,NA,Yes,NA,Yes,Yes,Yes,Yes,Reduced tillage,NA,7.9,24.2,168,68,11.8,2664.1,5.3,4.8,67.2,291.3,55.1,0,0.5,18.8
2_demultiplex.bc1020--bc1065.hifi_reads,F11,1,sample,5RJ.02,5RJ.02.17,NA,NA,53.218306,-0.16975,6,8,2024,01/01/2024,08/06/2024,218,feed_wheat,NA,pre_pack,NA,group_2,NA,maize_forage,NA,spring_wheat,NA,NA,NA,Champion; extase,No,N/A,not_seen,Yes,Yes,Yes,Yes,Yes,No,No,No,Yes,NA,NA,Yes,NA,NA,NA,Yes,NA,Yes,Yes,Yes,Yes,Reduced tillage,NA,7.9,24.2,168,68,11.8,2664.1,5.3,4.8,67.2,291.3,55.1,0,0.5,18.8
2_demultiplex.bc1020--bc1075.hifi_reads,F12,1,gt_control,S3,S3,NA,NA,NA,NA,NA,NA,NA,NA,NA,NA,NA,NA,NA,NA,NA,NA,NA,NA,NA,NA,NA,NA,NA,NA,NA,NA,NA,NA,NA,NA,NA,NA,NA,NA,NA,NA,NA,NA,NA,NA,NA,NA,NA,NA,NA,NA,NA,NA,NA,NA,NA,NA,NA,NA,NA,NA,NA,NA,NA,NA,NA,NA,NA
2_demultiplex.bc1022--bc1033.hifi_reads,G1,1,sample,4LQ.01,4LQ.01.02,NA,NA,51.23002,1.23029,20,8,2024,01/01/2024,20/08/2024,232,winter_wheat,NA,winter_oats,NA,winter_wheat,NA,winter_wheat,NA,winter_beans,NA,NA,NA,Common wheat/bread wheat; Heritage wheat,No,N/A,not_seen,Yes,Yes,Yes,Yes,Yes,No,Yes,No,No,NA,NA,Yes,NA,NA,NA,NA,Every three years,Yes,NA,NA,No,No tillage,NA,7.9,29.2,201,55,22.9,3133.1,4.7,8.3,137.6,117.6,45.4,0,0.6,21.8
2_demultiplex.bc1022--bc1035.hifi_reads,G2,1,sample,4LQ.01,4LQ.01.10,NA,NA,51.23002,1.23029,20,8,2024,01/01/2024,20/08/2024,232,winter_wheat,NA,winter_oats,NA,winter_wheat,NA,winter_wheat,NA,winter_beans,NA,NA,NA,Common wheat/bread wheat; Heritage wheat,No,N/A,not_seen,Yes,Yes,Yes,Yes,Yes,No,Yes,No,No,NA,NA,Yes,NA,NA,NA,NA,Every three years,Yes,NA,NA,No,No tillage,NA,7.9,29.2,201,55,22.9,3133.1,4.7,8.3,137.6,117.6,45.4,0,0.6,21.8
2_demultiplex.bc1022--bc1044.hifi_reads,G3,1,sample,4LQ.01,4LQ.01.18,NA,NA,51.23002,1.23029,20,8,2024,01/01/2024,20/08/2024,232,winter_wheat,NA,winter_oats,NA,winter_wheat,NA,winter_wheat,NA,winter_beans,NA,NA,NA,Common wheat/bread wheat; Heritage wheat,No,N/A,not_seen,Yes,Yes,Yes,Yes,Yes,No,Yes,No,No,NA,NA,Yes,NA,NA,NA,NA,Every three years,Yes,NA,NA,No,No tillage,NA,7.9,29.2,201,55,22.9,3133.1,4.7,8.3,137.6,117.6,45.4,0,0.6,21.8
2_demultiplex.bc1022--bc1045.hifi_reads,G4,1,sample,5LY.02,5LY.02.05,NA,NA,53.21567,-0.14249,6,8,2024,01/01/2024,08/06/2024,218,group_1,NA,combining_peas,NA,group_2,NA,maize_forage,NA,malting_barley,NA,NA,NA,Crusoe; extase,No,N/A,not_seen,Yes,Yes,Yes,Yes,Yes,No,No,No,Yes,NA,NA,Yes,NA,NA,NA,Yes,NA,Yes,Yes,Yes,Yes,Reduced tillage,NA,6.9,22.6,4209,44,9.4,2323.8,3.8,5.2,92.9,226.1,338,0,0.8,16.8
2_demultiplex.bc1022--bc1054.hifi_reads,G5,1,sample,5LY.02,5LY.02.13,NA,NA,53.21567,-0.14249,6,8,2024,01/01/2024,08/06/2024,218,group_1,NA,combining_peas,NA,group_2,NA,maize_forage,NA,malting_barley,NA,NA,NA,Crusoe; extase,No,N/A,not_seen,Yes,Yes,Yes,Yes,Yes,No,No,No,Yes,NA,NA,Yes,NA,NA,NA,Yes,NA,Yes,Yes,Yes,Yes,Reduced tillage,NA,6.9,22.6,4209,44,9.4,2323.8,3.8,5.2,92.9,226.1,338,0,0.8,16.8
2_demultiplex.bc1022--bc1056.hifi_reads,G6,1,farmer_kit,5LY.02,5LY.2.230.FK,230,SFK,53.21567,-0.14249,6,8,2024,01/01/2024,08/06/2024,218,group_1,NA,combining_peas,NA,group_2,NA,maize_forage,NA,malting_barley,NA,NA,NA,Crusoe; extase,No,N/A,not_seen,Yes,Yes,Yes,Yes,Yes,No,No,No,Yes,NA,NA,Yes,NA,NA,NA,Yes,NA,Yes,Yes,Yes,Yes,Reduced tillage,NA,6.9,22.6,4209,44,9.4,2323.8,3.8,5.2,92.9,226.1,338,0,0.8,16.8
2_demultiplex.bc1022--bc1057.hifi_reads,G7,1,sample,5BY.01,5BY.01.07,NA,NA,53.02619,-0.6952,5,8,2024,01/01/2024,08/05/2024,217,group_2,NA,oats,vetch,wheat_group2,NA,maize,NA,forage_rye,NA,NA,NA,Extase; extase,No,N/A,not_seen,Yes,Yes,Yes,Yes,Yes,No,No,No,Yes,NA,NA,Yes,NA,NA,NA,Yes,NA,Yes,Yes,Yes,Yes,Reduced tillage,NA,6.6,21.6,369,134,17.5,3777.1,4.4,6,113.8,346.8,1023.9,0,1.3,29
2_demultiplex.bc1022--bc1059.hifi_reads,G8,1,sample,5BY.01,5BY.01.15,NA,NA,53.02619,-0.6952,5,8,2024,01/01/2024,08/05/2024,217,group_2,NA,oats,vetch,wheat_group2,NA,maize,NA,forage_rye,NA,NA,NA,Extase; extase,No,N/A,not_seen,Yes,Yes,Yes,Yes,Yes,No,No,No,Yes,NA,NA,Yes,NA,NA,NA,Yes,NA,Yes,Yes,Yes,Yes,Reduced tillage,NA,6.6,21.6,369,134,17.5,3777.1,4.4,6,113.8,346.8,1023.9,0,1.3,29
2_demultiplex.bc1022--bc1060.hifi_reads,G9,1,sample,5RJ.02,5RJ.02.02,NA,NA,53.218306,-0.16975,6,8,2024,01/01/2024,08/06/2024,218,feed_wheat,NA,pre_pack,NA,group_2,NA,maize_forage,NA,spring_wheat,NA,NA,NA,Champion; extase,No,N/A,not_seen,Yes,Yes,Yes,Yes,Yes,No,No,No,Yes,NA,NA,Yes,NA,NA,NA,Yes,NA,Yes,Yes,Yes,Yes,Reduced tillage,NA,7.9,24.2,168,68,11.8,2664.1,5.3,4.8,67.2,291.3,55.1,0,0.5,18.8
2_demultiplex.bc1022--bc1062.hifi_reads,G10,1,sample,5RJ.02,5RJ.02.10,NA,NA,53.218306,-0.16975,6,8,2024,01/01/2024,08/06/2024,218,feed_wheat,NA,pre_pack,NA,group_2,NA,maize_forage,NA,spring_wheat,NA,NA,NA,Champion; extase,No,N/A,not_seen,Yes,Yes,Yes,Yes,Yes,No,No,No,Yes,NA,NA,Yes,NA,NA,NA,Yes,NA,Yes,Yes,Yes,Yes,Reduced tillage,NA,7.9,24.2,168,68,11.8,2664.1,5.3,4.8,67.2,291.3,55.1,0,0.5,18.8
2_demultiplex.bc1022--bc1065.hifi_reads,G11,1,sample,5RJ.02,5RJ.02.18,NA,NA,53.218306,-0.16975,6,8,2024,01/01/2024,08/06/2024,218,feed_wheat,NA,pre_pack,NA,group_2,NA,maize_forage,NA,spring_wheat,NA,NA,NA,Champion; extase,No,N/A,not_seen,Yes,Yes,Yes,Yes,Yes,No,No,No,Yes,NA,NA,Yes,NA,NA,NA,Yes,NA,Yes,Yes,Yes,Yes,Reduced tillage,NA,7.9,24.2,168,68,11.8,2664.1,5.3,4.8,67.2,291.3,55.1,0,0.5,18.8
2_demultiplex.bc1024--bc1033.hifi_reads,H1,1,sample,4LQ.01,4LQ.01.03,NA,NA,51.23002,1.23029,20,8,2024,01/01/2024,20/08/2024,232,winter_wheat,NA,winter_oats,NA,winter_wheat,NA,winter_wheat,NA,winter_beans,NA,NA,NA,Common wheat/bread wheat; Heritage wheat,No,N/A,not_seen,Yes,Yes,Yes,Yes,Yes,No,Yes,No,No,NA,NA,Yes,NA,NA,NA,NA,Every three years,Yes,NA,NA,No,No tillage,NA,7.9,29.2,201,55,22.9,3133.1,4.7,8.3,137.6,117.6,45.4,0,0.6,21.8
2_demultiplex.bc1024--bc1035.hifi_reads,H2,1,sample,4LQ.01,4LQ.01.11,NA,NA,51.23002,1.23029,20,8,2024,01/01/2024,20/08/2024,232,winter_wheat,NA,winter_oats,NA,winter_wheat,NA,winter_wheat,NA,winter_beans,NA,NA,NA,Common wheat/bread wheat; Heritage wheat,No,N/A,not_seen,Yes,Yes,Yes,Yes,Yes,No,Yes,No,No,NA,NA,Yes,NA,NA,NA,NA,Every three years,Yes,NA,NA,No,No tillage,NA,7.9,29.2,201,55,22.9,3133.1,4.7,8.3,137.6,117.6,45.4,0,0.6,21.8
2_demultiplex.bc1024--bc1044.hifi_reads,H3,1,sample,4LQ.01,4LQ.01.19,NA,NA,51.23002,1.23029,20,8,2024,01/01/2024,20/08/2024,232,winter_wheat,NA,winter_oats,NA,winter_wheat,NA,winter_wheat,NA,winter_beans,NA,NA,NA,Common wheat/bread wheat; Heritage wheat,No,N/A,not_seen,Yes,Yes,Yes,Yes,Yes,No,Yes,No,No,NA,NA,Yes,NA,NA,NA,NA,Every three years,Yes,NA,NA,No,No tillage,NA,7.9,29.2,201,55,22.9,3133.1,4.7,8.3,137.6,117.6,45.4,0,0.6,21.8
2_demultiplex.bc1024--bc1045.hifi_reads,H4,1,sample,5LY.02,5LY.02.06,NA,NA,53.21567,-0.14249,6,8,2024,01/01/2024,08/06/2024,218,group_1,NA,combining_peas,NA,group_2,NA,maize_forage,NA,malting_barley,NA,NA,NA,Crusoe; extase,No,N/A,not_seen,Yes,Yes,Yes,Yes,Yes,No,No,No,Yes,NA,NA,Yes,NA,NA,NA,Yes,NA,Yes,Yes,Yes,Yes,Reduced tillage,NA,6.9,22.6,4209,44,9.4,2323.8,3.8,5.2,92.9,226.1,338,0,0.8,16.8
2_demultiplex.bc1024--bc1054.hifi_reads,H5,1,sample,5LY.02,5LY.02.14,NA,NA,53.21567,-0.14249,6,8,2024,01/01/2024,08/06/2024,218,group_1,NA,combining_peas,NA,group_2,NA,maize_forage,NA,malting_barley,NA,NA,NA,Crusoe; extase,No,N/A,not_seen,Yes,Yes,Yes,Yes,Yes,No,No,No,Yes,NA,NA,Yes,NA,NA,NA,Yes,NA,Yes,Yes,Yes,Yes,Reduced tillage,NA,6.9,22.6,4209,44,9.4,2323.8,3.8,5.2,92.9,226.1,338,0,0.8,16.8
2_demultiplex.bc1024--bc1056.hifi_reads,H6,1,farmer_kit,5RQ.01,5RQ.1.226.FK,226,IFK,53.21363,-0.152588,6,8,2024,01/01/2024,08/06/2024,218,group_1,NA,pre_pack,NA,group_2,NA,maize_forage,NA,spring_wheat,NA,NA,NA,Crusoe; extase,No,N/A,not_seen,Yes,Yes,Yes,Yes,Yes,No,No,No,Yes,NA,NA,Yes,NA,NA,NA,Yes,NA,Yes,Yes,Yes,Yes,Reduced tillage,NA,8,26.2,193,39,22.2,2370.9,4.2,6.9,35.2,100.1,34.5,0,0.1,16.7
2_demultiplex.bc1024--bc1057.hifi_reads,H7,1,sample,5BY.01,5BY.01.08,NA,NA,53.02619,-0.6952,5,8,2024,01/01/2024,08/05/2024,217,group_2,NA,oats,vetch,wheat_group2,NA,maize,NA,forage_rye,NA,NA,NA,Extase; extase,No,N/A,not_seen,Yes,Yes,Yes,Yes,Yes,No,No,No,Yes,NA,NA,Yes,NA,NA,NA,Yes,NA,Yes,Yes,Yes,Yes,Reduced tillage,NA,6.6,21.6,369,134,17.5,3777.1,4.4,6,113.8,346.8,1023.9,0,1.3,29
2_demultiplex.bc1024--bc1059.hifi_reads,H8,1,sample,5BY.01,5BY.01.16,NA,NA,53.02619,-0.6952,5,8,2024,01/01/2024,08/05/2024,217,group_2,NA,oats,vetch,wheat_group2,NA,maize,NA,forage_rye,NA,NA,NA,Extase; extase,No,N/A,not_seen,Yes,Yes,Yes,Yes,Yes,No,No,No,Yes,NA,NA,Yes,NA,NA,NA,Yes,NA,Yes,Yes,Yes,Yes,Reduced tillage,NA,6.6,21.6,369,134,17.5,3777.1,4.4,6,113.8,346.8,1023.9,0,1.3,29
2_demultiplex.bc1024--bc1060.hifi_reads,H9,1,sample,5RJ.02,5RJ.02.03,NA,NA,53.218306,-0.16975,6,8,2024,01/01/2024,08/06/2024,218,feed_wheat,NA,pre_pack,NA,group_2,NA,maize_forage,NA,spring_wheat,NA,NA,NA,Champion; extase,No,N/A,not_seen,Yes,Yes,Yes,Yes,Yes,No,No,No,Yes,NA,NA,Yes,NA,NA,NA,Yes,NA,Yes,Yes,Yes,Yes,Reduced tillage,NA,7.9,24.2,168,68,11.8,2664.1,5.3,4.8,67.2,291.3,55.1,0,0.5,18.8
2_demultiplex.bc1024--bc1062.hifi_reads,H10,1,sample,5RJ.02,5RJ.02.11,NA,NA,53.218306,-0.16975,6,8,2024,01/01/2024,08/06/2024,218,feed_wheat,NA,pre_pack,NA,group_2,NA,maize_forage,NA,spring_wheat,NA,NA,NA,Champion; extase,No,N/A,not_seen,Yes,Yes,Yes,Yes,Yes,No,No,No,Yes,NA,NA,Yes,NA,NA,NA,Yes,NA,Yes,Yes,Yes,Yes,Reduced tillage,NA,7.9,24.2,168,68,11.8,2664.1,5.3,4.8,67.2,291.3,55.1,0,0.5,18.8
2_demultiplex.bc1024--bc1065.hifi_reads,H11,1,sample,5RJ.02,5RJ.02.19,NA,NA,53.218306,-0.16975,6,8,2024,01/01/2024,08/06/2024,218,feed_wheat,NA,pre_pack,NA,group_2,NA,maize_forage,NA,spring_wheat,NA,NA,NA,Champion; extase,No,N/A,not_seen,Yes,Yes,Yes,Yes,Yes,No,No,No,Yes,NA,NA,Yes,NA,NA,NA,Yes,NA,Yes,Yes,Yes,Yes,Reduced tillage,NA,7.9,24.2,168,68,11.8,2664.1,5.3,4.8,67.2,291.3,55.1,0,0.5,18.8
2_demultiplex.bc1005--bc1076.hifi_reads,A1,1,sample,6LP.01,6LP.01.05,NA,NA,52.284838,-2.328044,26,6,2024,01/01/2024,08/06/2024,218,wheat,NA,salad_onions,NA,winter_wheat,NA,pak_choi,NA,french_Beans,NA,NA,NA,Common wheat/bread wheat,Yes,Bleaching/discolouration,NA,Yes,Yes,No,Yes,No,Sulphur,No,No,Yes,NA,NA,Yes,NA,NA,NA,NA,When required,Yes,Yes,Yes,Yes,Reduced tillage,NA,7,48,240,64,6.9,1734.2,3.6,7.7,101.5,306.5,94.9,0,0.5,13
2_demultiplex.bc1005--bc1082.hifi_reads,A2,1,sample,6LP.01,6LP.01.13,NA,NA,52.284838,-2.328044,26,6,2024,01/01/2024,08/06/2024,218,wheat,NA,salad_onions,NA,winter_wheat,NA,pak_choi,NA,french_Beans,NA,NA,NA,Common wheat/bread wheat,Yes,Bleaching/discolouration,NA,Yes,Yes,No,Yes,No,Sulphur,No,No,Yes,NA,NA,Yes,NA,NA,NA,NA,When required,Yes,Yes,Yes,Yes,Reduced tillage,NA,7,48,240,64,6.9,1734.2,3.6,7.7,101.5,306.5,94.9,0,0.5,13
2_demultiplex.bc1005--bc1083.hifi_reads,A3,1,farmer_kit,6LP.01,6LP.1.248.FK,248,SFK,52.284838,-2.328044,26,6,2024,01/01/2024,08/06/2024,218,wheat,NA,salad_onions,NA,winter_wheat,NA,pak_choi,NA,french_Beans,NA,NA,NA,Common wheat/bread wheat,Yes,Bleaching/discolouration,NA,Yes,Yes,No,Yes,No,Sulphur,No,No,Yes,NA,NA,Yes,NA,NA,NA,NA,When required,Yes,Yes,Yes,Yes,Reduced tillage,NA,7,48,240,64,6.9,1734.2,3.6,7.7,101.5,306.5,94.9,0,0.5,13
2_demultiplex.bc1005--bc1089.hifi_reads,A4,1,sample,5RA.02,5RA.02.08,NA,NA,50.798874,0.167721,10,7,2024,01/01/2024,07/10/2024,191,unknown,NA,unknown,NA,unknown,NA,unknown,NA,unknown,NA,NA,NA,unknown,unknown,unknown,unknown,unknown,unknown,unknown,unknown,unknown,unknown,unknown,unknown,unknown,NA,unknown,unknown,NA,NA,NA,unknown,NA,unknown,unknown,unknown,unknown,unknown,NA,7.9,20.6,91,60,20.8,2709.5,3.6,7.5,96.3,118.7,86.4,0,0.3,18.7
2_demultiplex.bc1005--bc1096.hifi_reads,A5,1,sample,5RA.02,5RA.02.16,NA,NA,50.798874,0.167721,10,7,2024,01/01/2024,07/10/2024,191,unknown,NA,unknown,NA,unknown,NA,unknown,NA,unknown,NA,NA,NA,unknown,unknown,unknown,unknown,unknown,unknown,unknown,unknown,unknown,unknown,unknown,unknown,unknown,NA,unknown,unknown,NA,NA,NA,unknown,NA,unknown,unknown,unknown,unknown,unknown,NA,7.9,20.6,91,60,20.8,2709.5,3.6,7.5,96.3,118.7,86.4,0,0.3,18.7
2_demultiplex.bc1005--bc1098.hifi_reads,A6,1,sample,5NQ.01,5NQ.01.03,NA,NA,52.865968,-2.79264,27,6,2024,01/01/2024,27/06/2024,178,winter_wheat,sp_barley,winter_wheat,NA,spring_beans,NA,winter_wheat,NA,winter_wheat,NA,NA,NA,Common wheat/bread wheat,No,N/A,not_seen,Yes,Yes,No,No,Yes,No,No,Yes,No,NA,NA,Yes,NA,NA,NA,Yes,NA,NA,Yes,Yes,No,No tillage,NA,6.2,31.1,188,103.5,11.3,1725.7,3.4,5.4,58,364.4,68.1,0,0.4,16
2_demultiplex.bc1005--bc1101.hifi_reads,A8,1,sample,5NQ.01,5NQ.01.19,NA,NA,52.865968,-2.79264,27,6,2024,01/01/2024,27/06/2024,178,winter_wheat,sp_barley,winter_wheat,NA,spring_beans,NA,winter_wheat,NA,winter_wheat,NA,NA,NA,Common wheat/bread wheat,No,N/A,not_seen,Yes,Yes,No,No,Yes,No,No,Yes,No,NA,NA,Yes,NA,NA,NA,Yes,NA,NA,Yes,Yes,No,No tillage,NA,6.2,31.1,188,103.5,11.3,1725.7,3.4,5.4,58,364.4,68.1,0,0.4,16
2_demultiplex.bc1005--bc1105.hifi_reads,A9,1,sample,5LY.01,5LY.01.05,NA,NA,53.21982,-0.14094,6,8,2024,01/01/2024,08/06/2024,218,group_1,NA,vining_peas,NA,group_2,NA,maize_forage,NA,feed_barley,NA,NA,NA,Crusoe; extase,No,N/A,not_seen,Yes,Yes,Yes,Yes,Yes,No,No,No,Yes,NA,NA,Yes,NA,NA,NA,Yes,NA,Yes,Yes,Yes,Yes,Reduced tillage,NA,6.6,35.2,181,54,6.8,1725.8,4.2,5.1,111.9,276.1,49.2,0,0.8,13.9
2_demultiplex.bc1005--bc1107.hifi_reads,A10,1,sample,5LY.01,5LY.01.13,NA,NA,53.21982,-0.14094,6,8,2024,01/01/2024,08/06/2024,218,group_1,NA,vining_peas,NA,group_2,NA,maize_forage,NA,feed_barley,NA,NA,NA,Crusoe; extase,No,N/A,not_seen,Yes,Yes,Yes,Yes,Yes,No,No,No,Yes,NA,NA,Yes,NA,NA,NA,Yes,NA,Yes,Yes,Yes,Yes,Reduced tillage,NA,6.6,35.2,181,54,6.8,1725.8,4.2,5.1,111.9,276.1,49.2,0,0.8,13.9
2_demultiplex.bc1005--bc1110.hifi_reads,A11,1,farmer_kit,5LY.01,5LY.1.233.FK,233,SFK,53.21982,-0.14094,6,8,2024,01/01/2024,08/06/2024,218,group_1,NA,vining_peas,NA,group_2,NA,maize_forage,NA,feed_barley,NA,NA,NA,Crusoe; extase,No,N/A,not_seen,Yes,Yes,Yes,Yes,Yes,No,No,No,Yes,NA,NA,Yes,NA,NA,NA,Yes,NA,Yes,Yes,Yes,Yes,Reduced tillage,NA,6.6,35.2,181,54,6.8,1725.8,4.2,5.1,111.9,276.1,49.2,0,0.8,13.9
2_demultiplex.bc1005--bc1112.hifi_reads,A12,1,sample,4EH.01,4EH.01.08,NA,NA,51.893792,-0.825926,24,6,2024,01/01/2024,24/06/2024,175,spring_wheat,NA,spring_beans,NA,winter_wheat,NA,spring_oats,NA,spring_wheat,NA,NA,NA,X days,No,N/A,not_seen,Yes,Yes,No,No,No,Sulfur,No,No,No,Yes,220Kile N/hectare; 20 kilo S/hectare,NA,NA,NA,NA,Yes,30 tons/hectare,NA,Yes,Yes,No,No tillage,NA,7.6,62.4,475,121,17.8,3290.9,3.7,8.2,66.4,239.5,95.4,0,0.3,24.6
2_demultiplex.bc1007--bc1076.hifi_reads,B1,1,sample,6LP.01,6LP.01.06,NA,NA,52.284838,-2.328044,26,6,2024,01/01/2024,08/06/2024,218,wheat,NA,salad_onions,NA,winter_wheat,NA,pak_choi,NA,french_Beans,NA,NA,NA,Common wheat/bread wheat,Yes,Bleaching/discolouration,NA,Yes,Yes,No,Yes,No,Sulphur,No,No,Yes,NA,NA,Yes,NA,NA,NA,NA,When required,Yes,Yes,Yes,Yes,Reduced tillage,NA,7,48,240,64,6.9,1734.2,3.6,7.7,101.5,306.5,94.9,0,0.5,13
2_demultiplex.bc1007--bc1082.hifi_reads,B2,1,sample,6LP.01,6LP.01.14,NA,NA,52.284838,-2.328044,26,6,2024,01/01/2024,08/06/2024,218,wheat,NA,salad_onions,NA,winter_wheat,NA,pak_choi,NA,french_Beans,NA,NA,NA,Common wheat/bread wheat,Yes,Bleaching/discolouration,NA,Yes,Yes,No,Yes,No,Sulphur,No,No,Yes,NA,NA,Yes,NA,NA,NA,NA,When required,Yes,Yes,Yes,Yes,Reduced tillage,NA,7,48,240,64,6.9,1734.2,3.6,7.7,101.5,306.5,94.9,0,0.5,13
2_demultiplex.bc1007--bc1083.hifi_reads,B3,1,sample,5RA.02,5RA.02.01,NA,NA,50.798874,0.167721,10,7,2024,01/01/2024,07/10/2024,191,unknown,NA,unknown,NA,unknown,NA,unknown,NA,unknown,NA,NA,NA,unknown,unknown,unknown,unknown,unknown,unknown,unknown,unknown,unknown,unknown,unknown,unknown,unknown,NA,unknown,unknown,NA,NA,NA,unknown,NA,unknown,unknown,unknown,unknown,unknown,NA,7.9,20.6,91,60,20.8,2709.5,3.6,7.5,96.3,118.7,86.4,0,0.3,18.7
2_demultiplex.bc1007--bc1089.hifi_reads,B4,1,sample,5RA.02,5RA.02.09,NA,NA,50.798874,0.167721,10,7,2024,01/01/2024,07/10/2024,191,unknown,NA,unknown,NA,unknown,NA,unknown,NA,unknown,NA,NA,NA,unknown,unknown,unknown,unknown,unknown,unknown,unknown,unknown,unknown,unknown,unknown,unknown,unknown,NA,unknown,unknown,NA,NA,NA,unknown,NA,unknown,unknown,unknown,unknown,unknown,NA,7.9,20.6,91,60,20.8,2709.5,3.6,7.5,96.3,118.7,86.4,0,0.3,18.7
2_demultiplex.bc1007--bc1096.hifi_reads,B5,1,sample,5RA.02,5RA.02.17,NA,NA,50.798874,0.167721,10,7,2024,01/01/2024,07/10/2024,191,unknown,NA,unknown,NA,unknown,NA,unknown,NA,unknown,NA,NA,NA,unknown,unknown,unknown,unknown,unknown,unknown,unknown,unknown,unknown,unknown,unknown,unknown,unknown,NA,unknown,unknown,NA,NA,NA,unknown,NA,unknown,unknown,unknown,unknown,unknown,NA,7.9,20.6,91,60,20.8,2709.5,3.6,7.5,96.3,118.7,86.4,0,0.3,18.7
2_demultiplex.bc1007--bc1098.hifi_reads,B6,1,sample,5NQ.01,5NQ.01.04,NA,NA,52.865968,-2.79264,27,6,2024,01/01/2024,27/06/2024,178,winter_wheat,sp_barley,winter_wheat,NA,spring_beans,NA,winter_wheat,NA,winter_wheat,NA,NA,NA,Common wheat/bread wheat,No,N/A,not_seen,Yes,Yes,No,No,Yes,No,No,Yes,No,NA,NA,Yes,NA,NA,NA,Yes,NA,NA,Yes,Yes,No,No tillage,NA,6.2,31.1,188,103.5,11.3,1725.7,3.4,5.4,58,364.4,68.1,0,0.4,16
2_demultiplex.bc1007--bc1101.hifi_reads,B8,1,sample,5NQ.01,5NQ.01.20,NA,NA,52.865968,-2.79264,27,6,2024,01/01/2024,27/06/2024,178,winter_wheat,sp_barley,winter_wheat,NA,spring_beans,NA,winter_wheat,NA,winter_wheat,NA,NA,NA,Common wheat/bread wheat,No,N/A,not_seen,Yes,Yes,No,No,Yes,No,No,Yes,No,NA,NA,Yes,NA,NA,NA,Yes,NA,NA,Yes,Yes,No,No tillage,NA,6.2,31.1,188,103.5,11.3,1725.7,3.4,5.4,58,364.4,68.1,0,0.4,16
2_demultiplex.bc1007--bc1105.hifi_reads,B9,1,sample,5LY.01,5LY.01.06,NA,NA,53.21982,-0.14094,6,8,2024,01/01/2024,08/06/2024,218,group_1,NA,vining_peas,NA,group_2,NA,maize_forage,NA,feed_barley,NA,NA,NA,Crusoe; extase,No,N/A,not_seen,Yes,Yes,Yes,Yes,Yes,No,No,No,Yes,NA,NA,Yes,NA,NA,NA,Yes,NA,Yes,Yes,Yes,Yes,Reduced tillage,NA,6.6,35.2,181,54,6.8,1725.8,4.2,5.1,111.9,276.1,49.2,0,0.8,13.9
2_demultiplex.bc1007--bc1107.hifi_reads,B10,1,sample,5LY.01,5LY.01.14,NA,NA,53.21982,-0.14094,6,8,2024,01/01/2024,08/06/2024,218,group_1,NA,vining_peas,NA,group_2,NA,maize_forage,NA,feed_barley,NA,NA,NA,Crusoe; extase,No,N/A,not_seen,Yes,Yes,Yes,Yes,Yes,No,No,No,Yes,NA,NA,Yes,NA,NA,NA,Yes,NA,Yes,Yes,Yes,Yes,Reduced tillage,NA,6.6,35.2,181,54,6.8,1725.8,4.2,5.1,111.9,276.1,49.2,0,0.8,13.9
2_demultiplex.bc1007--bc1110.hifi_reads,B11,1,sample,4EH.01,4EH.01.01,NA,NA,51.893792,-0.825926,24,6,2024,01/01/2024,24/06/2024,175,spring_wheat,NA,spring_beans,NA,winter_wheat,NA,spring_oats,NA,spring_wheat,NA,NA,NA,X days,No,N/A,not_seen,Yes,Yes,No,No,No,Sulfur,No,No,No,Yes,220Kile N/hectare; 20 kilo S/hectare,NA,NA,NA,NA,Yes,30 tons/hectare,NA,Yes,Yes,No,No tillage,NA,7.6,62.4,475,121,17.8,3290.9,3.7,8.2,66.4,239.5,95.4,0,0.3,24.6
2_demultiplex.bc1007--bc1112.hifi_reads,B12,1,sample,4EH.01,4EH.01.09,NA,NA,51.893792,-0.825926,24,6,2024,01/01/2024,24/06/2024,175,spring_wheat,NA,spring_beans,NA,winter_wheat,NA,spring_oats,NA,spring_wheat,NA,NA,NA,X days,No,N/A,not_seen,Yes,Yes,No,No,No,Sulfur,No,No,No,Yes,220Kile N/hectare; 20 kilo S/hectare,NA,NA,NA,NA,Yes,30 tons/hectare,NA,Yes,Yes,No,No tillage,NA,7.6,62.4,475,121,17.8,3290.9,3.7,8.2,66.4,239.5,95.4,0,0.3,24.6
2_demultiplex.bc1008--bc1076.hifi_reads,C1,1,sample,6LP.01,6LP.01.07,NA,NA,52.284838,-2.328044,26,6,2024,01/01/2024,26/06/2024,177,wheat,NA,salad_onions,NA,winter_wheat,NA,pak_choi,NA,french_Beans,NA,NA,NA,Common wheat/bread wheat,Yes,Bleaching/discolouration,NA,Yes,Yes,No,Yes,No,Sulphur,No,No,Yes,NA,NA,Yes,NA,NA,NA,NA,When required,Yes,Yes,Yes,Yes,Reduced tillage,NA,7,48,240,64,6.9,1734.2,3.6,7.7,101.5,306.5,94.9,0,0.5,13
2_demultiplex.bc1008--bc1082.hifi_reads,C2,1,sample,6LP.01,6LP.01.15,NA,NA,52.284838,-2.328044,26,6,2024,01/01/2024,26/06/2024,177,wheat,NA,salad_onions,NA,winter_wheat,NA,pak_choi,NA,french_Beans,NA,NA,NA,Common wheat/bread wheat,Yes,Bleaching/discolouration,NA,Yes,Yes,No,Yes,No,Sulphur,No,No,Yes,NA,NA,Yes,NA,NA,NA,NA,When required,Yes,Yes,Yes,Yes,Reduced tillage,NA,7,48,240,64,6.9,1734.2,3.6,7.7,101.5,306.5,94.9,0,0.5,13
2_demultiplex.bc1008--bc1083.hifi_reads,C3,1,sample,5RA.02,5RA.02.02,NA,NA,50.798874,0.167721,10,7,2024,01/01/2024,07/10/2024,191,unknown,NA,unknown,NA,unknown,NA,unknown,NA,unknown,NA,NA,NA,unknown,unknown,unknown,unknown,unknown,unknown,unknown,unknown,unknown,unknown,unknown,unknown,unknown,NA,unknown,unknown,NA,NA,NA,unknown,NA,unknown,unknown,unknown,unknown,unknown,NA,7.9,20.6,91,60,20.8,2709.5,3.6,7.5,96.3,118.7,86.4,0,0.3,18.7
2_demultiplex.bc1008--bc1089.hifi_reads,C4,1,sample,5RA.02,5RA.02.10,NA,NA,50.798874,0.167721,10,7,2024,01/01/2024,07/10/2024,191,unknown,NA,unknown,NA,unknown,NA,unknown,NA,unknown,NA,NA,NA,unknown,unknown,unknown,unknown,unknown,unknown,unknown,unknown,unknown,unknown,unknown,unknown,unknown,NA,unknown,unknown,NA,NA,NA,unknown,NA,unknown,unknown,unknown,unknown,unknown,NA,7.9,20.6,91,60,20.8,2709.5,3.6,7.5,96.3,118.7,86.4,0,0.3,18.7
2_demultiplex.bc1008--bc1096.hifi_reads,C5,1,sample,5RA.02,5RA.02.18,NA,NA,50.798874,0.167721,10,7,2024,01/01/2024,07/10/2024,191,unknown,NA,unknown,NA,unknown,NA,unknown,NA,unknown,NA,NA,NA,unknown,unknown,unknown,unknown,unknown,unknown,unknown,unknown,unknown,unknown,unknown,unknown,unknown,NA,unknown,unknown,NA,NA,NA,unknown,NA,unknown,unknown,unknown,unknown,unknown,NA,7.9,20.6,91,60,20.8,2709.5,3.6,7.5,96.3,118.7,86.4,0,0.3,18.7
2_demultiplex.bc1008--bc1098.hifi_reads,C6,1,sample,5NQ.01,5NQ.01.05,NA,NA,52.865968,-2.79264,27,6,2024,01/01/2024,27/06/2024,178,winter_wheat,sp_barley,winter_wheat,NA,spring_beans,NA,winter_wheat,NA,winter_wheat,NA,NA,NA,Common wheat/bread wheat,No,N/A,not_seen,Yes,Yes,No,No,Yes,No,No,Yes,No,NA,NA,Yes,NA,NA,NA,Yes,NA,NA,Yes,Yes,No,No tillage,NA,6.2,31.1,188,103.5,11.3,1725.7,3.4,5.4,58,364.4,68.1,0,0.4,16
2_demultiplex.bc1008--bc1100.hifi_reads,C7,1,sample,5NQ.01,5NQ.01.13,NA,NA,52.865968,-2.79264,27,6,2024,01/01/2024,27/06/2024,178,winter_wheat,sp_barley,winter_wheat,NA,spring_beans,NA,winter_wheat,NA,winter_wheat,NA,NA,NA,Common wheat/bread wheat,No,N/A,not_seen,Yes,Yes,No,No,Yes,No,No,Yes,No,NA,NA,Yes,NA,NA,NA,Yes,NA,NA,Yes,Yes,No,No tillage,NA,6.2,31.1,188,103.5,11.3,1725.7,3.4,5.4,58,364.4,68.1,0,0.4,16
2_demultiplex.bc1008--bc1101.hifi_reads,C8,1,farmer_kit,5NQ.03,5NQ.3.245.FK,245,SFK,52.865968,-2.79264,27,6,2024,01/01/2024,27/06/2024,178,winter_wheat,sp_barley,winter_wheat,NA,spring_beans,NA,winter_wheat,NA,winter_wheat,NA,NA,NA,Common wheat/bread wheat,No,N/A,not_seen,Yes,Yes,No,No,Yes,No,No,Yes,No,NA,NA,Yes,NA,NA,NA,Yes,NA,NA,Yes,Yes,No,No tillage,NA,6.3,27,195,113,12.6,2111.7,3.8,5.5,64.3,379.7,70.5,0,0.5,18.1
2_demultiplex.bc1008--bc1105.hifi_reads,C9,1,sample,5LY.01,5LY.01.07,NA,NA,53.21982,-0.14094,6,8,2024,01/01/2024,08/06/2024,218,group_1,NA,vining_peas,NA,group_2,NA,maize_forage,NA,feed_barley,NA,NA,NA,Crusoe; extase,No,N/A,not_seen,Yes,Yes,Yes,Yes,Yes,No,No,No,Yes,NA,NA,Yes,NA,NA,NA,Yes,NA,Yes,Yes,Yes,Yes,Reduced tillage,NA,6.6,35.2,181,54,6.8,1725.8,4.2,5.1,111.9,276.1,49.2,0,0.8,13.9
2_demultiplex.bc1008--bc1107.hifi_reads,C10,1,sample,5LY.01,5LY.01.15,NA,NA,53.21982,-0.14094,6,8,2024,01/01/2024,08/06/2024,218,group_1,NA,vining_peas,NA,group_2,NA,maize_forage,NA,feed_barley,NA,NA,NA,Crusoe; extase,No,N/A,not_seen,Yes,Yes,Yes,Yes,Yes,No,No,No,Yes,NA,NA,Yes,NA,NA,NA,Yes,NA,Yes,Yes,Yes,Yes,Reduced tillage,NA,6.6,35.2,181,54,6.8,1725.8,4.2,5.1,111.9,276.1,49.2,0,0.8,13.9
2_demultiplex.bc1008--bc1110.hifi_reads,C11,1,sample,4EH.01,4EH.01.02,NA,NA,51.893792,-0.825926,24,6,2024,01/01/2024,24/06/2024,175,spring_wheat,NA,spring_beans,NA,winter_wheat,NA,spring_oats,NA,spring_wheat,NA,NA,NA,X days,No,N/A,not_seen,Yes,Yes,No,No,No,Sulfur,No,No,No,Yes,220Kile N/hectare; 20 kilo S/hectare,NA,NA,NA,NA,Yes,30 tons/hectare,NA,Yes,Yes,No,No tillage,NA,7.6,62.4,475,121,17.8,3290.9,3.7,8.2,66.4,239.5,95.4,0,0.3,24.6
2_demultiplex.bc1008--bc1112.hifi_reads,C12,1,sample,4EH.01,4EH.01.10,NA,NA,51.893792,-0.825926,24,6,2024,01/01/2024,24/06/2024,175,spring_wheat,NA,spring_beans,NA,winter_wheat,NA,spring_oats,NA,spring_wheat,NA,NA,NA,X days,No,N/A,not_seen,Yes,Yes,No,No,No,Sulfur,No,No,No,Yes,220Kile N/hectare; 20 kilo S/hectare,NA,NA,NA,NA,Yes,30 tons/hectare,NA,Yes,Yes,No,No tillage,NA,7.6,62.4,475,121,17.8,3290.9,3.7,8.2,66.4,239.5,95.4,0,0.3,24.6
2_demultiplex.bc1012--bc1076.hifi_reads,D1,1,sample,6LP.01,6LP.01.08,NA,NA,52.284838,-2.328044,26,6,2024,01/01/2024,26/06/2024,177,wheat,NA,salad_onions,NA,winter_wheat,NA,pak_choi,NA,french_Beans,NA,NA,NA,Common wheat/bread wheat,Yes,Bleaching/discolouration,NA,Yes,Yes,No,Yes,No,Sulphur,No,No,Yes,NA,NA,Yes,NA,NA,NA,NA,When required,Yes,Yes,Yes,Yes,Reduced tillage,NA,7,48,240,64,6.9,1734.2,3.6,7.7,101.5,306.5,94.9,0,0.5,13
2_demultiplex.bc1012--bc1082.hifi_reads,D2,1,sample,6LP.01,6LP.01.16,NA,NA,52.284838,-2.328044,26,6,2024,01/01/2024,26/06/2024,177,wheat,NA,salad_onions,NA,winter_wheat,NA,pak_choi,NA,french_Beans,NA,NA,NA,Common wheat/bread wheat,Yes,Bleaching/discolouration,NA,Yes,Yes,No,Yes,No,Sulphur,No,No,Yes,NA,NA,Yes,NA,NA,NA,NA,When required,Yes,Yes,Yes,Yes,Reduced tillage,NA,7,48,240,64,6.9,1734.2,3.6,7.7,101.5,306.5,94.9,0,0.5,13
2_demultiplex.bc1012--bc1083.hifi_reads,D3,1,sample,5RA.02,5RA.02.03,NA,NA,50.798874,0.167721,10,7,2024,01/01/2024,07/10/2024,191,unknown,NA,unknown,NA,unknown,NA,unknown,NA,unknown,NA,NA,NA,unknown,unknown,unknown,unknown,unknown,unknown,unknown,unknown,unknown,unknown,unknown,unknown,unknown,NA,unknown,unknown,NA,NA,NA,unknown,NA,unknown,unknown,unknown,unknown,unknown,NA,7.9,20.6,91,60,20.8,2709.5,3.6,7.5,96.3,118.7,86.4,0,0.3,18.7
2_demultiplex.bc1012--bc1089.hifi_reads,D4,1,sample,5RA.02,5RA.02.11,NA,NA,50.798874,0.167721,10,7,2024,01/01/2024,07/10/2024,191,unknown,NA,unknown,NA,unknown,NA,unknown,NA,unknown,NA,NA,NA,unknown,unknown,unknown,unknown,unknown,unknown,unknown,unknown,unknown,unknown,unknown,unknown,unknown,NA,unknown,unknown,NA,NA,NA,unknown,NA,unknown,unknown,unknown,unknown,unknown,NA,7.9,20.6,91,60,20.8,2709.5,3.6,7.5,96.3,118.7,86.4,0,0.3,18.7
2_demultiplex.bc1012--bc1096.hifi_reads,D5,1,sample,5RA.02,5RA.02.19,NA,NA,50.798874,0.167721,10,7,2024,01/01/2024,07/10/2024,191,unknown,NA,unknown,NA,unknown,NA,unknown,NA,unknown,NA,NA,NA,unknown,unknown,unknown,unknown,unknown,unknown,unknown,unknown,unknown,unknown,unknown,unknown,unknown,NA,unknown,unknown,NA,NA,NA,unknown,NA,unknown,unknown,unknown,unknown,unknown,NA,7.9,20.6,91,60,20.8,2709.5,3.6,7.5,96.3,118.7,86.4,0,0.3,18.7
2_demultiplex.bc1012--bc1098.hifi_reads,D6,1,sample,5NQ.01,5NQ.01.06,NA,NA,52.865968,-2.79264,27,6,2024,01/01/2024,27/06/2024,178,winter_wheat,sp_barley,winter_wheat,NA,spring_beans,NA,winter_wheat,NA,winter_wheat,NA,NA,NA,Common wheat/bread wheat,No,N/A,not_seen,Yes,Yes,No,No,Yes,No,No,Yes,No,NA,NA,Yes,NA,NA,NA,Yes,NA,NA,Yes,Yes,No,No tillage,NA,6.2,31.1,188,103.5,11.3,1725.7,3.4,5.4,58,364.4,68.1,0,0.4,16
2_demultiplex.bc1012--bc1101.hifi_reads,D8,1,farmer_kit,5NQ.02,5NQ.2.246.FK,246,SFK,52.865968,-2.79264,27,6,2024,01/01/2024,27/06/2024,178,winter_wheat,sp_barley,winter_wheat,NA,spring_beans,NA,winter_wheat,NA,winter_wheat,NA,NA,NA,Common wheat/bread wheat,No,N/A,not_seen,Yes,Yes,No,No,Yes,No,No,Yes,No,NA,NA,Yes,NA,NA,NA,Yes,NA,NA,Yes,Yes,No,No tillage,NA,6,33,159,94,10,1339.7,3,5.3,51.7,349.1,65.7,0,0.3,13.9
2_demultiplex.bc1012--bc1105.hifi_reads,D9,1,sample,5LY.01,5LY.01.08,NA,NA,53.21982,-0.14094,6,8,2024,01/01/2024,08/06/2024,218,group_1,NA,vining_peas,NA,group_2,NA,maize_forage,NA,feed_barley,NA,NA,NA,Crusoe; extase,No,N/A,not_seen,Yes,Yes,Yes,Yes,Yes,No,No,No,Yes,NA,NA,Yes,NA,NA,NA,Yes,NA,Yes,Yes,Yes,Yes,Reduced tillage,NA,6.6,35.2,181,54,6.8,1725.8,4.2,5.1,111.9,276.1,49.2,0,0.8,13.9
2_demultiplex.bc1012--bc1107.hifi_reads,D10,1,sample,5LY.01,5LY.01.16,NA,NA,53.21982,-0.14094,6,8,2024,01/01/2024,08/06/2024,218,group_1,NA,vining_peas,NA,group_2,NA,maize_forage,NA,feed_barley,NA,NA,NA,Crusoe; extase,No,N/A,not_seen,Yes,Yes,Yes,Yes,Yes,No,No,No,Yes,NA,NA,Yes,NA,NA,NA,Yes,NA,Yes,Yes,Yes,Yes,Reduced tillage,NA,6.6,35.2,181,54,6.8,1725.8,4.2,5.1,111.9,276.1,49.2,0,0.8,13.9
2_demultiplex.bc1012--bc1110.hifi_reads,D11,1,sample,4EH.01,4EH.01.03,NA,NA,51.893792,-0.825926,24,6,2024,01/01/2024,24/06/2024,175,spring_wheat,NA,spring_beans,NA,winter_wheat,NA,spring_oats,NA,spring_wheat,NA,NA,NA,X days,No,N/A,not_seen,Yes,Yes,No,No,No,Sulfur,No,No,No,Yes,220Kile N/hectare; 20 kilo S/hectare,NA,NA,NA,NA,Yes,30 tons/hectare,NA,Yes,Yes,No,No tillage,NA,7.6,62.4,475,121,17.8,3290.9,3.7,8.2,66.4,239.5,95.4,0,0.3,24.6
2_demultiplex.bc1012--bc1112.hifi_reads,D12,1,gt_control,S1,S1,NA,NA,NA,NA,NA,NA,NA,NA,NA,NA,NA,NA,NA,NA,NA,NA,NA,NA,NA,NA,NA,NA,NA,NA,NA,NA,NA,NA,NA,NA,NA,NA,NA,NA,NA,NA,NA,NA,NA,NA,NA,NA,NA,NA,NA,NA,NA,NA,NA,NA,NA,NA,NA,NA,NA,NA,NA,NA,NA,NA,NA,NA,NA
2_demultiplex.bc1015--bc1076.hifi_reads,E1,1,sample,6LP.01,6LP.01.09,NA,NA,52.284838,-2.328044,26,6,2024,01/01/2024,26/06/2024,177,wheat,NA,salad_onions,NA,winter_wheat,NA,pak_choi,NA,french_Beans,NA,NA,NA,Common wheat/bread wheat,Yes,Bleaching/discolouration,NA,Yes,Yes,No,Yes,No,Sulphur,No,No,Yes,NA,NA,Yes,NA,NA,NA,NA,When required,Yes,Yes,Yes,Yes,Reduced tillage,NA,7,48,240,64,6.9,1734.2,3.6,7.7,101.5,306.5,94.9,0,0.5,13
2_demultiplex.bc1015--bc1082.hifi_reads,E2,1,sample,6LP.01,6LP.01.17,NA,NA,52.284838,-2.328044,26,6,2024,01/01/2024,26/06/2024,177,wheat,NA,salad_onions,NA,winter_wheat,NA,pak_choi,NA,french_Beans,NA,NA,NA,Common wheat/bread wheat,Yes,Bleaching/discolouration,NA,Yes,Yes,No,Yes,No,Sulphur,No,No,Yes,NA,NA,Yes,NA,NA,NA,NA,When required,Yes,Yes,Yes,Yes,Reduced tillage,NA,7,48,240,64,6.9,1734.2,3.6,7.7,101.5,306.5,94.9,0,0.5,13
2_demultiplex.bc1015--bc1083.hifi_reads,E3,1,sample,5RA.02,5RA.02.04,NA,NA,50.798874,0.167721,10,7,2024,01/01/2024,07/10/2024,191,unknown,NA,unknown,NA,unknown,NA,unknown,NA,unknown,NA,NA,NA,unknown,unknown,unknown,unknown,unknown,unknown,unknown,unknown,unknown,unknown,unknown,unknown,unknown,NA,unknown,unknown,NA,NA,NA,unknown,NA,unknown,unknown,unknown,unknown,unknown,NA,7.9,20.6,91,60,20.8,2709.5,3.6,7.5,96.3,118.7,86.4,0,0.3,18.7
2_demultiplex.bc1015--bc1089.hifi_reads,E4,1,sample,5RA.02,5RA.02.12,NA,NA,50.798874,0.167721,10,7,2024,01/01/2024,07/10/2024,191,unknown,NA,unknown,NA,unknown,NA,unknown,NA,unknown,NA,NA,NA,unknown,unknown,unknown,unknown,unknown,unknown,unknown,unknown,unknown,unknown,unknown,unknown,unknown,NA,unknown,unknown,NA,NA,NA,unknown,NA,unknown,unknown,unknown,unknown,unknown,NA,7.9,20.6,91,60,20.8,2709.5,3.6,7.5,96.3,118.7,86.4,0,0.3,18.7
2_demultiplex.bc1015--bc1096.hifi_reads,E5,1,sample,5RA.02,5RA.02.20,NA,NA,50.798874,0.167721,10,7,2024,01/01/2024,07/10/2024,191,unknown,NA,unknown,NA,unknown,NA,unknown,NA,unknown,NA,NA,NA,unknown,unknown,unknown,unknown,unknown,unknown,unknown,unknown,unknown,unknown,unknown,unknown,unknown,NA,unknown,unknown,NA,NA,NA,unknown,NA,unknown,unknown,unknown,unknown,unknown,NA,7.9,20.6,91,60,20.8,2709.5,3.6,7.5,96.3,118.7,86.4,0,0.3,18.7
2_demultiplex.bc1015--bc1098.hifi_reads,E6,1,sample,5NQ.01,5NQ.01.07,NA,NA,52.865968,-2.79264,27,6,2024,01/01/2024,27/06/2024,178,winter_wheat,sp_barley,winter_wheat,NA,spring_beans,NA,winter_wheat,NA,winter_wheat,NA,NA,NA,Common wheat/bread wheat,No,N/A,not_seen,Yes,Yes,No,No,Yes,No,No,Yes,No,NA,NA,Yes,NA,NA,NA,Yes,NA,NA,Yes,Yes,No,No tillage,NA,6.2,31.1,188,103.5,11.3,1725.7,3.4,5.4,58,364.4,68.1,0,0.4,16
2_demultiplex.bc1015--bc1100.hifi_reads,E7,1,sample,5NQ.01,5NQ.01.15,NA,NA,52.865968,-2.79264,27,6,2024,01/01/2024,27/06/2024,178,winter_wheat,sp_barley,winter_wheat,NA,spring_beans,NA,winter_wheat,NA,winter_wheat,NA,NA,NA,Common wheat/bread wheat,No,N/A,not_seen,Yes,Yes,No,No,Yes,No,No,Yes,No,NA,NA,Yes,NA,NA,NA,Yes,NA,NA,Yes,Yes,No,No tillage,NA,6.2,31.1,188,103.5,11.3,1725.7,3.4,5.4,58,364.4,68.1,0,0.4,16
2_demultiplex.bc1015--bc1101.hifi_reads,E8,1,sample,5LY.01,5LY.01.01,NA,NA,53.21982,-0.14094,6,8,2024,01/01/2024,08/06/2024,218,group_1,NA,vining_peas,NA,group_2,NA,maize_forage,NA,feed_barley,NA,NA,NA,Crusoe; extase,No,N/A,not_seen,Yes,Yes,Yes,Yes,Yes,No,No,No,Yes,NA,NA,Yes,NA,NA,NA,Yes,NA,Yes,Yes,Yes,Yes,Reduced tillage,NA,6.6,35.2,181,54,6.8,1725.8,4.2,5.1,111.9,276.1,49.2,0,0.8,13.9
2_demultiplex.bc1015--bc1105.hifi_reads,E9,1,sample,5LY.01,5LY.01.09,NA,NA,53.21982,-0.14094,6,8,2024,01/01/2024,08/06/2024,218,group_1,NA,vining_peas,NA,group_2,NA,maize_forage,NA,feed_barley,NA,NA,NA,Crusoe; extase,No,N/A,not_seen,Yes,Yes,Yes,Yes,Yes,No,No,No,Yes,NA,NA,Yes,NA,NA,NA,Yes,NA,Yes,Yes,Yes,Yes,Reduced tillage,NA,6.6,35.2,181,54,6.8,1725.8,4.2,5.1,111.9,276.1,49.2,0,0.8,13.9
2_demultiplex.bc1015--bc1107.hifi_reads,E10,1,sample,5LY.01,5LY.01.17,NA,NA,53.21982,-0.14094,6,8,2024,01/01/2024,08/06/2024,218,group_1,NA,vining_peas,NA,group_2,NA,maize_forage,NA,feed_barley,NA,NA,NA,Crusoe; extase,No,N/A,not_seen,Yes,Yes,Yes,Yes,Yes,No,No,No,Yes,NA,NA,Yes,NA,NA,NA,Yes,NA,Yes,Yes,Yes,Yes,Reduced tillage,NA,6.6,35.2,181,54,6.8,1725.8,4.2,5.1,111.9,276.1,49.2,0,0.8,13.9
2_demultiplex.bc1015--bc1110.hifi_reads,E11,1,sample,4EH.01,4EH.01.04,NA,NA,51.893792,-0.825926,24,6,2024,01/01/2024,24/06/2024,175,spring_wheat,NA,spring_beans,NA,winter_wheat,NA,spring_oats,NA,spring_wheat,NA,NA,NA,X days,No,N/A,not_seen,Yes,Yes,No,No,No,Sulfur,No,No,No,Yes,220Kile N/hectare; 20 kilo S/hectare,NA,NA,NA,NA,Yes,30 tons/hectare,NA,Yes,Yes,No,No tillage,NA,7.6,62.4,475,121,17.8,3290.9,3.7,8.2,66.4,239.5,95.4,0,0.3,24.6
2_demultiplex.bc1015--bc1112.hifi_reads,E12,1,gt_control,S2,S2,NA,NA,NA,NA,NA,NA,NA,NA,NA,NA,NA,NA,NA,NA,NA,NA,NA,NA,NA,NA,NA,NA,NA,NA,NA,NA,NA,NA,NA,NA,NA,NA,NA,NA,NA,NA,NA,NA,NA,NA,NA,NA,NA,NA,NA,NA,NA,NA,NA,NA,NA,NA,NA,NA,NA,NA,NA,NA,NA,NA,NA,NA,NA
2_demultiplex.bc1020--bc1076.hifi_reads,F1,1,sample,6LP.01,6LP.01.10,NA,NA,52.284838,-2.328044,26,6,2024,01/01/2024,26/06/2024,177,wheat,NA,salad_onions,NA,winter_wheat,NA,pak_choi,NA,french_Beans,NA,NA,NA,Common wheat/bread wheat,Yes,Bleaching/discolouration,NA,Yes,Yes,No,Yes,No,Sulphur,No,No,Yes,NA,NA,Yes,NA,NA,NA,NA,When required,Yes,Yes,Yes,Yes,Reduced tillage,NA,7,48,240,64,6.9,1734.2,3.6,7.7,101.5,306.5,94.9,0,0.5,13
2_demultiplex.bc1020--bc1082.hifi_reads,F2,1,sample,6LP.01,6LP.01.18,NA,NA,52.284838,-2.328044,26,6,2024,01/01/2024,26/06/2024,177,wheat,NA,salad_onions,NA,winter_wheat,NA,pak_choi,NA,french_Beans,NA,NA,NA,Common wheat/bread wheat,Yes,Bleaching/discolouration,NA,Yes,Yes,No,Yes,No,Sulphur,No,No,Yes,NA,NA,Yes,NA,NA,NA,NA,When required,Yes,Yes,Yes,Yes,Reduced tillage,NA,7,48,240,64,6.9,1734.2,3.6,7.7,101.5,306.5,94.9,0,0.5,13
2_demultiplex.bc1020--bc1083.hifi_reads,F3,1,sample,5RA.02,5RA.02.05,NA,NA,50.798874,0.167721,10,7,2024,01/01/2024,07/10/2024,191,unknown,NA,unknown,NA,unknown,NA,unknown,NA,unknown,NA,NA,NA,unknown,unknown,unknown,unknown,unknown,unknown,unknown,unknown,unknown,unknown,unknown,unknown,unknown,NA,unknown,unknown,NA,NA,NA,unknown,NA,unknown,unknown,unknown,unknown,unknown,NA,7.9,20.6,91,60,20.8,2709.5,3.6,7.5,96.3,118.7,86.4,0,0.3,18.7
2_demultiplex.bc1020--bc1089.hifi_reads,F4,1,sample,5RA.02,5RA.02.13,NA,NA,50.798874,0.167721,10,7,2024,01/01/2024,07/10/2024,191,unknown,NA,unknown,NA,unknown,NA,unknown,NA,unknown,NA,NA,NA,unknown,unknown,unknown,unknown,unknown,unknown,unknown,unknown,unknown,unknown,unknown,unknown,unknown,NA,unknown,unknown,NA,NA,NA,unknown,NA,unknown,unknown,unknown,unknown,unknown,NA,7.9,20.6,91,60,20.8,2709.5,3.6,7.5,96.3,118.7,86.4,0,0.3,18.7
2_demultiplex.bc1020--bc1096.hifi_reads,F5,1,farmer_kit,5RA.02,5RA.2.242.FK,242,SFK,50.798874,0.167721,10,7,2024,01/01/2024,07/10/2024,191,unknown,NA,unknown,NA,unknown,NA,unknown,NA,unknown,NA,NA,NA,unknown,unknown,unknown,unknown,unknown,unknown,unknown,unknown,unknown,unknown,unknown,unknown,unknown,NA,unknown,unknown,NA,NA,NA,unknown,NA,unknown,unknown,unknown,unknown,unknown,NA,7.9,20.6,91,60,20.8,2709.5,3.6,7.5,96.3,118.7,86.4,0,0.3,18.7
2_demultiplex.bc1020--bc1098.hifi_reads,F6,1,sample,5NQ.01,5NQ.01.08,NA,NA,52.865968,-2.79264,27,6,2024,01/01/2024,27/06/2024,178,winter_wheat,sp_barley,winter_wheat,NA,spring_beans,NA,winter_wheat,NA,winter_wheat,NA,NA,NA,Common wheat/bread wheat,No,N/A,not_seen,Yes,Yes,No,No,Yes,No,No,Yes,No,NA,NA,Yes,NA,NA,NA,Yes,NA,NA,Yes,Yes,No,No tillage,NA,6.2,31.1,188,103.5,11.3,1725.7,3.4,5.4,58,364.4,68.1,0,0.4,16
2_demultiplex.bc1020--bc1101.hifi_reads,F8,1,sample,5LY.01,5LY.01.02,NA,NA,53.21982,-0.14094,6,8,2024,01/01/2024,08/06/2024,218,group_1,NA,vining_peas,NA,group_2,NA,maize_forage,NA,feed_barley,NA,NA,NA,Crusoe; extase,No,N/A,not_seen,Yes,Yes,Yes,Yes,Yes,No,No,No,Yes,NA,NA,Yes,NA,NA,NA,Yes,NA,Yes,Yes,Yes,Yes,Reduced tillage,NA,6.6,35.2,181,54,6.8,1725.8,4.2,5.1,111.9,276.1,49.2,0,0.8,13.9
2_demultiplex.bc1020--bc1105.hifi_reads,F9,1,sample,5LY.01,5LY.01.10,NA,NA,53.21982,-0.14094,6,8,2024,01/01/2024,08/06/2024,218,group_1,NA,vining_peas,NA,group_2,NA,maize_forage,NA,feed_barley,NA,NA,NA,Crusoe; extase,No,N/A,not_seen,Yes,Yes,Yes,Yes,Yes,No,No,No,Yes,NA,NA,Yes,NA,NA,NA,Yes,NA,Yes,Yes,Yes,Yes,Reduced tillage,NA,6.6,35.2,181,54,6.8,1725.8,4.2,5.1,111.9,276.1,49.2,0,0.8,13.9
2_demultiplex.bc1020--bc1107.hifi_reads,F10,1,sample,5LY.01,5LY.01.18,NA,NA,53.21982,-0.14094,6,8,2024,01/01/2024,08/06/2024,218,group_1,NA,vining_peas,NA,group_2,NA,maize_forage,NA,feed_barley,NA,NA,NA,Crusoe; extase,No,N/A,not_seen,Yes,Yes,Yes,Yes,Yes,No,No,No,Yes,NA,NA,Yes,NA,NA,NA,Yes,NA,Yes,Yes,Yes,Yes,Reduced tillage,NA,6.6,35.2,181,54,6.8,1725.8,4.2,5.1,111.9,276.1,49.2,0,0.8,13.9
2_demultiplex.bc1020--bc1110.hifi_reads,F11,1,sample,4EH.01,4EH.01.05,NA,NA,51.893792,-0.825926,24,6,2024,01/01/2024,24/06/2024,175,spring_wheat,NA,spring_beans,NA,winter_wheat,NA,spring_oats,NA,spring_wheat,NA,NA,NA,X days,No,N/A,not_seen,Yes,Yes,No,No,No,Sulfur,No,No,No,Yes,220Kile N/hectare; 20 kilo S/hectare,NA,NA,NA,NA,Yes,30 tons/hectare,NA,Yes,Yes,No,No tillage,NA,7.6,62.4,475,121,17.8,3290.9,3.7,8.2,66.4,239.5,95.4,0,0.3,24.6
2_demultiplex.bc1020--bc1112.hifi_reads,F12,1,gt_control,S3,S3,NA,NA,NA,NA,NA,NA,NA,NA,NA,NA,NA,NA,NA,NA,NA,NA,NA,NA,NA,NA,NA,NA,NA,NA,NA,NA,NA,NA,NA,NA,NA,NA,NA,NA,NA,NA,NA,NA,NA,NA,NA,NA,NA,NA,NA,NA,NA,NA,NA,NA,NA,NA,NA,NA,NA,NA,NA,NA,NA,NA,NA,NA,NA
2_demultiplex.bc1022--bc1076.hifi_reads,G1,1,sample,6LP.01,6LP.01.11,NA,NA,52.284838,-2.328044,26,6,2024,01/01/2024,26/06/2024,177,wheat,NA,salad_onions,NA,winter_wheat,NA,pak_choi,NA,french_Beans,NA,NA,NA,Common wheat/bread wheat,Yes,Bleaching/discolouration,NA,Yes,Yes,No,Yes,No,Sulphur,No,No,Yes,NA,NA,Yes,NA,NA,NA,NA,When required,Yes,Yes,Yes,Yes,Reduced tillage,NA,7,48,240,64,6.9,1734.2,3.6,7.7,101.5,306.5,94.9,0,0.5,13
2_demultiplex.bc1022--bc1082.hifi_reads,G2,1,sample,6LP.01,6LP.01.19,NA,NA,52.284838,-2.328044,26,6,2024,01/01/2024,26/06/2024,177,wheat,NA,salad_onions,NA,winter_wheat,NA,pak_choi,NA,french_Beans,NA,NA,NA,Common wheat/bread wheat,Yes,Bleaching/discolouration,NA,Yes,Yes,No,Yes,No,Sulphur,No,No,Yes,NA,NA,Yes,NA,NA,NA,NA,When required,Yes,Yes,Yes,Yes,Reduced tillage,NA,7,48,240,64,6.9,1734.2,3.6,7.7,101.5,306.5,94.9,0,0.5,13
2_demultiplex.bc1022--bc1083.hifi_reads,G3,1,sample,5RA.02,5RA.02.06,NA,NA,50.798874,0.167721,10,7,2024,01/01/2024,07/10/2024,191,unknown,NA,unknown,NA,unknown,NA,unknown,NA,unknown,NA,NA,NA,unknown,unknown,unknown,unknown,unknown,unknown,unknown,unknown,unknown,unknown,unknown,unknown,unknown,NA,unknown,unknown,NA,NA,NA,unknown,NA,unknown,unknown,unknown,unknown,unknown,NA,7.9,20.6,91,60,20.8,2709.5,3.6,7.5,96.3,118.7,86.4,0,0.3,18.7
2_demultiplex.bc1022--bc1089.hifi_reads,G4,1,sample,5RA.02,5RA.02.14,NA,NA,50.798874,0.167721,10,7,2024,01/01/2024,07/10/2024,191,unknown,NA,unknown,NA,unknown,NA,unknown,NA,unknown,NA,NA,NA,unknown,unknown,unknown,unknown,unknown,unknown,unknown,unknown,unknown,unknown,unknown,unknown,unknown,NA,unknown,unknown,NA,NA,NA,unknown,NA,unknown,unknown,unknown,unknown,unknown,NA,7.9,20.6,91,60,20.8,2709.5,3.6,7.5,96.3,118.7,86.4,0,0.3,18.7
2_demultiplex.bc1022--bc1096.hifi_reads,G5,1,sample,5NQ.01,5NQ.01.01,NA,NA,52.865968,-2.79264,27,6,2024,01/01/2024,27/06/2024,178,winter_wheat,sp_barley,winter_wheat,NA,spring_beans,NA,winter_wheat,NA,winter_wheat,NA,NA,NA,Common wheat/bread wheat,No,N/A,not_seen,Yes,Yes,No,No,Yes,No,No,Yes,No,NA,NA,Yes,NA,NA,NA,Yes,NA,NA,Yes,Yes,No,No tillage,NA,6.2,31.1,188,103.5,11.3,1725.7,3.4,5.4,58,364.4,68.1,0,0.4,16
2_demultiplex.bc1022--bc1098.hifi_reads,G6,1,sample,5NQ.01,5NQ.01.09,NA,NA,52.865968,-2.79264,27,6,2024,01/01/2024,27/06/2024,178,winter_wheat,sp_barley,winter_wheat,NA,spring_beans,NA,winter_wheat,NA,winter_wheat,NA,NA,NA,Common wheat/bread wheat,No,N/A,not_seen,Yes,Yes,No,No,Yes,No,No,Yes,No,NA,NA,Yes,NA,NA,NA,Yes,NA,NA,Yes,Yes,No,No tillage,NA,6.2,31.1,188,103.5,11.3,1725.7,3.4,5.4,58,364.4,68.1,0,0.4,16
2_demultiplex.bc1022--bc1100.hifi_reads,G7,1,sample,5NQ.01,5NQ.01.17,NA,NA,52.865968,-2.79264,27,6,2024,01/01/2024,27/06/2024,178,winter_wheat,sp_barley,winter_wheat,NA,spring_beans,NA,winter_wheat,NA,winter_wheat,NA,NA,NA,Common wheat/bread wheat,No,N/A,not_seen,Yes,Yes,No,No,Yes,No,No,Yes,No,NA,NA,Yes,NA,NA,NA,Yes,NA,NA,Yes,Yes,No,No tillage,NA,6.2,31.1,188,103.5,11.3,1725.7,3.4,5.4,58,364.4,68.1,0,0.4,16
2_demultiplex.bc1022--bc1101.hifi_reads,G8,1,sample,5LY.01,5LY.01.03,NA,NA,53.21982,-0.14094,6,8,2024,01/01/2024,08/06/2024,218,group_1,NA,vining_peas,NA,group_2,NA,maize_forage,NA,feed_barley,NA,NA,NA,Crusoe; extase,No,N/A,not_seen,Yes,Yes,Yes,Yes,Yes,No,No,No,Yes,NA,NA,Yes,NA,NA,NA,Yes,NA,Yes,Yes,Yes,Yes,Reduced tillage,NA,6.6,35.2,181,54,6.8,1725.8,4.2,5.1,111.9,276.1,49.2,0,0.8,13.9
2_demultiplex.bc1022--bc1105.hifi_reads,G9,1,sample,5LY.01,5LY.01.11,NA,NA,53.21982,-0.14094,6,8,2024,01/01/2024,08/06/2024,218,group_1,NA,vining_peas,NA,group_2,NA,maize_forage,NA,feed_barley,NA,NA,NA,Crusoe; extase,No,N/A,not_seen,Yes,Yes,Yes,Yes,Yes,No,No,No,Yes,NA,NA,Yes,NA,NA,NA,Yes,NA,Yes,Yes,Yes,Yes,Reduced tillage,NA,6.6,35.2,181,54,6.8,1725.8,4.2,5.1,111.9,276.1,49.2,0,0.8,13.9
2_demultiplex.bc1022--bc1107.hifi_reads,G10,1,sample,5LY.01,5LY.01.19,NA,NA,53.21982,-0.14094,6,8,2024,01/01/2024,08/06/2024,218,group_1,NA,vining_peas,NA,group_2,NA,maize_forage,NA,feed_barley,NA,NA,NA,Crusoe; extase,No,N/A,not_seen,Yes,Yes,Yes,Yes,Yes,No,No,No,Yes,NA,NA,Yes,NA,NA,NA,Yes,NA,Yes,Yes,Yes,Yes,Reduced tillage,NA,6.6,35.2,181,54,6.8,1725.8,4.2,5.1,111.9,276.1,49.2,0,0.8,13.9
2_demultiplex.bc1022--bc1110.hifi_reads,G11,1,sample,4EH.01,4EH.01.06,NA,NA,51.893792,-0.825926,24,6,2024,01/01/2024,24/06/2024,175,spring_wheat,NA,spring_beans,NA,winter_wheat,NA,spring_oats,NA,spring_wheat,NA,NA,NA,X days,No,N/A,not_seen,Yes,Yes,No,No,No,Sulfur,No,No,No,Yes,220Kile N/hectare; 20 kilo S/hectare,NA,NA,NA,NA,Yes,30 tons/hectare,NA,Yes,Yes,No,No tillage,NA,7.6,62.4,475,121,17.8,3290.9,3.7,8.2,66.4,239.5,95.4,0,0.3,24.6
2_demultiplex.bc1024--bc1076.hifi_reads,H1,1,sample,6LP.01,6LP.01.12,NA,NA,52.284838,-2.328044,26,6,2024,01/01/2024,26/06/2024,177,wheat,NA,salad_onions,NA,winter_wheat,NA,pak_choi,NA,french_Beans,NA,NA,NA,Common wheat/bread wheat,Yes,Bleaching/discolouration,NA,Yes,Yes,No,Yes,No,Sulphur,No,No,Yes,NA,NA,Yes,NA,NA,NA,NA,When required,Yes,Yes,Yes,Yes,Reduced tillage,NA,7,48,240,64,6.9,1734.2,3.6,7.7,101.5,306.5,94.9,0,0.5,13
2_demultiplex.bc1024--bc1082.hifi_reads,H2,1,sample,6LP.01,6LP.01.20,NA,NA,52.284838,-2.328044,26,6,2024,01/01/2024,26/06/2024,177,wheat,NA,salad_onions,NA,winter_wheat,NA,pak_choi,NA,french_Beans,NA,NA,NA,Common wheat/bread wheat,Yes,Bleaching/discolouration,NA,Yes,Yes,No,Yes,No,Sulphur,No,No,Yes,NA,NA,Yes,NA,NA,NA,NA,When required,Yes,Yes,Yes,Yes,Reduced tillage,NA,7,48,240,64,6.9,1734.2,3.6,7.7,101.5,306.5,94.9,0,0.5,13
2_demultiplex.bc1024--bc1083.hifi_reads,H3,1,sample,5RA.02,5RA.02.07,NA,NA,50.798874,0.167721,10,7,2024,01/01/2024,07/10/2024,191,unknown,NA,unknown,NA,unknown,NA,unknown,NA,unknown,NA,NA,NA,unknown,unknown,unknown,unknown,unknown,unknown,unknown,unknown,unknown,unknown,unknown,unknown,unknown,NA,unknown,unknown,NA,NA,NA,unknown,NA,unknown,unknown,unknown,unknown,unknown,NA,7.9,20.6,91,60,20.8,2709.5,3.6,7.5,96.3,118.7,86.4,0,0.3,18.7
2_demultiplex.bc1024--bc1089.hifi_reads,H4,1,sample,5RA.02,5RA.02.15,NA,NA,50.798874,0.167721,10,7,2024,01/01/2024,07/10/2024,191,unknown,NA,unknown,NA,unknown,NA,unknown,NA,unknown,NA,NA,NA,unknown,unknown,unknown,unknown,unknown,unknown,unknown,unknown,unknown,unknown,unknown,unknown,unknown,NA,unknown,unknown,NA,NA,NA,unknown,NA,unknown,unknown,unknown,unknown,unknown,NA,7.9,20.6,91,60,20.8,2709.5,3.6,7.5,96.3,118.7,86.4,0,0.3,18.7
2_demultiplex.bc1024--bc1096.hifi_reads,H5,1,sample,5NQ.01,5NQ.01.02,NA,NA,52.865968,-2.79264,27,6,2024,01/01/2024,27/06/2024,178,winter_wheat,sp_barley,winter_wheat,NA,spring_beans,NA,winter_wheat,NA,winter_wheat,NA,NA,NA,Common wheat/bread wheat,No,N/A,not_seen,Yes,Yes,No,No,Yes,No,No,Yes,No,NA,NA,Yes,NA,NA,NA,Yes,NA,NA,Yes,Yes,No,No tillage,NA,6.2,31.1,188,103.5,11.3,1725.7,3.4,5.4,58,364.4,68.1,0,0.4,16
2_demultiplex.bc1024--bc1098.hifi_reads,H6,1,sample,5NQ.01,5NQ.01.10,NA,NA,52.865968,-2.79264,27,6,2024,01/01/2024,27/06/2024,178,winter_wheat,sp_barley,winter_wheat,NA,spring_beans,NA,winter_wheat,NA,winter_wheat,NA,NA,NA,Common wheat/bread wheat,No,N/A,not_seen,Yes,Yes,No,No,Yes,No,No,Yes,No,NA,NA,Yes,NA,NA,NA,Yes,NA,NA,Yes,Yes,No,No tillage,NA,6.2,31.1,188,103.5,11.3,1725.7,3.4,5.4,58,364.4,68.1,0,0.4,16
2_demultiplex.bc1024--bc1100.hifi_reads,H7,1,sample,5NQ.01,5NQ.01.18,NA,NA,52.865968,-2.79264,27,6,2024,01/01/2024,27/06/2024,178,winter_wheat,sp_barley,winter_wheat,NA,spring_beans,NA,winter_wheat,NA,winter_wheat,NA,NA,NA,Common wheat/bread wheat,No,N/A,not_seen,Yes,Yes,No,No,Yes,No,No,Yes,No,NA,NA,Yes,NA,NA,NA,Yes,NA,NA,Yes,Yes,No,No tillage,NA,6.2,31.1,188,103.5,11.3,1725.7,3.4,5.4,58,364.4,68.1,0,0.4,16
2_demultiplex.bc1024--bc1101.hifi_reads,H8,1,sample,5LY.01,5LY.01.04,NA,NA,53.21982,-0.14094,6,8,2024,01/01/2024,08/06/2024,218,group_1,NA,vining_peas,NA,group_2,NA,maize_forage,NA,feed_barley,NA,NA,NA,Crusoe; extase,No,N/A,not_seen,Yes,Yes,Yes,Yes,Yes,No,No,No,Yes,NA,NA,Yes,NA,NA,NA,Yes,NA,Yes,Yes,Yes,Yes,Reduced tillage,NA,6.6,35.2,181,54,6.8,1725.8,4.2,5.1,111.9,276.1,49.2,0,0.8,13.9
2_demultiplex.bc1024--bc1105.hifi_reads,H9,1,sample,5LY.01,5LY.01.12,NA,NA,53.21982,-0.14094,6,8,2024,01/01/2024,08/06/2024,218,group_1,NA,vining_peas,NA,group_2,NA,maize_forage,NA,feed_barley,NA,NA,NA,Crusoe; extase,No,N/A,not_seen,Yes,Yes,Yes,Yes,Yes,No,No,No,Yes,NA,NA,Yes,NA,NA,NA,Yes,NA,Yes,Yes,Yes,Yes,Reduced tillage,NA,6.6,35.2,181,54,6.8,1725.8,4.2,5.1,111.9,276.1,49.2,0,0.8,13.9
2_demultiplex.bc1024--bc1107.hifi_reads,H10,1,sample,5LY.01,5LY.01.20,NA,NA,53.21982,-0.14094,6,8,2024,01/01/2024,08/06/2024,218,group_1,NA,vining_peas,NA,group_2,NA,maize_forage,NA,feed_barley,NA,NA,NA,Crusoe; extase,No,N/A,not_seen,Yes,Yes,Yes,Yes,Yes,No,No,No,Yes,NA,NA,Yes,NA,NA,NA,Yes,NA,Yes,Yes,Yes,Yes,Reduced tillage,NA,6.6,35.2,181,54,6.8,1725.8,4.2,5.1,111.9,276.1,49.2,0,0.8,13.9
3_demultiplex.bc1005--bc1033.hifi_reads,A1,1,sample,4EH.01,4EH.01.14,NA,NA,51.893792,-0.825926,24,6,2024,01/01/2024,24/06/2024,175,spring_wheat,NA,spring_beans,NA,winter_wheat,NA,spring_oats,NA,spring_wheat,NA,NA,NA,X days,No,N/A,not_seen,Yes,Yes,No,No,No,Sulfur,No,No,No,Yes,220Kile N/hectare; 20 kilo S/hectare,NA,NA,NA,NA,Yes,30 tons/hectare,NA,Yes,Yes,No,No tillage,NA,7.6,62.4,475,121,17.8,3290.9,3.7,8.2,66.4,239.5,95.4,0,0.3,24.6
3_demultiplex.bc1005--bc1035.hifi_reads,A2,1,farmer_kit,6EN.01,6EN.1.153.FK,153,FFK,51.123643,-1.474887,17,7,2024,01/01/2024,17/07/2024,198,winter_wheat,NA,wheat,OSR,spring_barley,NA,winter_wheat,NA,winter_OSR,NA,NA,NA,NA,No,N/A,not_seen,not_reported,No,No,No,No,No,No,No,No,NA,NA,NA,NA,NA,NA,NA,NA,NA,NA,NA,Yes,Strip tillage,NA,7.7,27.4,249,86,47.8,3953.3,3,6.5,154.6,142.7,86.6,0,0.7,27.8
3_demultiplex.bc1005--bc1044.hifi_reads,A3,1,farmer_kit,5BY.02,5BY.2.232.FK,232,IFK,53.024763,-0.690409,5,8,2024,01/01/2024,08/05/2024,217,group_1,NA,oats,vetch,2nd_wheat,NA,group_3 ,NA,OSR,NA,NA,NA,Crusoe; skyscraper; firefly,No,N/A,not_seen,Yes,Yes,Yes,Yes,Yes,No,No,No,Yes,NA,NA,Yes,NA,NA,NA,Yes,NA,Yes,Yes,Yes,Yes,Reduced tillage,NA,7.3,42.8,280,118,10.9,2688.9,4.4,7.8,59,208.3,66.1,0,0.5,19.9
3_demultiplex.bc1005--bc1045.hifi_reads,A4,1,sample,5RA.01,5RA.01.04,NA,NA,50.795919,0.169297,10,7,2024,01/01/2024,07/10/2024,191,unknown,NA,unknown,NA,unknown,NA,unknown,NA,unknown,NA,NA,NA,unknown,unknown,unknown,unknown,unknown,unknown,unknown,unknown,unknown,unknown,unknown,unknown,unknown,NA,unknown,unknown,NA,NA,NA,unknown,NA,unknown,unknown,unknown,unknown,unknown,NA,7.8,31,75,54,15.9,2247.2,3.1,10.7,26.4,43.6,63.1,0,0.2,15.6
3_demultiplex.bc1005--bc1054.hifi_reads,A5,1,sample,5RA.01,5RA.01.12,NA,NA,50.795919,0.169297,10,7,2024,01/01/2024,07/10/2024,191,unknown,NA,unknown,NA,unknown,NA,unknown,NA,unknown,NA,NA,NA,unknown,unknown,unknown,unknown,unknown,unknown,unknown,unknown,unknown,unknown,unknown,unknown,unknown,NA,unknown,unknown,NA,NA,NA,unknown,NA,unknown,unknown,unknown,unknown,unknown,NA,7.8,31,75,54,15.9,2247.2,3.1,10.7,26.4,43.6,63.1,0,0.2,15.6
3_demultiplex.bc1005--bc1056.hifi_reads,A6,1,sample,5RA.01,5RA.01.20,NA,NA,50.795919,0.169297,10,7,2024,01/01/2024,07/10/2024,191,unknown,NA,unknown,NA,unknown,NA,unknown,NA,unknown,NA,NA,NA,unknown,unknown,unknown,unknown,unknown,unknown,unknown,unknown,unknown,unknown,unknown,unknown,unknown,NA,unknown,unknown,NA,NA,NA,unknown,NA,unknown,unknown,unknown,unknown,unknown,NA,7.8,31,75,54,15.9,2247.2,3.1,10.7,26.4,43.6,63.1,0,0.2,15.6
3_demultiplex.bc1005--bc1057.hifi_reads,A7,1,sample,9JG.02,9JG.02.07,NA,NA,50.853376,-2.080443,15,7,2024,01/01/2024,15/07/2024,196,winter_wheat,NA,spring_wheat,NA,winter_barley,NA,winter_wheat,NA,winter_barley,NA,NA,NA,Common wheat/bread wheat,No,N/A,not_seen,Yes,Yes,Yes,Yes,Yes,No,No,No,Yes,NA,NA,No,NA,NA,NA,NA,NA,Yes,NA,Yes,No,No tillage,NA,7.9,33.4,86,41,17.1,2774.5,7.9,7.4,60.3,181.2,38,0,0.4,18.9
3_demultiplex.bc1005--bc1059.hifi_reads,A8,1,sample,9JG.02,9JG.02.15,NA,NA,50.853376,-2.080443,15,7,2024,01/01/2024,15/07/2024,196,winter_wheat,NA,spring_wheat,NA,winter_barley,NA,winter_wheat,NA,winter_barley,NA,NA,NA,Common wheat/bread wheat,No,N/A,not_seen,Yes,Yes,Yes,Yes,Yes,No,No,No,Yes,NA,NA,No,NA,NA,NA,NA,NA,Yes,NA,Yes,No,No tillage,NA,7.9,33.4,86,41,17.1,2774.5,7.9,7.4,60.3,181.2,38,0,0.4,18.9
3_demultiplex.bc1005--bc1060.hifi_reads,A9,1,sample,5DA.01,5DA.01.02,NA,NA,53.03952,-0.69002,5,8,2024,01/01/2024,08/05/2024,217,group_1,NA,oats,vetch,2nd_wheat,NA,group_3 ,NA,OSR,NA,NA,NA,Crusoe; skyscraper; firefly,No,N/A,not_seen,Yes,Yes,Yes,Yes,Yes,No,No,No,Yes,NA,NA,Yes,NA,NA,NA,Yes,NA,Yes,Yes,Yes,Yes,Reduced tillage,NA,7.8,24.2,442,113,18,3713,4.3,6.9,151.1,154.6,51.7,0,1.4,27.1
3_demultiplex.bc1005--bc1062.hifi_reads,A10,1,sample,5DA.01,5DA.01.10,NA,NA,53.03952,-0.69002,5,8,2024,01/01/2024,08/05/2024,217,group_1,NA,oats,vetch,2nd_wheat,NA,group_3 ,NA,OSR,NA,NA,NA,Crusoe; skyscraper; firefly,No,N/A,not_seen,Yes,Yes,Yes,Yes,Yes,No,No,No,Yes,NA,NA,Yes,NA,NA,NA,Yes,NA,Yes,Yes,Yes,Yes,Reduced tillage,NA,7.8,24.2,442,113,18,3713,4.3,6.9,151.1,154.6,51.7,0,1.4,27.1
3_demultiplex.bc1005--bc1065.hifi_reads,A11,1,sample,5DA.01,5DA.01.18,NA,NA,53.03952,-0.69002,5,8,2024,01/01/2024,08/05/2024,217,group_1,NA,oats,vetch,2nd_wheat,NA,group_3 ,NA,OSR,NA,NA,NA,Crusoe; skyscraper; firefly,No,N/A,not_seen,Yes,Yes,Yes,Yes,Yes,No,No,No,Yes,NA,NA,Yes,NA,NA,NA,Yes,NA,Yes,Yes,Yes,Yes,Reduced tillage,NA,7.8,24.2,442,113,18,3713,4.3,6.9,151.1,154.6,51.7,0,1.4,27.1
3_demultiplex.bc1005--bc1075.hifi_reads,A12,1,sample,2AY.02,2AY.02.05,NA,NA,53.17083,-0.3737,7,8,2024,01/01/2024,08/07/2024,219,group_1,NA,oats,vetch,2nd_wheat,NA,group_1,NA,OSR,NA,NA,NA,Crusoe; skyscraper; crusoe,No,N/A,not_seen,Yes,Yes,Yes,Yes,Yes,No,No,No,Yes,NA,NA,Yes,NA,NA,NA,Yes,NA,Yes,Yes,Yes,Yes,Reduced tillage,NA,7.3,14.8,307,270,15.9,3857.9,5.7,5.6,60.6,412.8,94.3,0,0.4,29.4
3_demultiplex.bc1007--bc1033.hifi_reads,B1,1,sample,4EH.01,4EH.01.15,NA,NA,51.893792,-0.825926,24,6,2024,01/01/2024,24/06/2024,175,spring_wheat,NA,spring_beans,NA,winter_wheat,NA,spring_oats,NA,spring_wheat,NA,NA,NA,X days,No,N/A,not_seen,Yes,Yes,No,No,No,Sulfur,No,No,No,Yes,220Kile N/hectare; 20 kilo S/hectare,NA,NA,NA,NA,Yes,30 tons/hectare,NA,Yes,Yes,No,No tillage,NA,7.6,62.4,475,121,17.8,3290.9,3.7,8.2,66.4,239.5,95.4,0,0.3,24.6
3_demultiplex.bc1007--bc1035.hifi_reads,B2,1,farmer_kit,6EN.02,6EN.2.154.FK,154,FFK,51.135652,-1.437166,17,7,2024,01/01/2024,17/07/2024,198,winter_wheat,NA,wheat,OSR,spring_barley,NA,spring_barley,NA,winter_wheat,NA,NA,NA,NA,No,N/A,not_seen,not_reported,No,No,No,No,No,No,No,No,NA,NA,NA,NA,NA,NA,NA,NA,NA,NA,NA,Yes,Strip tillage,NA,7.9,42.4,202,76,12,2848.6,4,11.7,80.6,139.3,95.4,0,0.3,20.2
3_demultiplex.bc1007--bc1044.hifi_reads,B3,1,farmer_kit,8HQ.03,8HQ.3.222.FK,222,IFK,53.10782,0.05267,8,8,2024,01/01/2024,08/08/2024,220,group_2,NA,pre_pack,NA,group_2,NA,maize_forage,NA,spring_wheat,NA,NA,NA,Extase; Cranium,No,N/A,not_seen,Yes,Yes,Yes,Yes,Yes,No,No,No,Yes,NA,NA,Yes,NA,NA,NA,Yes,NA,Yes,Yes,Yes,Yes,Reduced tillage,NA,7.4,15.6,268,355,21.6,3438.6,7.5,5.2,44.8,432.3,93.4,0,0.4,27.5
3_demultiplex.bc1007--bc1045.hifi_reads,B4,1,sample,5RA.01,5RA.01.05,NA,NA,50.795919,0.169297,10,7,2024,01/01/2024,07/10/2024,191,unknown,NA,unknown,NA,unknown,NA,unknown,NA,unknown,NA,NA,NA,unknown,unknown,unknown,unknown,unknown,unknown,unknown,unknown,unknown,unknown,unknown,unknown,unknown,NA,unknown,unknown,NA,NA,NA,unknown,NA,unknown,unknown,unknown,unknown,unknown,NA,7.8,31,75,54,15.9,2247.2,3.1,10.7,26.4,43.6,63.1,0,0.2,15.6
3_demultiplex.bc1007--bc1054.hifi_reads,B5,1,sample,5RA.01,5RA.01.13,NA,NA,50.795919,0.169297,10,7,2024,01/01/2024,07/10/2024,191,unknown,NA,unknown,NA,unknown,NA,unknown,NA,unknown,NA,NA,NA,unknown,unknown,unknown,unknown,unknown,unknown,unknown,unknown,unknown,unknown,unknown,unknown,unknown,NA,unknown,unknown,NA,NA,NA,unknown,NA,unknown,unknown,unknown,unknown,unknown,NA,7.8,31,75,54,15.9,2247.2,3.1,10.7,26.4,43.6,63.1,0,0.2,15.6
3_demultiplex.bc1007--bc1056.hifi_reads,B6,1,farmer_kit,5RA.01,5RA.1.241.FK,241,SFK,50.795919,0.169297,10,7,2024,01/01/2024,07/10/2024,191,unknown,NA,unknown,NA,unknown,NA,unknown,NA,unknown,NA,NA,NA,unknown,unknown,unknown,unknown,unknown,unknown,unknown,unknown,unknown,unknown,unknown,unknown,unknown,NA,unknown,unknown,NA,NA,NA,unknown,NA,unknown,unknown,unknown,unknown,unknown,NA,7.8,31,75,54,15.9,2247.2,3.1,10.7,26.4,43.6,63.1,0,0.2,15.6
3_demultiplex.bc1007--bc1057.hifi_reads,B7,1,sample,9JG.02,9JG.02.08,NA,NA,50.853376,-2.080443,15,7,2024,01/01/2024,15/07/2024,196,winter_wheat,NA,spring_wheat,NA,winter_barley,NA,winter_wheat,NA,winter_barley,NA,NA,NA,Common wheat/bread wheat,No,N/A,not_seen,Yes,Yes,Yes,Yes,Yes,No,No,No,Yes,NA,NA,No,NA,NA,NA,NA,NA,Yes,NA,Yes,No,No tillage,NA,7.9,33.4,86,41,17.1,2774.5,7.9,7.4,60.3,181.2,38,0,0.4,18.9
3_demultiplex.bc1007--bc1059.hifi_reads,B8,1,sample,9JG.02,9JG.02.16,NA,NA,50.853376,-2.080443,15,7,2024,01/01/2024,15/07/2024,196,winter_wheat,NA,spring_wheat,NA,winter_barley,NA,winter_wheat,NA,winter_barley,NA,NA,NA,Common wheat/bread wheat,No,N/A,not_seen,Yes,Yes,Yes,Yes,Yes,No,No,No,Yes,NA,NA,No,NA,NA,NA,NA,NA,Yes,NA,Yes,No,No tillage,NA,7.9,33.4,86,41,17.1,2774.5,7.9,7.4,60.3,181.2,38,0,0.4,18.9
3_demultiplex.bc1007--bc1060.hifi_reads,B9,1,sample,5DA.01,5DA.01.03,NA,NA,53.03952,-0.69002,5,8,2024,01/01/2024,08/05/2024,217,group_1,NA,oats,vetch,2nd_wheat,NA,group_3 ,NA,OSR,NA,NA,NA,Crusoe; skyscraper; firefly,No,N/A,not_seen,Yes,Yes,Yes,Yes,Yes,No,No,No,Yes,NA,NA,Yes,NA,NA,NA,Yes,NA,Yes,Yes,Yes,Yes,Reduced tillage,NA,7.8,24.2,442,113,18,3713,4.3,6.9,151.1,154.6,51.7,0,1.4,27.1
3_demultiplex.bc1007--bc1062.hifi_reads,B10,1,sample,5DA.01,5DA.01.11,NA,NA,53.03952,-0.69002,5,8,2024,01/01/2024,08/05/2024,217,group_1,NA,oats,vetch,2nd_wheat,NA,group_3 ,NA,OSR,NA,NA,NA,Crusoe; skyscraper; firefly,No,N/A,not_seen,Yes,Yes,Yes,Yes,Yes,No,No,No,Yes,NA,NA,Yes,NA,NA,NA,Yes,NA,Yes,Yes,Yes,Yes,Reduced tillage,NA,7.8,24.2,442,113,18,3713,4.3,6.9,151.1,154.6,51.7,0,1.4,27.1
3_demultiplex.bc1007--bc1065.hifi_reads,B11,1,sample,5DA.01,5DA.01.19,NA,NA,53.03952,-0.69002,5,8,2024,01/01/2024,08/05/2024,217,group_1,NA,oats,vetch,2nd_wheat,NA,group_3 ,NA,OSR,NA,NA,NA,Crusoe; skyscraper; firefly,No,N/A,not_seen,Yes,Yes,Yes,Yes,Yes,No,No,No,Yes,NA,NA,Yes,NA,NA,NA,Yes,NA,Yes,Yes,Yes,Yes,Reduced tillage,NA,7.8,24.2,442,113,18,3713,4.3,6.9,151.1,154.6,51.7,0,1.4,27.1
3_demultiplex.bc1007--bc1075.hifi_reads,B12,1,sample,2AY.02,2AY.02.06,NA,NA,53.17083,-0.3737,7,8,2024,01/01/2024,08/07/2024,219,group_1,NA,oats,vetch,2nd_wheat,NA,group_1,NA,OSR,NA,NA,NA,Crusoe; skyscraper; crusoe,No,N/A,not_seen,Yes,Yes,Yes,Yes,Yes,No,No,No,Yes,NA,NA,Yes,NA,NA,NA,Yes,NA,Yes,Yes,Yes,Yes,Reduced tillage,NA,7.3,14.8,307,270,15.9,3857.9,5.7,5.6,60.6,412.8,94.3,0,0.4,29.4
3_demultiplex.bc1008--bc1033.hifi_reads,C1,1,sample,4EH.01,4EH.01.16,NA,NA,51.893792,-0.825926,24,6,2024,01/01/2024,24/06/2024,175,spring_wheat,NA,spring_beans,NA,winter_wheat,NA,spring_oats,NA,spring_wheat,NA,NA,NA,X days,No,N/A,not_seen,Yes,Yes,No,No,No,Sulfur,No,No,No,Yes,220Kile N/hectare; 20 kilo S/hectare,NA,NA,NA,NA,Yes,30 tons/hectare,NA,Yes,Yes,No,No tillage,NA,7.6,62.4,475,121,17.8,3290.9,3.7,8.2,66.4,239.5,95.4,0,0.3,24.6
3_demultiplex.bc1008--bc1035.hifi_reads,C2,1,farmer_kit,6EN.03,6EN.3.155.FK,155,FFK,51.126518,-1.457158,17,7,2024,01/01/2024,17/07/2024,198,winter_wheat,NA,grass_ley,NA,grass_ley,NA,grass_ley,NA,winter_wheat,NA,NA,NA,NA,No,N/A,not_seen,not_reported,No,No,No,No,No,No,No,No,NA,NA,NA,NA,NA,NA,NA,NA,NA,NA,NA,Yes,Strip tillage,NA,8,19.8,145,67,42.3,3244.9,3,8,101.4,76.4,64,0,0.3,22.6
3_demultiplex.bc1008--bc1044.hifi_reads,C3,1,farmer_kit,2AY.03,2AY.3.216.FK,216,IFK,53.18858,-0.332918,7,8,2024,01/01/2024,08/07/2024,219,group_1,NA,oats,vetch,2nd_wheat,NA,vining_peas,NA,OSR,NA,NA,NA,Crusoe; skyscraper; ,No,N/A,not_seen,Yes,Yes,Yes,Yes,Yes,No,No,No,Yes,NA,NA,Yes,NA,NA,NA,Yes,NA,Yes,Yes,Yes,Yes,Reduced tillage,NA,8,15,239,43,10.8,2496.4,3.5,4.6,61.7,92.2,35.9,0,0.3,17.6
3_demultiplex.bc1008--bc1045.hifi_reads,C4,1,sample,5RA.01,5RA.01.06,NA,NA,50.795919,0.169297,10,7,2024,01/01/2024,07/10/2024,191,unknown,NA,unknown,NA,unknown,NA,unknown,NA,unknown,NA,NA,NA,unknown,unknown,unknown,unknown,unknown,unknown,unknown,unknown,unknown,unknown,unknown,unknown,unknown,NA,unknown,unknown,NA,NA,NA,unknown,NA,unknown,unknown,unknown,unknown,unknown,NA,7.8,31,75,54,15.9,2247.2,3.1,10.7,26.4,43.6,63.1,0,0.2,15.6
3_demultiplex.bc1008--bc1054.hifi_reads,C5,1,sample,5RA.01,5RA.01.14,NA,NA,50.795919,0.169297,10,7,2024,01/01/2024,07/10/2024,191,unknown,NA,unknown,NA,unknown,NA,unknown,NA,unknown,NA,NA,NA,unknown,unknown,unknown,unknown,unknown,unknown,unknown,unknown,unknown,unknown,unknown,unknown,unknown,NA,unknown,unknown,NA,NA,NA,unknown,NA,unknown,unknown,unknown,unknown,unknown,NA,7.8,31,75,54,15.9,2247.2,3.1,10.7,26.4,43.6,63.1,0,0.2,15.6
3_demultiplex.bc1008--bc1056.hifi_reads,C6,1,sample,9JG.02,9JG.02.01,NA,NA,50.853376,-2.080443,15,7,2024,01/01/2024,15/07/2024,196,winter_wheat,NA,spring_wheat,NA,winter_barley,NA,winter_wheat,NA,winter_barley,NA,NA,NA,Common wheat/bread wheat,No,N/A,not_seen,Yes,Yes,Yes,Yes,Yes,No,No,No,Yes,NA,NA,No,NA,NA,NA,NA,NA,Yes,NA,Yes,No,No tillage,NA,7.9,33.4,86,41,17.1,2774.5,7.9,7.4,60.3,181.2,38,0,0.4,18.9
3_demultiplex.bc1008--bc1057.hifi_reads,C7,1,sample,9JG.02,9JG.02.09,NA,NA,50.853376,-2.080443,15,7,2024,01/01/2024,15/07/2024,196,winter_wheat,NA,spring_wheat,NA,winter_barley,NA,winter_wheat,NA,winter_barley,NA,NA,NA,Common wheat/bread wheat,No,N/A,not_seen,Yes,Yes,Yes,Yes,Yes,No,No,No,Yes,NA,NA,No,NA,NA,NA,NA,NA,Yes,NA,Yes,No,No tillage,NA,7.9,33.4,86,41,17.1,2774.5,7.9,7.4,60.3,181.2,38,0,0.4,18.9
3_demultiplex.bc1008--bc1059.hifi_reads,C8,1,sample,9JG.02,9JG.02.17,NA,NA,50.853376,-2.080443,15,7,2024,01/01/2024,15/07/2024,196,winter_wheat,NA,spring_wheat,NA,winter_barley,NA,winter_wheat,NA,winter_barley,NA,NA,NA,Common wheat/bread wheat,No,N/A,not_seen,Yes,Yes,Yes,Yes,Yes,No,No,No,Yes,NA,NA,No,NA,NA,NA,NA,NA,Yes,NA,Yes,No,No tillage,NA,7.9,33.4,86,41,17.1,2774.5,7.9,7.4,60.3,181.2,38,0,0.4,18.9
3_demultiplex.bc1008--bc1060.hifi_reads,C9,1,sample,5DA.01,5DA.01.04,NA,NA,53.03952,-0.69002,5,8,2024,01/01/2024,08/05/2024,217,group_1,NA,oats,vetch,2nd_wheat,NA,group_3 ,NA,OSR,NA,NA,NA,Crusoe; skyscraper; firefly,No,N/A,not_seen,Yes,Yes,Yes,Yes,Yes,No,No,No,Yes,NA,NA,Yes,NA,NA,NA,Yes,NA,Yes,Yes,Yes,Yes,Reduced tillage,NA,7.8,24.2,442,113,18,3713,4.3,6.9,151.1,154.6,51.7,0,1.4,27.1
3_demultiplex.bc1008--bc1062.hifi_reads,C10,1,sample,5DA.01,5DA.01.12,NA,NA,53.03952,-0.69002,5,8,2024,01/01/2024,08/05/2024,217,group_1,NA,oats,vetch,2nd_wheat,NA,group_3 ,NA,OSR,NA,NA,NA,Crusoe; skyscraper; firefly,No,N/A,not_seen,Yes,Yes,Yes,Yes,Yes,No,No,No,Yes,NA,NA,Yes,NA,NA,NA,Yes,NA,Yes,Yes,Yes,Yes,Reduced tillage,NA,7.8,24.2,442,113,18,3713,4.3,6.9,151.1,154.6,51.7,0,1.4,27.1
3_demultiplex.bc1008--bc1065.hifi_reads,C11,1,sample,5DA.01,5DA.01.20,NA,NA,53.03952,-0.69002,5,8,2024,01/01/2024,08/05/2024,217,group_1,NA,oats,vetch,2nd_wheat,NA,group_3 ,NA,OSR,NA,NA,NA,Crusoe; skyscraper; firefly,No,N/A,not_seen,Yes,Yes,Yes,Yes,Yes,No,No,No,Yes,NA,NA,Yes,NA,NA,NA,Yes,NA,Yes,Yes,Yes,Yes,Reduced tillage,NA,7.8,24.2,442,113,18,3713,4.3,6.9,151.1,154.6,51.7,0,1.4,27.1
3_demultiplex.bc1008--bc1075.hifi_reads,C12,1,sample,2AY.02,2AY.02.07,NA,NA,53.17083,-0.3737,7,8,2024,01/01/2024,08/07/2024,219,group_1,NA,oats,vetch,2nd_wheat,NA,group_1,NA,OSR,NA,NA,NA,Crusoe; skyscraper; crusoe,No,N/A,not_seen,Yes,Yes,Yes,Yes,Yes,No,No,No,Yes,NA,NA,Yes,NA,NA,NA,Yes,NA,Yes,Yes,Yes,Yes,Reduced tillage,NA,7.3,14.8,307,270,15.9,3857.9,5.7,5.6,60.6,412.8,94.3,0,0.4,29.4
3_demultiplex.bc1012--bc1033.hifi_reads,D1,1,sample,4EH.01,4EH.01.17,NA,NA,51.893792,-0.825926,24,6,2024,01/01/2024,24/06/2024,175,spring_wheat,NA,spring_beans,NA,winter_wheat,NA,spring_oats,NA,spring_wheat,NA,NA,NA,X days,No,N/A,not_seen,Yes,Yes,No,No,No,Sulfur,No,No,No,Yes,220Kile N/hectare; 20 kilo S/hectare,NA,NA,NA,NA,Yes,30 tons/hectare,NA,Yes,Yes,No,No tillage,NA,7.6,62.4,475,121,17.8,3290.9,3.7,8.2,66.4,239.5,95.4,0,0.3,24.6
3_demultiplex.bc1012--bc1035.hifi_reads,D2,1,farmer_kit,4QT.01,4QT.1.34.FK,34,FFK,52.103402,0.135171,19,6,2024,01/01/2024,19/06/2024,170,wheat,NA,oats,NA,sugar_beet,NA,wheat,NA,NA,NA,NA,NA,Common wheat/bread wheat,No,N/A,not_seen,Yes,Yes,No,No,No,No,No,No,Yes,NA,NA,NA,NA,NA,NA,NA,NA,NA,NA,NA,Yes,Ploughed,NA,7.9,15.2,138,89,15.5,2694.3,6.5,5,148.8,229.9,84,0,1.2,19.1
3_demultiplex.bc1012--bc1044.hifi_reads,D3,1,farmer_kit,2AY.04,2AY.4.223.FK,223,IFK,53.17227,-0.411014,7,8,2024,01/01/2024,08/07/2024,219,group_1,NA,oats,vetch,2nd_wheat,NA,group_1,NA,OSR,NA,NA,NA,Crusoe; gravity; crusoe,No,N/A,not_seen,Yes,Yes,Yes,Yes,Yes,No,No,No,Yes,NA,NA,Yes,NA,NA,NA,Yes,NA,Yes,Yes,Yes,Yes,Reduced tillage,NA,7.9,21.8,169,66,10.9,3476.6,6.4,4,71,173.2,42.8,0,0.5,24
3_demultiplex.bc1012--bc1045.hifi_reads,D4,1,sample,5RA.01,5RA.01.07,NA,NA,50.795919,0.169297,10,7,2024,01/01/2024,07/10/2024,191,unknown,NA,unknown,NA,unknown,NA,unknown,NA,unknown,NA,NA,NA,unknown,unknown,unknown,unknown,unknown,unknown,unknown,unknown,unknown,unknown,unknown,unknown,unknown,NA,unknown,unknown,NA,NA,NA,unknown,NA,unknown,unknown,unknown,unknown,unknown,NA,7.8,31,75,54,15.9,2247.2,3.1,10.7,26.4,43.6,63.1,0,0.2,15.6
3_demultiplex.bc1012--bc1054.hifi_reads,D5,1,sample,5RA.01,5RA.01.15,NA,NA,50.795919,0.169297,10,7,2024,01/01/2024,07/10/2024,191,unknown,NA,unknown,NA,unknown,NA,unknown,NA,unknown,NA,NA,NA,unknown,unknown,unknown,unknown,unknown,unknown,unknown,unknown,unknown,unknown,unknown,unknown,unknown,NA,unknown,unknown,NA,NA,NA,unknown,NA,unknown,unknown,unknown,unknown,unknown,NA,7.8,31,75,54,15.9,2247.2,3.1,10.7,26.4,43.6,63.1,0,0.2,15.6
3_demultiplex.bc1012--bc1056.hifi_reads,D6,1,sample,9JG.02,9JG.02.02,NA,NA,50.853376,-2.080443,15,7,2024,01/01/2024,15/07/2024,196,winter_wheat,NA,spring_wheat,NA,winter_barley,NA,winter_wheat,NA,winter_barley,NA,NA,NA,Common wheat/bread wheat,No,N/A,not_seen,Yes,Yes,Yes,Yes,Yes,No,No,No,Yes,NA,NA,No,NA,NA,NA,NA,NA,Yes,NA,Yes,No,No tillage,NA,7.9,33.4,86,41,17.1,2774.5,7.9,7.4,60.3,181.2,38,0,0.4,18.9
3_demultiplex.bc1012--bc1057.hifi_reads,D7,1,sample,9JG.02,9JG.02.10,NA,NA,50.853376,-2.080443,15,7,2024,01/01/2024,15/07/2024,196,winter_wheat,NA,spring_wheat,NA,winter_barley,NA,winter_wheat,NA,winter_barley,NA,NA,NA,Common wheat/bread wheat,No,N/A,not_seen,Yes,Yes,Yes,Yes,Yes,No,No,No,Yes,NA,NA,No,NA,NA,NA,NA,NA,Yes,NA,Yes,No,No tillage,NA,7.9,33.4,86,41,17.1,2774.5,7.9,7.4,60.3,181.2,38,0,0.4,18.9
3_demultiplex.bc1012--bc1059.hifi_reads,D8,1,sample,9JG.02,9JG.02.18,NA,NA,50.853376,-2.080443,15,7,2024,01/01/2024,15/07/2024,196,winter_wheat,NA,spring_wheat,NA,winter_barley,NA,winter_wheat,NA,winter_barley,NA,NA,NA,Common wheat/bread wheat,No,N/A,not_seen,Yes,Yes,Yes,Yes,Yes,No,No,No,Yes,NA,NA,No,NA,NA,NA,NA,NA,Yes,NA,Yes,No,No tillage,NA,7.9,33.4,86,41,17.1,2774.5,7.9,7.4,60.3,181.2,38,0,0.4,18.9
3_demultiplex.bc1012--bc1060.hifi_reads,D9,1,sample,5DA.01,5DA.01.05,NA,NA,53.03952,-0.69002,5,8,2024,01/01/2024,08/05/2024,217,group_1,NA,oats,vetch,2nd_wheat,NA,group_3 ,NA,OSR,NA,NA,NA,Crusoe; skyscraper; firefly,No,N/A,not_seen,Yes,Yes,Yes,Yes,Yes,No,No,No,Yes,NA,NA,Yes,NA,NA,NA,Yes,NA,Yes,Yes,Yes,Yes,Reduced tillage,NA,7.8,24.2,442,113,18,3713,4.3,6.9,151.1,154.6,51.7,0,1.4,27.1
3_demultiplex.bc1012--bc1062.hifi_reads,D10,1,sample,5DA.01,5DA.01.13,NA,NA,53.03952,-0.69002,5,8,2024,01/01/2024,08/05/2024,217,group_1,NA,oats,vetch,2nd_wheat,NA,group_3 ,NA,OSR,NA,NA,NA,Crusoe; skyscraper; firefly,No,N/A,not_seen,Yes,Yes,Yes,Yes,Yes,No,No,No,Yes,NA,NA,Yes,NA,NA,NA,Yes,NA,Yes,Yes,Yes,Yes,Reduced tillage,NA,7.8,24.2,442,113,18,3713,4.3,6.9,151.1,154.6,51.7,0,1.4,27.1
3_demultiplex.bc1012--bc1065.hifi_reads,D11,1,farmer_kit,5DA.01,5DA.1.240.FK,240,SFK,53.03952,-0.69002,5,8,2024,01/01/2024,08/05/2024,217,group_1,NA,oats,vetch,2nd_wheat,NA,group_3 ,NA,OSR,NA,NA,NA,Crusoe; skyscraper; firefly,No,N/A,not_seen,Yes,Yes,Yes,Yes,Yes,No,No,No,Yes,NA,NA,Yes,NA,NA,NA,Yes,NA,Yes,Yes,Yes,Yes,Reduced tillage,NA,7.8,24.2,442,113,18,3713,4.3,6.9,151.1,154.6,51.7,0,1.4,27.1
3_demultiplex.bc1012--bc1075.hifi_reads,D12,1,gt_control,S1,S1,NA,NA,NA,NA,NA,NA,NA,NA,NA,NA,NA,NA,NA,NA,NA,NA,NA,NA,NA,NA,NA,NA,NA,NA,NA,NA,NA,NA,NA,NA,NA,NA,NA,NA,NA,NA,NA,NA,NA,NA,NA,NA,NA,NA,NA,NA,NA,NA,NA,NA,NA,NA,NA,NA,NA,NA,NA,NA,NA,NA,NA,NA,NA
3_demultiplex.bc1015--bc1033.hifi_reads,E1,1,sample,4EH.01,4EH.01.18,NA,NA,51.893792,-0.825926,24,6,2024,01/01/2024,24/06/2024,175,spring_wheat,NA,spring_beans,NA,winter_wheat,NA,spring_oats,NA,spring_wheat,NA,NA,NA,X days,No,N/A,not_seen,Yes,Yes,No,No,No,Sulfur,No,No,No,Yes,220Kile N/hectare; 20 kilo S/hectare,NA,NA,NA,NA,Yes,30 tons/hectare,NA,Yes,Yes,No,No tillage,NA,7.6,62.4,475,121,17.8,3290.9,3.7,8.2,66.4,239.5,95.4,0,0.3,24.6
3_demultiplex.bc1015--bc1035.hifi_reads,E2,1,farmer_kit,8PY.01,8PY.1.109.FK,109,FFK,53.314167,0.024722,23,7,2024,01/01/2024,23/07/2024,204,winter_wheat,NA,combining_peas,oats,winter_wheat,NA,winter_linseed,NA,winter_wheat,NA,NA,NA,Common wheat/bread wheat,Yes,"Premature death,Bleaching/discolouration,Lower tillering",Five years or more,Yes,Yes,No,No,No,No,No,No,No,NA,3 sp. Applications totalling 190kgN/ha,Yes,NA,NA,NA,NA,Composted manure 1 in 4 yrs,NA,Yes,Yes,No,No tillage,NA,7.8,38.8,175,49,16.2,2341,3.4,5.8,140.2,172.4,40.8,0,1,16.5
3_demultiplex.bc1015--bc1044.hifi_reads,E3,1,farmer_kit,8HQ.04,8HQ.4.225.FK,225,IFK,53.10852,0.05014,8,8,2024,01/01/2024,08/08/2024,220,group_2,NA,pre_pack,NA,group_2,NA,maize_forage,NA,spring_wheat,NA,NA,NA,Extase; Cranium,No,N/A,not_seen,Yes,Yes,Yes,Yes,Yes,No,No,No,Yes,NA,NA,Yes,NA,NA,NA,Yes,NA,Yes,Yes,Yes,Yes,Reduced tillage,NA,7.7,27.4,292,310,24.5,3981.8,9.7,6,72.3,291.1,78.2,0,0.5,30.6
3_demultiplex.bc1015--bc1045.hifi_reads,E4,1,sample,5RA.01,5RA.01.08,NA,NA,50.795919,0.169297,10,7,2024,01/01/2024,07/10/2024,191,unknown,NA,unknown,NA,unknown,NA,unknown,NA,unknown,NA,NA,NA,unknown,unknown,unknown,unknown,unknown,unknown,unknown,unknown,unknown,unknown,unknown,unknown,unknown,NA,unknown,unknown,NA,NA,NA,unknown,NA,unknown,unknown,unknown,unknown,unknown,NA,7.8,31,75,54,15.9,2247.2,3.1,10.7,26.4,43.6,63.1,0,0.2,15.6
3_demultiplex.bc1015--bc1054.hifi_reads,E5,1,sample,5RA.01,5RA.01.16,NA,NA,50.795919,0.169297,10,7,2024,01/01/2024,07/10/2024,191,unknown,NA,unknown,NA,unknown,NA,unknown,NA,unknown,NA,NA,NA,unknown,unknown,unknown,unknown,unknown,unknown,unknown,unknown,unknown,unknown,unknown,unknown,unknown,NA,unknown,unknown,NA,NA,NA,unknown,NA,unknown,unknown,unknown,unknown,unknown,NA,7.8,31,75,54,15.9,2247.2,3.1,10.7,26.4,43.6,63.1,0,0.2,15.6
3_demultiplex.bc1015--bc1056.hifi_reads,E6,1,sample,9JG.02,9JG.02.03,NA,NA,50.853376,-2.080443,15,7,2024,01/01/2024,15/07/2024,196,winter_wheat,NA,spring_wheat,NA,winter_barley,NA,winter_wheat,NA,winter_barley,NA,NA,NA,Common wheat/bread wheat,No,N/A,not_seen,Yes,Yes,Yes,Yes,Yes,No,No,No,Yes,NA,NA,No,NA,NA,NA,NA,NA,Yes,NA,Yes,No,No tillage,NA,7.9,33.4,86,41,17.1,2774.5,7.9,7.4,60.3,181.2,38,0,0.4,18.9
3_demultiplex.bc1015--bc1057.hifi_reads,E7,1,sample,9JG.02,9JG.02.11,NA,NA,50.853376,-2.080443,15,7,2024,01/01/2024,15/07/2024,196,winter_wheat,NA,spring_wheat,NA,winter_barley,NA,winter_wheat,NA,winter_barley,NA,NA,NA,Common wheat/bread wheat,No,N/A,not_seen,Yes,Yes,Yes,Yes,Yes,No,No,No,Yes,NA,NA,No,NA,NA,NA,NA,NA,Yes,NA,Yes,No,No tillage,NA,7.9,33.4,86,41,17.1,2774.5,7.9,7.4,60.3,181.2,38,0,0.4,18.9
3_demultiplex.bc1015--bc1059.hifi_reads,E8,1,sample,9JG.02,9JG.02.19,NA,NA,50.853376,-2.080443,15,7,2024,01/01/2024,15/07/2024,196,winter_wheat,NA,spring_wheat,NA,winter_barley,NA,winter_wheat,NA,winter_barley,NA,NA,NA,Common wheat/bread wheat,No,N/A,not_seen,Yes,Yes,Yes,Yes,Yes,No,No,No,Yes,NA,NA,No,NA,NA,NA,NA,NA,Yes,NA,Yes,No,No tillage,NA,7.9,33.4,86,41,17.1,2774.5,7.9,7.4,60.3,181.2,38,0,0.4,18.9
3_demultiplex.bc1015--bc1060.hifi_reads,E9,1,sample,5DA.01,5DA.01.06,NA,NA,53.03952,-0.69002,5,8,2024,01/01/2024,08/05/2024,217,group_1,NA,oats,vetch,2nd_wheat,NA,group_3 ,NA,OSR,NA,NA,NA,Crusoe; skyscraper; firefly,No,N/A,not_seen,Yes,Yes,Yes,Yes,Yes,No,No,No,Yes,NA,NA,Yes,NA,NA,NA,Yes,NA,Yes,Yes,Yes,Yes,Reduced tillage,NA,7.8,24.2,442,113,18,3713,4.3,6.9,151.1,154.6,51.7,0,1.4,27.1
3_demultiplex.bc1015--bc1062.hifi_reads,E10,1,sample,5DA.01,5DA.01.14,NA,NA,53.03952,-0.69002,5,8,2024,01/01/2024,08/05/2024,217,group_1,NA,oats,vetch,2nd_wheat,NA,group_3 ,NA,OSR,NA,NA,NA,Crusoe; skyscraper; firefly,No,N/A,not_seen,Yes,Yes,Yes,Yes,Yes,No,No,No,Yes,NA,NA,Yes,NA,NA,NA,Yes,NA,Yes,Yes,Yes,Yes,Reduced tillage,NA,7.8,24.2,442,113,18,3713,4.3,6.9,151.1,154.6,51.7,0,1.4,27.1
3_demultiplex.bc1015--bc1065.hifi_reads,E11,1,sample,2AY.02,2AY.02.01,NA,NA,53.17083,-0.3737,7,8,2024,NA,08/07/2024,45511,group_1,NA,oats,vetch,2nd_wheat,NA,group_1,NA,OSR,NA,NA,NA,Crusoe; skyscraper; crusoe,No,N/A,not_seen,Yes,Yes,Yes,Yes,Yes,No,No,No,Yes,NA,NA,Yes,NA,NA,NA,Yes,NA,Yes,Yes,Yes,Yes,Reduced tillage,NA,7.3,14.8,307,270,15.9,3857.9,5.7,5.6,60.6,412.8,94.3,0,0.4,29.4
3_demultiplex.bc1015--bc1075.hifi_reads,E12,1,gt_control,S2,S2,NA,NA,NA,NA,NA,NA,NA,NA,NA,NA,NA,NA,NA,NA,NA,NA,NA,NA,NA,NA,NA,NA,NA,NA,NA,NA,NA,NA,NA,NA,NA,NA,NA,NA,NA,NA,NA,NA,NA,NA,NA,NA,NA,NA,NA,NA,NA,NA,NA,NA,NA,NA,NA,NA,NA,NA,NA,NA,NA,NA,NA,NA,NA
3_demultiplex.bc1020--bc1033.hifi_reads,F1,1,sample,4EH.01,4EH.01.19,NA,NA,51.893792,-0.825926,24,6,2024,01/01/2024,24/06/2024,175,spring_wheat,NA,spring_beans,NA,winter_wheat,NA,spring_oats,NA,spring_wheat,NA,NA,NA,X days,No,N/A,not_seen,Yes,Yes,No,No,No,Sulfur,No,No,No,Yes,220Kile N/hectare; 20 kilo S/hectare,NA,NA,NA,NA,Yes,30 tons/hectare,NA,Yes,Yes,No,No tillage,NA,7.6,62.4,475,121,17.8,3290.9,3.7,8.2,66.4,239.5,95.4,0,0.3,24.6
3_demultiplex.bc1020--bc1035.hifi_reads,F2,1,farmer_kit,0JN.01,0JN.1.180.FK,180,FFK,51.76888,0.26238,1,8,2024,01/01/2024,08/01/2024,213,wheat,NA,wheat,NA,spring_barley,NA,NA,NA,NA,NA,NA,NA,Var Edgar,Yes,Lower Tillering ,One year,Yes,Yes,Yes,Yes,Yes,Polysulphate(Sulphur/ Potash/ Magnesium/ Calcium);Manganese;Magnesium,Yes,No,Yes,NA,NA,No,NA,NA,NA,NA,NA,NA,NA,Yes,Yes,Ploughed,NA,8,6.8,134,49,13.6,4343.6,5.7,4.1,50.5,205.6,47,0,0.4,29.3
3_demultiplex.bc1020--bc1044.hifi_reads,F3,1,sample,5RA.01,5RA.01.01,NA,NA,50.795919,0.169297,10,7,2024,01/01/2024,07/10/2024,191,unknown,NA,unknown,NA,unknown,NA,unknown,NA,unknown,NA,NA,NA,unknown,unknown,unknown,unknown,unknown,unknown,unknown,unknown,unknown,unknown,unknown,unknown,unknown,NA,unknown,unknown,NA,NA,NA,unknown,NA,unknown,unknown,unknown,unknown,unknown,NA,7.8,31,75,54,15.9,2247.2,3.1,10.7,26.4,43.6,63.1,0,0.2,15.6
3_demultiplex.bc1020--bc1045.hifi_reads,F4,1,sample,5RA.01,5RA.01.09,NA,NA,50.795919,0.169297,10,7,2024,01/01/2024,07/10/2024,191,unknown,NA,unknown,NA,unknown,NA,unknown,NA,unknown,NA,NA,NA,unknown,unknown,unknown,unknown,unknown,unknown,unknown,unknown,unknown,unknown,unknown,unknown,unknown,NA,unknown,unknown,NA,NA,NA,unknown,NA,unknown,unknown,unknown,unknown,unknown,NA,7.8,31,75,54,15.9,2247.2,3.1,10.7,26.4,43.6,63.1,0,0.2,15.6
3_demultiplex.bc1020--bc1054.hifi_reads,F5,1,sample,5RA.01,5RA.01.17,NA,NA,50.795919,0.169297,10,7,2024,01/01/2024,07/10/2024,191,unknown,NA,unknown,NA,unknown,NA,unknown,NA,unknown,NA,NA,NA,unknown,unknown,unknown,unknown,unknown,unknown,unknown,unknown,unknown,unknown,unknown,unknown,unknown,NA,unknown,unknown,NA,NA,NA,unknown,NA,unknown,unknown,unknown,unknown,unknown,NA,7.8,31,75,54,15.9,2247.2,3.1,10.7,26.4,43.6,63.1,0,0.2,15.6
3_demultiplex.bc1020--bc1056.hifi_reads,F6,1,sample,9JG.02,9JG.02.04,NA,NA,50.853376,-2.080443,15,7,2024,01/01/2024,15/07/2024,196,winter_wheat,NA,spring_wheat,NA,winter_barley,NA,winter_wheat,NA,winter_barley,NA,NA,NA,Common wheat/bread wheat,No,N/A,not_seen,Yes,Yes,Yes,Yes,Yes,No,No,No,Yes,NA,NA,No,NA,NA,NA,NA,NA,Yes,NA,Yes,No,No tillage,NA,7.9,33.4,86,41,17.1,2774.5,7.9,7.4,60.3,181.2,38,0,0.4,18.9
3_demultiplex.bc1020--bc1057.hifi_reads,F7,1,sample,9JG.02,9JG.02.12,NA,NA,50.853376,-2.080443,15,7,2024,01/01/2024,15/07/2024,196,winter_wheat,NA,spring_wheat,NA,winter_barley,NA,winter_wheat,NA,winter_barley,NA,NA,NA,Common wheat/bread wheat,No,N/A,not_seen,Yes,Yes,Yes,Yes,Yes,No,No,No,Yes,NA,NA,No,NA,NA,NA,NA,NA,Yes,NA,Yes,No,No tillage,NA,7.9,33.4,86,41,17.1,2774.5,7.9,7.4,60.3,181.2,38,0,0.4,18.9
3_demultiplex.bc1020--bc1059.hifi_reads,F8,1,sample,9JG.02,9JG.02.20,NA,NA,50.853376,-2.080443,15,7,2024,01/01/2024,15/07/2024,196,winter_wheat,NA,spring_wheat,NA,winter_barley,NA,winter_wheat,NA,winter_barley,NA,NA,NA,Common wheat/bread wheat,No,N/A,not_seen,Yes,Yes,Yes,Yes,Yes,No,No,No,Yes,NA,NA,No,NA,NA,NA,NA,NA,Yes,NA,Yes,No,No tillage,NA,7.9,33.4,86,41,17.1,2774.5,7.9,7.4,60.3,181.2,38,0,0.4,18.9
3_demultiplex.bc1020--bc1060.hifi_reads,F9,1,sample,5DA.01,5DA.01.07,NA,NA,53.03952,-0.69002,5,8,2024,01/01/2024,08/05/2024,217,group_1,NA,oats,vetch,2nd_wheat,NA,group_3 ,NA,OSR,NA,NA,NA,Crusoe; skyscraper; firefly,No,N/A,not_seen,Yes,Yes,Yes,Yes,Yes,No,No,No,Yes,NA,NA,Yes,NA,NA,NA,Yes,NA,Yes,Yes,Yes,Yes,Reduced tillage,NA,7.8,24.2,442,113,18,3713,4.3,6.9,151.1,154.6,51.7,0,1.4,27.1
3_demultiplex.bc1020--bc1062.hifi_reads,F10,1,sample,5DA.01,5DA.01.15,NA,NA,53.03952,-0.69002,5,8,2024,01/01/2024,08/05/2024,217,group_1,NA,oats,vetch,2nd_wheat,NA,group_3 ,NA,OSR,NA,NA,NA,Crusoe; skyscraper; firefly,No,N/A,not_seen,Yes,Yes,Yes,Yes,Yes,No,No,No,Yes,NA,NA,Yes,NA,NA,NA,Yes,NA,Yes,Yes,Yes,Yes,Reduced tillage,NA,7.8,24.2,442,113,18,3713,4.3,6.9,151.1,154.6,51.7,0,1.4,27.1
3_demultiplex.bc1020--bc1065.hifi_reads,F11,1,sample,2AY.02,2AY.02.02,NA,NA,53.17083,-0.3737,7,8,2024,01/01/2024,08/07/2024,219,group_1,NA,oats,vetch,2nd_wheat,NA,group_1,NA,OSR,NA,NA,NA,Crusoe; skyscraper; crusoe,No,N/A,not_seen,Yes,Yes,Yes,Yes,Yes,No,No,No,Yes,NA,NA,Yes,NA,NA,NA,Yes,NA,Yes,Yes,Yes,Yes,Reduced tillage,NA,7.3,14.8,307,270,15.9,3857.9,5.7,5.6,60.6,412.8,94.3,0,0.4,29.4
3_demultiplex.bc1020--bc1075.hifi_reads,F12,1,gt_control,S3,S3,NA,NA,NA,NA,NA,NA,NA,NA,NA,NA,NA,NA,NA,NA,NA,NA,NA,NA,NA,NA,NA,NA,NA,NA,NA,NA,NA,NA,NA,NA,NA,NA,NA,NA,NA,NA,NA,NA,NA,NA,NA,NA,NA,NA,NA,NA,NA,NA,NA,NA,NA,NA,NA,NA,NA,NA,NA,NA,NA,NA,NA,NA,NA
3_demultiplex.bc1022--bc1033.hifi_reads,G1,1,sample,4EH.01,4EH.01.20,NA,NA,51.893792,-0.825926,24,6,2024,01/01/2024,24/06/2024,175,spring_wheat,NA,spring_beans,NA,winter_wheat,NA,spring_oats,NA,spring_wheat,NA,NA,NA,X days,No,N/A,not_seen,Yes,Yes,No,No,No,Sulfur,No,No,No,Yes,220Kile N/hectare; 20 kilo S/hectare,NA,NA,NA,NA,Yes,30 tons/hectare,NA,Yes,Yes,No,No tillage,NA,7.6,62.4,475,121,17.8,3290.9,3.7,8.2,66.4,239.5,95.4,0,0.3,24.6
3_demultiplex.bc1022--bc1035.hifi_reads,G2,1,farmer_kit,5BY.03,5BY.3.231.FK,231,IFK,53.034143,-0.6864,5,8,2024,01/01/2024,08/05/2024,217,group_1,NA,oats,vetch,group_2,NA,maize,NA,OSR,NA,NA,NA,Crusoe; Extase,No,N/A,not_seen,Yes,Yes,Yes,Yes,Yes,No,No,No,Yes,NA,NA,Yes,NA,NA,NA,Yes,NA,Yes,Yes,Yes,Yes,Reduced tillage,NA,6.7,32.6,150,147,11.4,2678.6,3.4,5.9,40.5,217.6,48.6,0,0.3,20.8
3_demultiplex.bc1022--bc1044.hifi_reads,G3,1,sample,5RA.01,5RA.01.02,NA,NA,50.795919,0.169297,10,7,2024,01/01/2024,07/10/2024,191,unknown,NA,unknown,NA,unknown,NA,unknown,NA,unknown,NA,NA,NA,unknown,unknown,unknown,unknown,unknown,unknown,unknown,unknown,unknown,unknown,unknown,unknown,unknown,NA,unknown,unknown,NA,NA,NA,unknown,NA,unknown,unknown,unknown,unknown,unknown,NA,7.8,31,75,54,15.9,2247.2,3.1,10.7,26.4,43.6,63.1,0,0.2,15.6
3_demultiplex.bc1022--bc1045.hifi_reads,G4,1,sample,5RA.01,5RA.01.10,NA,NA,50.795919,0.169297,10,7,2024,01/01/2024,07/10/2024,191,unknown,NA,unknown,NA,unknown,NA,unknown,NA,unknown,NA,NA,NA,unknown,unknown,unknown,unknown,unknown,unknown,unknown,unknown,unknown,unknown,unknown,unknown,unknown,NA,unknown,unknown,NA,NA,NA,unknown,NA,unknown,unknown,unknown,unknown,unknown,NA,7.8,31,75,54,15.9,2247.2,3.1,10.7,26.4,43.6,63.1,0,0.2,15.6
3_demultiplex.bc1022--bc1054.hifi_reads,G5,1,sample,5RA.01,5RA.01.18,NA,NA,50.795919,0.169297,10,7,2024,01/01/2024,07/10/2024,191,unknown,NA,unknown,NA,unknown,NA,unknown,NA,unknown,NA,NA,NA,unknown,unknown,unknown,unknown,unknown,unknown,unknown,unknown,unknown,unknown,unknown,unknown,unknown,NA,unknown,unknown,NA,NA,NA,unknown,NA,unknown,unknown,unknown,unknown,unknown,NA,7.8,31,75,54,15.9,2247.2,3.1,10.7,26.4,43.6,63.1,0,0.2,15.6
3_demultiplex.bc1022--bc1056.hifi_reads,G6,1,sample,9JG.02,9JG.02.05,NA,NA,50.853376,-2.080443,15,7,2024,01/01/2024,15/07/2024,196,winter_wheat,NA,spring_wheat,NA,winter_barley,NA,winter_wheat,NA,winter_barley,NA,NA,NA,Common wheat/bread wheat,No,N/A,not_seen,Yes,Yes,Yes,Yes,Yes,No,No,No,Yes,NA,NA,No,NA,NA,NA,NA,NA,Yes,NA,Yes,No,No tillage,NA,7.9,33.4,86,41,17.1,2774.5,7.9,7.4,60.3,181.2,38,0,0.4,18.9
3_demultiplex.bc1022--bc1057.hifi_reads,G7,1,sample,9JG.02,9JG.02.13,NA,NA,50.853376,-2.080443,15,7,2024,01/01/2024,15/07/2024,196,winter_wheat,NA,spring_wheat,NA,winter_barley,NA,winter_wheat,NA,winter_barley,NA,NA,NA,Common wheat/bread wheat,No,N/A,not_seen,Yes,Yes,Yes,Yes,Yes,No,No,No,Yes,NA,NA,No,NA,NA,NA,NA,NA,Yes,NA,Yes,No,No tillage,NA,7.9,33.4,86,41,17.1,2774.5,7.9,7.4,60.3,181.2,38,0,0.4,18.9
3_demultiplex.bc1022--bc1059.hifi_reads,G8,1,farmer_kit,9JG.02,9JG.2.236.FK,236,SFK,50.853376,-2.080443,15,7,2024,01/01/2024,15/07/2024,196,winter_wheat,NA,spring_wheat,NA,winter_barley,NA,winter_wheat,NA,winter_barley,NA,NA,NA,Common wheat/bread wheat,No,N/A,not_seen,Yes,Yes,Yes,Yes,Yes,No,No,No,Yes,NA,NA,No,NA,NA,NA,NA,NA,Yes,NA,Yes,No,No tillage,NA,7.9,33.4,86,41,17.1,2774.5,7.9,7.4,60.3,181.2,38,0,0.4,18.9
3_demultiplex.bc1022--bc1060.hifi_reads,G9,1,sample,5DA.01,5DA.01.08,NA,NA,53.03952,-0.69002,5,8,2024,01/01/2024,08/05/2024,217,group_1,NA,oats,vetch,2nd_wheat,NA,group_3 ,NA,OSR,NA,NA,NA,Crusoe; skyscraper; firefly,No,N/A,not_seen,Yes,Yes,Yes,Yes,Yes,No,No,No,Yes,NA,NA,Yes,NA,NA,NA,Yes,NA,Yes,Yes,Yes,Yes,Reduced tillage,NA,7.8,24.2,442,113,18,3713,4.3,6.9,151.1,154.6,51.7,0,1.4,27.1
3_demultiplex.bc1022--bc1062.hifi_reads,G10,1,sample,5DA.01,5DA.01.16,NA,NA,53.03952,-0.69002,5,8,2024,01/01/2024,08/05/2024,217,group_1,NA,oats,vetch,2nd_wheat,NA,group_3 ,NA,OSR,NA,NA,NA,Crusoe; skyscraper; firefly,No,N/A,not_seen,Yes,Yes,Yes,Yes,Yes,No,No,No,Yes,NA,NA,Yes,NA,NA,NA,Yes,NA,Yes,Yes,Yes,Yes,Reduced tillage,NA,7.8,24.2,442,113,18,3713,4.3,6.9,151.1,154.6,51.7,0,1.4,27.1
3_demultiplex.bc1022--bc1065.hifi_reads,G11,1,sample,2AY.02,2AY.02.03,NA,NA,53.17083,-0.3737,7,8,2024,01/01/2024,08/07/2024,219,group_1,NA,oats,vetch,2nd_wheat,NA,group_1,NA,OSR,NA,NA,NA,Crusoe; skyscraper; crusoe,No,N/A,not_seen,Yes,Yes,Yes,Yes,Yes,No,No,No,Yes,NA,NA,Yes,NA,NA,NA,Yes,NA,Yes,Yes,Yes,Yes,Reduced tillage,NA,7.3,14.8,307,270,15.9,3857.9,5.7,5.6,60.6,412.8,94.3,0,0.4,29.4
3_demultiplex.bc1024--bc1033.hifi_reads,H1,1,farmer_kit,4EH.01,4EH.1.250.FK,250,SFK,51.893792,-0.825926,24,6,2024,01/01/2024,24/06/2024,175,spring_wheat,NA,spring_beans,NA,winter_wheat,NA,spring_oats,NA,spring_wheat,NA,NA,NA,X days,No,N/A,not_seen,Yes,Yes,No,No,No,Sulfur,No,No,No,Yes,220Kile N/hectare; 20 kilo S/hectare,NA,NA,NA,NA,Yes,30 tons/hectare,NA,Yes,Yes,No,No tillage,NA,7.6,62.4,475,121,17.8,3290.9,3.7,8.2,66.4,239.5,95.4,0,0.3,24.6
3_demultiplex.bc1024--bc1035.hifi_reads,H2,1,farmer_kit,0JN.02,0JN.2.179.FK,179,FFK,51.67664,0.25863,24,8,2024,01/01/2024,24/08/2024,236,wheat,NA,wheat,NA,oilseed_rape,NA,NA,NA,NA,NA,NA,NA,Var Palladium ,No,N/A,not_seen,Yes,Yes,No,No,Yes,Magnesium;Manganese,No,No,No,NA,240kg/Ha split in three,No,NA,NA,NA,NA,NA,NA,Yes,Yes,Yes,Direct drilling,NA,7.1,56.2,218,59,8.3,2424.8,7.6,12.8,81,328,52.6,0,0.8,17.3
3_demultiplex.bc1024--bc1044.hifi_reads,H3,1,sample,5RA.01,5RA.01.03,NA,NA,50.795919,0.169297,10,7,2024,01/01/2024,07/10/2024,191,unknown,NA,unknown,NA,unknown,NA,unknown,NA,unknown,NA,NA,NA,unknown,unknown,unknown,unknown,unknown,unknown,unknown,unknown,unknown,unknown,unknown,unknown,unknown,NA,unknown,unknown,NA,NA,NA,unknown,NA,unknown,unknown,unknown,unknown,unknown,NA,7.8,31,75,54,15.9,2247.2,3.1,10.7,26.4,43.6,63.1,0,0.2,15.6
3_demultiplex.bc1024--bc1045.hifi_reads,H4,1,sample,5RA.01,5RA.01.11,NA,NA,50.795919,0.169297,10,7,2024,01/01/2024,07/10/2024,191,unknown,NA,unknown,NA,unknown,NA,unknown,NA,unknown,NA,NA,NA,unknown,unknown,unknown,unknown,unknown,unknown,unknown,unknown,unknown,unknown,unknown,unknown,unknown,NA,unknown,unknown,NA,NA,NA,unknown,NA,unknown,unknown,unknown,unknown,unknown,NA,7.8,31,75,54,15.9,2247.2,3.1,10.7,26.4,43.6,63.1,0,0.2,15.6
3_demultiplex.bc1024--bc1054.hifi_reads,H5,1,sample,5RA.01,5RA.01.19,NA,NA,50.795919,0.169297,10,7,2024,01/01/2024,07/10/2024,191,unknown,NA,unknown,NA,unknown,NA,unknown,NA,unknown,NA,NA,NA,unknown,unknown,unknown,unknown,unknown,unknown,unknown,unknown,unknown,unknown,unknown,unknown,unknown,NA,unknown,unknown,NA,NA,NA,unknown,NA,unknown,unknown,unknown,unknown,unknown,NA,7.8,31,75,54,15.9,2247.2,3.1,10.7,26.4,43.6,63.1,0,0.2,15.6
3_demultiplex.bc1024--bc1056.hifi_reads,H6,1,sample,9JG.02,9JG.02.06,NA,NA,50.853376,-2.080443,15,7,2024,01/01/2024,15/07/2024,196,winter_wheat,NA,spring_wheat,NA,winter_barley,NA,winter_wheat,NA,winter_barley,NA,NA,NA,Common wheat/bread wheat,No,N/A,not_seen,Yes,Yes,Yes,Yes,Yes,No,No,No,Yes,NA,NA,No,NA,NA,NA,NA,NA,Yes,NA,Yes,No,No tillage,NA,7.9,33.4,86,41,17.1,2774.5,7.9,7.4,60.3,181.2,38,0,0.4,18.9
3_demultiplex.bc1024--bc1057.hifi_reads,H7,1,sample,9JG.02,9JG.02.14,NA,NA,50.853376,-2.080443,15,7,2024,01/01/2024,15/07/2024,196,winter_wheat,NA,spring_wheat,NA,winter_barley,NA,winter_wheat,NA,winter_barley,NA,NA,NA,Common wheat/bread wheat,No,N/A,not_seen,Yes,Yes,Yes,Yes,Yes,No,No,No,Yes,NA,NA,No,NA,NA,NA,NA,NA,Yes,NA,Yes,No,No tillage,NA,7.9,33.4,86,41,17.1,2774.5,7.9,7.4,60.3,181.2,38,0,0.4,18.9
3_demultiplex.bc1024--bc1059.hifi_reads,H8,1,sample,5DA.01,5DA.01.01,NA,NA,53.03952,-0.69002,5,8,2024,01/01/2024,08/05/2024,217,group_1,NA,oats,vetch,2nd_wheat,NA,group_3 ,NA,OSR,NA,NA,NA,Crusoe; skyscraper; firefly,No,N/A,not_seen,Yes,Yes,Yes,Yes,Yes,No,No,No,Yes,NA,NA,Yes,NA,NA,NA,Yes,NA,Yes,Yes,Yes,Yes,Reduced tillage,NA,7.8,24.2,442,113,18,3713,4.3,6.9,151.1,154.6,51.7,0,1.4,27.1
3_demultiplex.bc1024--bc1060.hifi_reads,H9,1,sample,5DA.01,5DA.01.09,NA,NA,53.03952,-0.69002,5,8,2024,01/01/2024,08/05/2024,217,group_1,NA,oats,vetch,2nd_wheat,NA,group_3 ,NA,OSR,NA,NA,NA,Crusoe; skyscraper; firefly,No,N/A,not_seen,Yes,Yes,Yes,Yes,Yes,No,No,No,Yes,NA,NA,Yes,NA,NA,NA,Yes,NA,Yes,Yes,Yes,Yes,Reduced tillage,NA,7.8,24.2,442,113,18,3713,4.3,6.9,151.1,154.6,51.7,0,1.4,27.1
3_demultiplex.bc1024--bc1062.hifi_reads,H10,1,sample,5DA.01,5DA.01.17,NA,NA,53.03952,-0.69002,5,8,2024,01/01/2024,08/05/2024,217,group_1,NA,oats,vetch,2nd_wheat,NA,group_3 ,NA,OSR,NA,NA,NA,Crusoe; skyscraper; firefly,No,N/A,not_seen,Yes,Yes,Yes,Yes,Yes,No,No,No,Yes,NA,NA,Yes,NA,NA,NA,Yes,NA,Yes,Yes,Yes,Yes,Reduced tillage,NA,7.8,24.2,442,113,18,3713,4.3,6.9,151.1,154.6,51.7,0,1.4,27.1
3_demultiplex.bc1024--bc1065.hifi_reads,H11,1,sample,2AY.02,2AY.02.04,NA,NA,53.17083,-0.3737,7,8,2024,01/01/2024,08/07/2024,219,group_1,NA,oats,vetch,2nd_wheat,NA,group_1,NA,OSR,NA,NA,NA,Crusoe; skyscraper; crusoe,No,N/A,not_seen,Yes,Yes,Yes,Yes,Yes,No,No,No,Yes,NA,NA,Yes,NA,NA,NA,Yes,NA,Yes,Yes,Yes,Yes,Reduced tillage,NA,7.3,14.8,307,270,15.9,3857.9,5.7,5.6,60.6,412.8,94.3,0,0.4,29.4
3_demultiplex.bc1005--bc1076.hifi_reads,A1,1,sample,2AY.02,2AY.02.11,NA,NA,53.17083,-0.3737,7,8,2024,01/01/2024,08/07/2024,219,group_1,NA,oats,vetch,2nd_wheat,NA,group_1,NA,OSR,NA,NA,NA,Crusoe; skyscraper; crusoe,No,N/A,not_seen,Yes,Yes,Yes,Yes,Yes,No,No,No,Yes,NA,NA,Yes,NA,NA,NA,Yes,NA,Yes,Yes,Yes,Yes,Reduced tillage,NA,7.3,14.8,307,270,15.9,3857.9,5.7,5.6,60.6,412.8,94.3,0,0.4,29.4
3_demultiplex.bc1005--bc1082.hifi_reads,A2,1,sample,2AY.02,2AY.02.19,NA,NA,53.17083,-0.3737,7,8,2024,01/01/2024,08/07/2024,219,group_1,NA,oats,vetch,2nd_wheat,NA,group_1,NA,OSR,NA,NA,NA,Crusoe; skyscraper; crusoe,No,N/A,not_seen,Yes,Yes,Yes,Yes,Yes,No,No,No,Yes,NA,NA,Yes,NA,NA,NA,Yes,NA,Yes,Yes,Yes,Yes,Reduced tillage,NA,7.3,14.8,307,270,15.9,3857.9,5.7,5.6,60.6,412.8,94.3,0,0.4,29.4
3_demultiplex.bc1005--bc1083.hifi_reads,A3,1,sample,2JJ.02,2JJ.02.06,NA,NA,53.60575,-1.501528,8,8,2024,01/01/2024,08/08/2024,220,winter_wheat,NA,wheat,NA,wheat,NA,OSR,NA,wheat,NA,NA,NA,NA,No,N/A,not_seen,not_reported,Yes,No,No,Yes,No,No,No,250 kg/ha,NA,"Nitogen 3 times in the Spring (March, April, May)",NA,NA,NA,NA,NA,NA,Yes,Yes,Yes,No,No tillage,NA,6.8,21.6,156,61,9.4,1421.7,6.2,6.3,87.8,279.3,79.2,0,0.5,11.2
3_demultiplex.bc1005--bc1089.hifi_reads,A4,1,sample,2JJ.02,2JJ.02.14,NA,NA,53.60575,-1.501528,8,8,2024,01/01/2024,08/08/2024,220,winter_wheat,NA,wheat,NA,wheat,NA,OSR,NA,wheat,NA,NA,NA,NA,No,N/A,not_seen,not_reported,Yes,No,No,Yes,No,No,No,250 kg/ha,NA,"Nitogen 3 times in the Spring (March, April, May)",NA,NA,NA,NA,NA,NA,Yes,Yes,Yes,No,No tillage,NA,6.8,21.6,156,61,9.4,1421.7,6.2,6.3,87.8,279.3,79.2,0,0.5,11.2
3_demultiplex.bc1005--bc1096.hifi_reads,A5,1,farmer_kit,2JJ.03,2JJ.3.212.FK,212,IFK,53.605444,-1.505111,8,8,2024,01/01/2024,08/08/2024,220,wheat,NA,wheat,NA,OSR,NA,wheat,NA,wheat,NA,NA,NA,NA,No,N/A,not_seen,not_reported,Yes,No,No,Yes,No,No,No,250 kg/ha,NA,"Nitogen 3 times in the Spring (March, April, May)",NA,NA,NA,NA,NA,NA,Yes,Yes,Yes,No,No tillage,NA,6.6,25.6,115,76,20.8,1676.6,5.1,6.6,133.8,447.6,159.4,0,0.8,13.6
3_demultiplex.bc1005--bc1098.hifi_reads,A6,1,sample,6TH.01,6TH.01.07,NA,NA,51.482467,-0.887181,22,7,2024,01/01/2024,22/07/2024,203,unknown,NA,unknown,NA,unknown,NA,unknown,NA,unknown,NA,NA,NA,unknown,unknown,unknown,unknown,unknown,unknown,unknown,unknown,unknown,unknown,unknown,unknown,unknown,NA,unknown,unknown,NA,NA,NA,unknown,NA,unknown,unknown,unknown,unknown,unknown,NA,7,36.2,112,36,9.7,1827.6,4.2,5.7,62.1,287.1,28.5,0,0.5,12.7
3_demultiplex.bc1005--bc1100.hifi_reads,A7,1,sample,6TH.01,6TH.01.15,NA,NA,51.482467,-0.887181,22,7,2024,01/01/2024,22/07/2024,203,unknown,NA,unknown,NA,unknown,NA,unknown,NA,unknown,NA,NA,NA,unknown,unknown,unknown,unknown,unknown,unknown,unknown,unknown,unknown,unknown,unknown,unknown,unknown,NA,unknown,unknown,NA,NA,NA,unknown,NA,unknown,unknown,unknown,unknown,unknown,NA,7,36.2,112,36,9.7,1827.6,4.2,5.7,62.1,287.1,28.5,0,0.5,12.7
3_demultiplex.bc1005--bc1101.hifi_reads,A8,1,sample,6TH.02,6TH.02.02,NA,NA,51.475886,-0.894541,22,7,2024,01/01/2024,22/07/2024,203,unknown,NA,unknown,NA,unknown,NA,unknown,NA,unknown,NA,NA,NA,unknown,unknown,unknown,unknown,unknown,unknown,unknown,unknown,unknown,unknown,unknown,unknown,unknown,NA,unknown,unknown,NA,NA,NA,unknown,NA,unknown,unknown,unknown,unknown,unknown,NA,6.4,88.4,19.5,54,11.8,1872.1,6.8,14.8,64.9,479.4,42,0,0.4,15.8
3_demultiplex.bc1005--bc1105.hifi_reads,A9,1,sample,6TH.02,6TH.02.10,NA,NA,51.475886,-0.894541,22,7,2024,01/01/2024,22/07/2024,203,unknown,NA,unknown,NA,unknown,NA,unknown,NA,unknown,NA,NA,NA,unknown,unknown,unknown,unknown,unknown,unknown,unknown,unknown,unknown,unknown,unknown,unknown,unknown,NA,unknown,unknown,NA,NA,NA,unknown,NA,unknown,unknown,unknown,unknown,unknown,NA,6.4,88.4,19.5,54,11.8,1872.1,6.8,14.8,64.9,479.4,42,0,0.4,15.8
3_demultiplex.bc1005--bc1107.hifi_reads,A10,1,sample,6TH.02,6TH.02.18,NA,NA,51.475886,-0.894541,22,7,2024,01/01/2024,22/07/2024,203,unknown,NA,unknown,NA,unknown,NA,unknown,NA,unknown,NA,NA,NA,unknown,unknown,unknown,unknown,unknown,unknown,unknown,unknown,unknown,unknown,unknown,unknown,unknown,NA,unknown,unknown,NA,NA,NA,unknown,NA,unknown,unknown,unknown,unknown,unknown,NA,6.4,88.4,19.5,54,11.8,1872.1,6.8,14.8,64.9,479.4,42,0,0.4,15.8
3_demultiplex.bc1005--bc1110.hifi_reads,A11,1,sample,4EH.02,4EH.02.05,NA,NA,51.883353,-0.82113,24,6,2024,01/01/2024,24/06/2024,175,winter_wheat,NA,spring_beans,NA,winter_wheat,NA,spring_oats,NA,spring_oats,NA,NA,NA,X days,No,N/A,not_seen,Yes,Yes,No,No,No,Sulfur,No,No,No,NA,NA,NA,NA,NA,NA,NA,NA,NA,Yes,Yes,No,No tillage,NA,7.7,67.6,659,112,21.5,2856.1,3,7.2,37.2,227.3,82.8,0,0.2,22.3
3_demultiplex.bc1005--bc1112.hifi_reads,A12,1,sample,4EH.02,4EH.02.13,NA,NA,51.883353,-0.82113,24,6,2024,01/01/2024,24/06/2024,175,winter_wheat,NA,spring_beans,NA,winter_wheat,NA,spring_oats,NA,spring_oats,NA,NA,NA,X days,No,N/A,not_seen,Yes,Yes,No,No,No,Sulfur,No,No,No,NA,NA,NA,NA,NA,NA,NA,NA,NA,Yes,Yes,No,No tillage,NA,7.7,67.6,659,112,21.5,2856.1,3,7.2,37.2,227.3,82.8,0,0.2,22.3
3_demultiplex.bc1007--bc1076.hifi_reads,B1,1,sample,2AY.02,2AY.02.12,NA,NA,53.17083,-0.3737,7,8,2024,01/01/2024,08/07/2024,219,group_1,NA,oats,vetch,2nd_wheat,NA,group_1,NA,OSR,NA,NA,NA,Crusoe; skyscraper; crusoe,No,N/A,not_seen,Yes,Yes,Yes,Yes,Yes,No,No,No,Yes,NA,NA,Yes,NA,NA,NA,Yes,NA,Yes,Yes,Yes,Yes,Reduced tillage,NA,7.3,14.8,307,270,15.9,3857.9,5.7,5.6,60.6,412.8,94.3,0,0.4,29.4
3_demultiplex.bc1007--bc1082.hifi_reads,B2,1,sample,2AY.02,2AY.02.20,NA,NA,53.17083,-0.3737,7,8,2024,01/01/2024,08/07/2024,219,group_1,NA,oats,vetch,2nd_wheat,NA,group_1,NA,OSR,NA,NA,NA,Crusoe; skyscraper; crusoe,No,N/A,not_seen,Yes,Yes,Yes,Yes,Yes,No,No,No,Yes,NA,NA,Yes,NA,NA,NA,Yes,NA,Yes,Yes,Yes,Yes,Reduced tillage,NA,7.3,14.8,307,270,15.9,3857.9,5.7,5.6,60.6,412.8,94.3,0,0.4,29.4
3_demultiplex.bc1007--bc1083.hifi_reads,B3,1,sample,2JJ.02,2JJ.02.07,NA,NA,53.60575,-1.501528,8,8,2024,01/01/2024,08/08/2024,220,winter_wheat,NA,wheat,NA,wheat,NA,OSR,NA,wheat,NA,NA,NA,NA,No,N/A,not_seen,not_reported,Yes,No,No,Yes,No,No,No,250 kg/ha,NA,"Nitogen 3 times in the Spring (March, April, May)",NA,NA,NA,NA,NA,NA,Yes,Yes,Yes,No,No tillage,NA,6.8,21.6,156,61,9.4,1421.7,6.2,6.3,87.8,279.3,79.2,0,0.5,11.2
3_demultiplex.bc1007--bc1089.hifi_reads,B4,1,sample,2JJ.02,2JJ.02.15,NA,NA,53.60575,-1.501528,8,8,2024,01/01/2024,08/08/2024,220,winter_wheat,NA,wheat,NA,wheat,NA,OSR,NA,wheat,NA,NA,NA,NA,No,N/A,not_seen,not_reported,Yes,No,No,Yes,No,No,No,250 kg/ha,NA,"Nitogen 3 times in the Spring (March, April, May)",NA,NA,NA,NA,NA,NA,Yes,Yes,Yes,No,No tillage,NA,6.8,21.6,156,61,9.4,1421.7,6.2,6.3,87.8,279.3,79.2,0,0.5,11.2
3_demultiplex.bc1007--bc1096.hifi_reads,B5,1,farmer_kit,2JJ.04,2JJ.4.211.FK,211,IFK,53.603583,-1.501417,8,8,2024,01/01/2024,08/08/2024,220,wheat,NA,wheat,NA,OSR,NA,wheat,NA,wheat,NA,NA,NA,NA,No,N/A,not_seen,not_reported,Yes,No,No,Yes,No,No,No,250 kg/ha,NA,"Nitogen 3 times in the Spring (March, April, May)",NA,NA,NA,NA,NA,NA,Yes,Yes,Yes,No,No tillage,NA,6.4,20.4,206,80,13.9,1903.9,5.3,5.7,56.7,346.3,220.2,0,0.4,16.2
3_demultiplex.bc1007--bc1098.hifi_reads,B6,1,sample,6TH.01,6TH.01.08,NA,NA,51.482467,-0.887181,22,7,2024,01/01/2024,22/07/2024,203,unknown,NA,unknown,NA,unknown,NA,unknown,NA,unknown,NA,NA,NA,unknown,unknown,unknown,unknown,unknown,unknown,unknown,unknown,unknown,unknown,unknown,unknown,unknown,NA,unknown,unknown,NA,NA,NA,unknown,NA,unknown,unknown,unknown,unknown,unknown,NA,7,36.2,112,36,9.7,1827.6,4.2,5.7,62.1,287.1,28.5,0,0.5,12.7
3_demultiplex.bc1007--bc1100.hifi_reads,B7,1,sample,6TH.01,6TH.01.16,NA,NA,51.482467,-0.887181,22,7,2024,01/01/2024,22/07/2024,203,unknown,NA,unknown,NA,unknown,NA,unknown,NA,unknown,NA,NA,NA,unknown,unknown,unknown,unknown,unknown,unknown,unknown,unknown,unknown,unknown,unknown,unknown,unknown,NA,unknown,unknown,NA,NA,NA,unknown,NA,unknown,unknown,unknown,unknown,unknown,NA,7,36.2,112,36,9.7,1827.6,4.2,5.7,62.1,287.1,28.5,0,0.5,12.7
3_demultiplex.bc1007--bc1101.hifi_reads,B8,1,sample,6TH.02,6TH.02.03,NA,NA,51.475886,-0.894541,22,7,2024,01/01/2024,22/07/2024,203,unknown,NA,unknown,NA,unknown,NA,unknown,NA,unknown,NA,NA,NA,unknown,unknown,unknown,unknown,unknown,unknown,unknown,unknown,unknown,unknown,unknown,unknown,unknown,NA,unknown,unknown,NA,NA,NA,unknown,NA,unknown,unknown,unknown,unknown,unknown,NA,6.4,88.4,19.5,54,11.8,1872.1,6.8,14.8,64.9,479.4,42,0,0.4,15.8
3_demultiplex.bc1007--bc1105.hifi_reads,B9,1,sample,6TH.02,6TH.02.11,NA,NA,51.475886,-0.894541,22,7,2024,01/01/2024,22/07/2024,203,unknown,NA,unknown,NA,unknown,NA,unknown,NA,unknown,NA,NA,NA,unknown,unknown,unknown,unknown,unknown,unknown,unknown,unknown,unknown,unknown,unknown,unknown,unknown,NA,unknown,unknown,NA,NA,NA,unknown,NA,unknown,unknown,unknown,unknown,unknown,NA,6.4,88.4,19.5,54,11.8,1872.1,6.8,14.8,64.9,479.4,42,0,0.4,15.8
3_demultiplex.bc1007--bc1107.hifi_reads,B10,1,sample,6TH.02,6TH.02.19,NA,NA,51.475886,-0.894541,22,7,2024,01/01/2024,22/07/2024,203,unknown,NA,unknown,NA,unknown,NA,unknown,NA,unknown,NA,NA,NA,unknown,unknown,unknown,unknown,unknown,unknown,unknown,unknown,unknown,unknown,unknown,unknown,unknown,NA,unknown,unknown,NA,NA,NA,unknown,NA,unknown,unknown,unknown,unknown,unknown,NA,6.4,88.4,19.5,54,11.8,1872.1,6.8,14.8,64.9,479.4,42,0,0.4,15.8
3_demultiplex.bc1007--bc1110.hifi_reads,B11,1,sample,4EH.02,4EH.02.06,NA,NA,51.883353,-0.82113,24,6,2024,01/01/2024,24/06/2024,175,winter_wheat,NA,spring_beans,NA,winter_wheat,NA,spring_oats,NA,spring_oats,NA,NA,NA,X days,No,N/A,not_seen,Yes,Yes,No,No,No,Sulfur,No,No,No,NA,NA,NA,NA,NA,NA,NA,NA,NA,Yes,Yes,No,No tillage,NA,7.7,67.6,659,112,21.5,2856.1,3,7.2,37.2,227.3,82.8,0,0.2,22.3
3_demultiplex.bc1007--bc1112.hifi_reads,B12,1,sample,4EH.02,4EH.02.14,NA,NA,51.883353,-0.82113,24,6,2024,01/01/2024,24/06/2024,175,winter_wheat,NA,spring_beans,NA,winter_wheat,NA,spring_oats,NA,spring_oats,NA,NA,NA,X days,No,N/A,not_seen,Yes,Yes,No,No,No,Sulfur,No,No,No,NA,NA,NA,NA,NA,NA,NA,NA,NA,Yes,Yes,No,No tillage,NA,7.7,67.6,659,112,21.5,2856.1,3,7.2,37.2,227.3,82.8,0,0.2,22.3
3_demultiplex.bc1008--bc1076.hifi_reads,C1,1,sample,2AY.02,2AY.02.13,NA,NA,53.17083,-0.3737,7,8,2024,01/01/2024,08/07/2024,219,group_1,NA,oats,vetch,2nd_wheat,NA,group_1,NA,OSR,NA,NA,NA,Crusoe; skyscraper; crusoe,No,N/A,not_seen,Yes,Yes,Yes,Yes,Yes,No,No,No,Yes,NA,NA,Yes,NA,NA,NA,Yes,NA,Yes,Yes,Yes,Yes,Reduced tillage,NA,7.3,14.8,307,270,15.9,3857.9,5.7,5.6,60.6,412.8,94.3,0,0.4,29.4
3_demultiplex.bc1008--bc1082.hifi_reads,C2,1,farmer_kit,2AY.02,2AY.2.214.FK,214,SFK,53.17083,-0.3737,7,8,2024,01/01/2024,08/07/2024,219,group_1,NA,oats,vetch,2nd_wheat,NA,group_1,NA,OSR,NA,NA,NA,Crusoe; skyscraper; crusoe,No,N/A,not_seen,Yes,Yes,Yes,Yes,Yes,No,No,No,Yes,NA,NA,Yes,NA,NA,NA,Yes,NA,Yes,Yes,Yes,Yes,Reduced tillage,NA,7.3,14.8,307,270,15.9,3857.9,5.7,5.6,60.6,412.8,94.3,0,0.4,29.4
3_demultiplex.bc1008--bc1083.hifi_reads,C3,1,sample,2JJ.02,2JJ.02.08,NA,NA,53.60575,-1.501528,8,8,2024,01/01/2024,08/08/2024,220,winter_wheat,NA,wheat,NA,wheat,NA,OSR,NA,wheat,NA,NA,NA,NA,No,N/A,not_seen,not_reported,Yes,No,No,Yes,No,No,No,250 kg/ha,NA,"Nitogen 3 times in the Spring (March, April, May)",NA,NA,NA,NA,NA,NA,Yes,Yes,Yes,No,No tillage,NA,6.8,21.6,156,61,9.4,1421.7,6.2,6.3,87.8,279.3,79.2,0,0.5,11.2
3_demultiplex.bc1008--bc1089.hifi_reads,C4,1,sample,2JJ.02,2JJ.02.16,NA,NA,53.60575,-1.501528,8,8,2024,01/01/2024,08/08/2024,220,winter_wheat,NA,wheat,NA,wheat,NA,OSR,NA,wheat,NA,NA,NA,NA,No,N/A,not_seen,not_reported,Yes,No,No,Yes,No,No,No,250 kg/ha,NA,"Nitogen 3 times in the Spring (March, April, May)",NA,NA,NA,NA,NA,NA,Yes,Yes,Yes,No,No tillage,NA,6.8,21.6,156,61,9.4,1421.7,6.2,6.3,87.8,279.3,79.2,0,0.5,11.2
3_demultiplex.bc1008--bc1096.hifi_reads,C5,1,sample,6TH.01,6TH.01.01,NA,NA,51.482467,-0.887181,22,7,2024,01/01/2024,22/07/2024,203,unknown,NA,unknown,NA,unknown,NA,unknown,NA,unknown,NA,NA,NA,unknown,unknown,unknown,unknown,unknown,unknown,unknown,unknown,unknown,unknown,unknown,unknown,unknown,NA,unknown,unknown,NA,NA,NA,unknown,NA,unknown,unknown,unknown,unknown,unknown,NA,7,36.2,112,36,9.7,1827.6,4.2,5.7,62.1,287.1,28.5,0,0.5,12.7
3_demultiplex.bc1008--bc1098.hifi_reads,C6,1,sample,6TH.01,6TH.01.09,NA,NA,51.482467,-0.887181,22,7,2024,01/01/2024,22/07/2024,203,unknown,NA,unknown,NA,unknown,NA,unknown,NA,unknown,NA,NA,NA,unknown,unknown,unknown,unknown,unknown,unknown,unknown,unknown,unknown,unknown,unknown,unknown,unknown,NA,unknown,unknown,NA,NA,NA,unknown,NA,unknown,unknown,unknown,unknown,unknown,NA,7,36.2,112,36,9.7,1827.6,4.2,5.7,62.1,287.1,28.5,0,0.5,12.7
3_demultiplex.bc1008--bc1100.hifi_reads,C7,1,sample,6TH.01,6TH.01.17,NA,NA,51.482467,-0.887181,22,7,2024,01/01/2024,22/07/2024,203,unknown,NA,unknown,NA,unknown,NA,unknown,NA,unknown,NA,NA,NA,unknown,unknown,unknown,unknown,unknown,unknown,unknown,unknown,unknown,unknown,unknown,unknown,unknown,NA,unknown,unknown,NA,NA,NA,unknown,NA,unknown,unknown,unknown,unknown,unknown,NA,7,36.2,112,36,9.7,1827.6,4.2,5.7,62.1,287.1,28.5,0,0.5,12.7
3_demultiplex.bc1008--bc1101.hifi_reads,C8,1,sample,6TH.02,6TH.02.04,NA,NA,51.475886,-0.894541,22,7,2024,01/01/2024,22/07/2024,203,unknown,NA,unknown,NA,unknown,NA,unknown,NA,unknown,NA,NA,NA,unknown,unknown,unknown,unknown,unknown,unknown,unknown,unknown,unknown,unknown,unknown,unknown,unknown,NA,unknown,unknown,NA,NA,NA,unknown,NA,unknown,unknown,unknown,unknown,unknown,NA,6.4,88.4,19.5,54,11.8,1872.1,6.8,14.8,64.9,479.4,42,0,0.4,15.8
3_demultiplex.bc1008--bc1105.hifi_reads,C9,1,sample,6TH.02,6TH.02.12,NA,NA,51.475886,-0.894541,22,7,2024,01/01/2024,22/07/2024,203,unknown,NA,unknown,NA,unknown,NA,unknown,NA,unknown,NA,NA,NA,unknown,unknown,unknown,unknown,unknown,unknown,unknown,unknown,unknown,unknown,unknown,unknown,unknown,NA,unknown,unknown,NA,NA,NA,unknown,NA,unknown,unknown,unknown,unknown,unknown,NA,6.4,88.4,19.5,54,11.8,1872.1,6.8,14.8,64.9,479.4,42,0,0.4,15.8
3_demultiplex.bc1008--bc1107.hifi_reads,C10,1,sample,6TH.02,6TH.02.20,NA,NA,51.475886,-0.894541,22,7,2024,01/01/2024,22/07/2024,203,unknown,NA,unknown,NA,unknown,NA,unknown,NA,unknown,NA,NA,NA,unknown,unknown,unknown,unknown,unknown,unknown,unknown,unknown,unknown,unknown,unknown,unknown,unknown,NA,unknown,unknown,NA,NA,NA,unknown,NA,unknown,unknown,unknown,unknown,unknown,NA,6.4,88.4,19.5,54,11.8,1872.1,6.8,14.8,64.9,479.4,42,0,0.4,15.8
3_demultiplex.bc1008--bc1110.hifi_reads,C11,1,sample,4EH.02,4EH.02.07,NA,NA,51.883353,-0.82113,24,6,2024,01/01/2024,24/06/2024,175,winter_wheat,NA,spring_beans,NA,winter_wheat,NA,spring_oats,NA,spring_oats,NA,NA,NA,X days,No,N/A,not_seen,Yes,Yes,No,No,No,Sulfur,No,No,No,NA,NA,NA,NA,NA,NA,NA,NA,NA,Yes,Yes,No,No tillage,NA,7.7,67.6,659,112,21.5,2856.1,3,7.2,37.2,227.3,82.8,0,0.2,22.3
3_demultiplex.bc1008--bc1112.hifi_reads,C12,1,sample,4EH.02,4EH.02.15,NA,NA,51.883353,-0.82113,24,6,2024,01/01/2024,24/06/2024,175,winter_wheat,NA,spring_beans,NA,winter_wheat,NA,spring_oats,NA,spring_oats,NA,NA,NA,X days,No,N/A,not_seen,Yes,Yes,No,No,No,Sulfur,No,No,No,NA,NA,NA,NA,NA,NA,NA,NA,NA,Yes,Yes,No,No tillage,NA,7.7,67.6,659,112,21.5,2856.1,3,7.2,37.2,227.3,82.8,0,0.2,22.3
3_demultiplex.bc1012--bc1076.hifi_reads,D1,1,sample,2AY.02,2AY.02.14,NA,NA,53.17083,-0.3737,7,8,2024,01/01/2024,08/07/2024,219,group_1,NA,oats,vetch,2nd_wheat,NA,group_1,NA,OSR,NA,NA,NA,Crusoe; skyscraper; crusoe,No,N/A,not_seen,Yes,Yes,Yes,Yes,Yes,No,No,No,Yes,NA,NA,Yes,NA,NA,NA,Yes,NA,Yes,Yes,Yes,Yes,Reduced tillage,NA,7.3,14.8,307,270,15.9,3857.9,5.7,5.6,60.6,412.8,94.3,0,0.4,29.4
3_demultiplex.bc1012--bc1082.hifi_reads,D2,1,sample,2JJ.02,2JJ.02.01,NA,NA,53.60575,-1.501528,8,8,2024,01/01/2024,08/08/2024,220,winter_wheat,NA,wheat,NA,wheat,NA,OSR,NA,wheat,NA,NA,NA,NA,No,N/A,not_seen,not_reported,Yes,No,No,Yes,No,No,No,250 kg/ha,NA,"Nitogen 3 times in the Spring (March, April, May)",NA,NA,NA,NA,NA,NA,Yes,Yes,Yes,No,No tillage,NA,6.8,21.6,156,61,9.4,1421.7,6.2,6.3,87.8,279.3,79.2,0,0.5,11.2
3_demultiplex.bc1012--bc1083.hifi_reads,D3,1,sample,2JJ.02,2JJ.02.09,NA,NA,53.60575,-1.501528,8,8,2024,01/01/2024,08/08/2024,220,winter_wheat,NA,wheat,NA,wheat,NA,OSR,NA,wheat,NA,NA,NA,NA,No,N/A,not_seen,not_reported,Yes,No,No,Yes,No,No,No,250 kg/ha,NA,"Nitogen 3 times in the Spring (March, April, May)",NA,NA,NA,NA,NA,NA,Yes,Yes,Yes,No,No tillage,NA,6.8,21.6,156,61,9.4,1421.7,6.2,6.3,87.8,279.3,79.2,0,0.5,11.2
3_demultiplex.bc1012--bc1089.hifi_reads,D4,1,sample,2JJ.02,2JJ.02.17,NA,NA,53.60575,-1.501528,8,8,2024,01/01/2024,08/08/2024,220,winter_wheat,NA,wheat,NA,wheat,NA,OSR,NA,wheat,NA,NA,NA,NA,No,N/A,not_seen,not_reported,Yes,No,No,Yes,No,No,No,250 kg/ha,NA,"Nitogen 3 times in the Spring (March, April, May)",NA,NA,NA,NA,NA,NA,Yes,Yes,Yes,No,No tillage,NA,6.8,21.6,156,61,9.4,1421.7,6.2,6.3,87.8,279.3,79.2,0,0.5,11.2
3_demultiplex.bc1012--bc1096.hifi_reads,D5,1,sample,6TH.01,6TH.01.02,NA,NA,51.482467,-0.887181,22,7,2024,01/01/2024,22/07/2024,203,unknown,NA,unknown,NA,unknown,NA,unknown,NA,unknown,NA,NA,NA,unknown,unknown,unknown,unknown,unknown,unknown,unknown,unknown,unknown,unknown,unknown,unknown,unknown,NA,unknown,unknown,NA,NA,NA,unknown,NA,unknown,unknown,unknown,unknown,unknown,NA,7,36.2,112,36,9.7,1827.6,4.2,5.7,62.1,287.1,28.5,0,0.5,12.7
3_demultiplex.bc1012--bc1098.hifi_reads,D6,1,sample,6TH.01,6TH.01.10,NA,NA,51.482467,-0.887181,22,7,2024,01/01/2024,22/07/2024,203,unknown,NA,unknown,NA,unknown,NA,unknown,NA,unknown,NA,NA,NA,unknown,unknown,unknown,unknown,unknown,unknown,unknown,unknown,unknown,unknown,unknown,unknown,unknown,NA,unknown,unknown,NA,NA,NA,unknown,NA,unknown,unknown,unknown,unknown,unknown,NA,7,36.2,112,36,9.7,1827.6,4.2,5.7,62.1,287.1,28.5,0,0.5,12.7
3_demultiplex.bc1012--bc1100.hifi_reads,D7,1,sample,6TH.01,6TH.01.18,NA,NA,51.482467,-0.887181,22,7,2024,01/01/2024,22/07/2024,203,unknown,NA,unknown,NA,unknown,NA,unknown,NA,unknown,NA,NA,NA,unknown,unknown,unknown,unknown,unknown,unknown,unknown,unknown,unknown,unknown,unknown,unknown,unknown,NA,unknown,unknown,NA,NA,NA,unknown,NA,unknown,unknown,unknown,unknown,unknown,NA,7,36.2,112,36,9.7,1827.6,4.2,5.7,62.1,287.1,28.5,0,0.5,12.7
3_demultiplex.bc1012--bc1101.hifi_reads,D8,1,sample,6TH.02,6TH.02.05,NA,NA,51.475886,-0.894541,22,7,2024,01/01/2024,22/07/2024,203,unknown,NA,unknown,NA,unknown,NA,unknown,NA,unknown,NA,NA,NA,unknown,unknown,unknown,unknown,unknown,unknown,unknown,unknown,unknown,unknown,unknown,unknown,unknown,NA,unknown,unknown,NA,NA,NA,unknown,NA,unknown,unknown,unknown,unknown,unknown,NA,6.4,88.4,19.5,54,11.8,1872.1,6.8,14.8,64.9,479.4,42,0,0.4,15.8
3_demultiplex.bc1012--bc1105.hifi_reads,D9,1,sample,6TH.02,6TH.02.13,NA,NA,51.475886,-0.894541,22,7,2024,01/01/2024,22/07/2024,203,unknown,NA,unknown,NA,unknown,NA,unknown,NA,unknown,NA,NA,NA,unknown,unknown,unknown,unknown,unknown,unknown,unknown,unknown,unknown,unknown,unknown,unknown,unknown,NA,unknown,unknown,NA,NA,NA,unknown,NA,unknown,unknown,unknown,unknown,unknown,NA,6.4,88.4,19.5,54,11.8,1872.1,6.8,14.8,64.9,479.4,42,0,0.4,15.8
3_demultiplex.bc1012--bc1107.hifi_reads,D10,1,farmer_kit,6TH.02,6TH.2.238.FK,238,SFK,51.475886,-0.894541,22,7,2024,01/01/2024,22/07/2024,203,unknown,NA,unknown,NA,unknown,NA,unknown,NA,unknown,NA,NA,NA,unknown,unknown,unknown,unknown,unknown,unknown,unknown,unknown,unknown,unknown,unknown,unknown,unknown,NA,unknown,unknown,NA,NA,NA,unknown,NA,unknown,unknown,unknown,unknown,unknown,NA,6.4,88.4,19.5,54,11.8,1872.1,6.8,14.8,64.9,479.4,42,0,0.4,15.8
3_demultiplex.bc1012--bc1110.hifi_reads,D11,1,sample,4EH.02,4EH.02.08,NA,NA,51.883353,-0.82113,24,6,2024,01/01/2024,24/06/2024,175,winter_wheat,NA,spring_beans,NA,winter_wheat,NA,spring_oats,NA,spring_oats,NA,NA,NA,X days,No,N/A,not_seen,Yes,Yes,No,No,No,Sulfur,No,No,No,NA,NA,NA,NA,NA,NA,NA,NA,NA,Yes,Yes,No,No tillage,NA,7.7,67.6,659,112,21.5,2856.1,3,7.2,37.2,227.3,82.8,0,0.2,22.3
3_demultiplex.bc1012--bc1112.hifi_reads,D12,1,gt_control,S1,S1,NA,NA,NA,NA,NA,NA,NA,NA,NA,NA,NA,NA,NA,NA,NA,NA,NA,NA,NA,NA,NA,NA,NA,NA,NA,NA,NA,NA,NA,NA,NA,NA,NA,NA,NA,NA,NA,NA,NA,NA,NA,NA,NA,NA,NA,NA,NA,NA,NA,NA,NA,NA,NA,NA,NA,NA,NA,NA,NA,NA,NA,NA,NA
3_demultiplex.bc1015--bc1076.hifi_reads,E1,1,sample,2AY.02,2AY.02.15,NA,NA,53.17083,-0.3737,7,8,2024,01/01/2024,08/07/2024,219,group_1,NA,oats,vetch,2nd_wheat,NA,group_1,NA,OSR,NA,NA,NA,Crusoe; skyscraper; crusoe,No,N/A,not_seen,Yes,Yes,Yes,Yes,Yes,No,No,No,Yes,NA,NA,Yes,NA,NA,NA,Yes,NA,Yes,Yes,Yes,Yes,Reduced tillage,NA,7.3,14.8,307,270,15.9,3857.9,5.7,5.6,60.6,412.8,94.3,0,0.4,29.4
3_demultiplex.bc1015--bc1082.hifi_reads,E2,1,sample,2JJ.02,2JJ.02.02,NA,NA,53.60575,-1.501528,8,8,2024,01/01/2024,08/08/2024,220,winter_wheat,NA,wheat,NA,wheat,NA,OSR,NA,wheat,NA,NA,NA,NA,No,N/A,not_seen,not_reported,Yes,No,No,Yes,No,No,No,250 kg/ha,NA,"Nitogen 3 times in the Spring (March, April, May)",NA,NA,NA,NA,NA,NA,Yes,Yes,Yes,No,No tillage,NA,6.8,21.6,156,61,9.4,1421.7,6.2,6.3,87.8,279.3,79.2,0,0.5,11.2
3_demultiplex.bc1015--bc1083.hifi_reads,E3,1,sample,2JJ.02,2JJ.02.10,NA,NA,53.60575,-1.501528,8,8,2024,01/01/2024,08/08/2024,220,winter_wheat,NA,wheat,NA,wheat,NA,OSR,NA,wheat,NA,NA,NA,NA,No,N/A,not_seen,not_reported,Yes,No,No,Yes,No,No,No,250 kg/ha,NA,"Nitogen 3 times in the Spring (March, April, May)",NA,NA,NA,NA,NA,NA,Yes,Yes,Yes,No,No tillage,NA,6.8,21.6,156,61,9.4,1421.7,6.2,6.3,87.8,279.3,79.2,0,0.5,11.2
3_demultiplex.bc1015--bc1089.hifi_reads,E4,1,sample,2JJ.02,2JJ.02.18,NA,NA,53.60575,-1.501528,8,8,2024,01/01/2024,08/08/2024,220,winter_wheat,NA,wheat,NA,wheat,NA,OSR,NA,wheat,NA,NA,NA,NA,No,N/A,not_seen,not_reported,Yes,No,No,Yes,No,No,No,250 kg/ha,NA,"Nitogen 3 times in the Spring (March, April, May)",NA,NA,NA,NA,NA,NA,Yes,Yes,Yes,No,No tillage,NA,6.8,21.6,156,61,9.4,1421.7,6.2,6.3,87.8,279.3,79.2,0,0.5,11.2
3_demultiplex.bc1015--bc1096.hifi_reads,E5,1,sample,6TH.01,6TH.01.03,NA,NA,51.482467,-0.887181,22,7,2024,01/01/2024,22/07/2024,203,unknown,NA,unknown,NA,unknown,NA,unknown,NA,unknown,NA,NA,NA,unknown,unknown,unknown,unknown,unknown,unknown,unknown,unknown,unknown,unknown,unknown,unknown,unknown,NA,unknown,unknown,NA,NA,NA,unknown,NA,unknown,unknown,unknown,unknown,unknown,NA,7,36.2,112,36,9.7,1827.6,4.2,5.7,62.1,287.1,28.5,0,0.5,12.7
3_demultiplex.bc1015--bc1098.hifi_reads,E6,1,sample,6TH.01,6TH.01.11,NA,NA,51.482467,-0.887181,22,7,2024,01/01/2024,22/07/2024,203,unknown,NA,unknown,NA,unknown,NA,unknown,NA,unknown,NA,NA,NA,unknown,unknown,unknown,unknown,unknown,unknown,unknown,unknown,unknown,unknown,unknown,unknown,unknown,NA,unknown,unknown,NA,NA,NA,unknown,NA,unknown,unknown,unknown,unknown,unknown,NA,7,36.2,112,36,9.7,1827.6,4.2,5.7,62.1,287.1,28.5,0,0.5,12.7
3_demultiplex.bc1015--bc1100.hifi_reads,E7,1,sample,6TH.01,6TH.01.19,NA,NA,51.482467,-0.887181,22,7,2024,01/01/2024,22/07/2024,203,unknown,NA,unknown,NA,unknown,NA,unknown,NA,unknown,NA,NA,NA,unknown,unknown,unknown,unknown,unknown,unknown,unknown,unknown,unknown,unknown,unknown,unknown,unknown,NA,unknown,unknown,NA,NA,NA,unknown,NA,unknown,unknown,unknown,unknown,unknown,NA,7,36.2,112,36,9.7,1827.6,4.2,5.7,62.1,287.1,28.5,0,0.5,12.7
3_demultiplex.bc1015--bc1101.hifi_reads,E8,1,sample,6TH.02,6TH.02.06,NA,NA,51.475886,-0.894541,22,7,2024,01/01/2024,22/07/2024,203,unknown,NA,unknown,NA,unknown,NA,unknown,NA,unknown,NA,NA,NA,unknown,unknown,unknown,unknown,unknown,unknown,unknown,unknown,unknown,unknown,unknown,unknown,unknown,NA,unknown,unknown,NA,NA,NA,unknown,NA,unknown,unknown,unknown,unknown,unknown,NA,6.4,88.4,19.5,54,11.8,1872.1,6.8,14.8,64.9,479.4,42,0,0.4,15.8
3_demultiplex.bc1015--bc1105.hifi_reads,E9,1,sample,6TH.02,6TH.02.14,NA,NA,51.475886,-0.894541,22,7,2024,01/01/2024,22/07/2024,203,unknown,NA,unknown,NA,unknown,NA,unknown,NA,unknown,NA,NA,NA,unknown,unknown,unknown,unknown,unknown,unknown,unknown,unknown,unknown,unknown,unknown,unknown,unknown,NA,unknown,unknown,NA,NA,NA,unknown,NA,unknown,unknown,unknown,unknown,unknown,NA,6.4,88.4,19.5,54,11.8,1872.1,6.8,14.8,64.9,479.4,42,0,0.4,15.8
3_demultiplex.bc1015--bc1107.hifi_reads,E10,1,sample,4EH.02,4EH.02.01,NA,NA,51.883353,-0.82113,24,6,2024,01/01/2024,24/06/2024,175,winter_wheat,NA,spring_beans,NA,winter_wheat,NA,spring_oats,NA,spring_oats,NA,NA,NA,X days,No,N/A,not_seen,Yes,Yes,No,No,No,Sulfur,No,No,No,NA,NA,NA,NA,NA,NA,NA,NA,NA,Yes,Yes,No,No tillage,NA,7.7,67.6,659,112,21.5,2856.1,3,7.2,37.2,227.3,82.8,0,0.2,22.3
3_demultiplex.bc1015--bc1110.hifi_reads,E11,1,sample,4EH.02,4EH.02.09,NA,NA,51.883353,-0.82113,24,6,2024,01/01/2024,24/06/2024,175,winter_wheat,NA,spring_beans,NA,winter_wheat,NA,spring_oats,NA,spring_oats,NA,NA,NA,X days,No,N/A,not_seen,Yes,Yes,No,No,No,Sulfur,No,No,No,NA,NA,NA,NA,NA,NA,NA,NA,NA,Yes,Yes,No,No tillage,NA,7.7,67.6,659,112,21.5,2856.1,3,7.2,37.2,227.3,82.8,0,0.2,22.3
3_demultiplex.bc1015--bc1112.hifi_reads,E12,1,gt_control,S2,S2,NA,NA,NA,NA,NA,NA,NA,NA,NA,NA,NA,NA,NA,NA,NA,NA,NA,NA,NA,NA,NA,NA,NA,NA,NA,NA,NA,NA,NA,NA,NA,NA,NA,NA,NA,NA,NA,NA,NA,NA,NA,NA,NA,NA,NA,NA,NA,NA,NA,NA,NA,NA,NA,NA,NA,NA,NA,NA,NA,NA,NA,NA,NA
3_demultiplex.bc1020--bc1076.hifi_reads,F1,1,sample,2AY.02,2AY.02.16,NA,NA,53.17083,-0.3737,7,8,2024,01/01/2024,08/07/2024,219,group_1,NA,oats,vetch,2nd_wheat,NA,group_1,NA,OSR,NA,NA,NA,Crusoe; skyscraper; crusoe,No,N/A,not_seen,Yes,Yes,Yes,Yes,Yes,No,No,No,Yes,NA,NA,Yes,NA,NA,NA,Yes,NA,Yes,Yes,Yes,Yes,Reduced tillage,NA,7.3,14.8,307,270,15.9,3857.9,5.7,5.6,60.6,412.8,94.3,0,0.4,29.4
3_demultiplex.bc1020--bc1082.hifi_reads,F2,1,sample,2JJ.02,2JJ.02.03,NA,NA,53.60575,-1.501528,8,8,2024,01/01/2024,08/08/2024,220,winter_wheat,NA,wheat,NA,wheat,NA,OSR,NA,wheat,NA,NA,NA,NA,No,N/A,not_seen,not_reported,Yes,No,No,Yes,No,No,No,250 kg/ha,NA,"Nitogen 3 times in the Spring (March, April, May)",NA,NA,NA,NA,NA,NA,Yes,Yes,Yes,No,No tillage,NA,6.8,21.6,156,61,9.4,1421.7,6.2,6.3,87.8,279.3,79.2,0,0.5,11.2
3_demultiplex.bc1020--bc1083.hifi_reads,F3,1,sample,2JJ.02,2JJ.02.11,NA,NA,53.60575,-1.501528,8,8,2024,01/01/2024,08/08/2024,220,winter_wheat,NA,wheat,NA,wheat,NA,OSR,NA,wheat,NA,NA,NA,NA,No,N/A,not_seen,not_reported,Yes,No,No,Yes,No,No,No,250 kg/ha,NA,"Nitogen 3 times in the Spring (March, April, May)",NA,NA,NA,NA,NA,NA,Yes,Yes,Yes,No,No tillage,NA,6.8,21.6,156,61,9.4,1421.7,6.2,6.3,87.8,279.3,79.2,0,0.5,11.2
3_demultiplex.bc1020--bc1089.hifi_reads,F4,1,sample,2JJ.02,2JJ.02.19,NA,NA,53.60575,-1.501528,8,8,2024,01/01/2024,08/08/2024,220,winter_wheat,NA,wheat,NA,wheat,NA,OSR,NA,wheat,NA,NA,NA,NA,No,N/A,not_seen,not_reported,Yes,No,No,Yes,No,No,No,250 kg/ha,NA,"Nitogen 3 times in the Spring (March, April, May)",NA,NA,NA,NA,NA,NA,Yes,Yes,Yes,No,No tillage,NA,6.8,21.6,156,61,9.4,1421.7,6.2,6.3,87.8,279.3,79.2,0,0.5,11.2
3_demultiplex.bc1020--bc1096.hifi_reads,F5,1,sample,6TH.01,6TH.01.04,NA,NA,51.482467,-0.887181,22,7,2024,01/01/2024,22/07/2024,203,unknown,NA,unknown,NA,unknown,NA,unknown,NA,unknown,NA,NA,NA,unknown,unknown,unknown,unknown,unknown,unknown,unknown,unknown,unknown,unknown,unknown,unknown,unknown,NA,unknown,unknown,NA,NA,NA,unknown,NA,unknown,unknown,unknown,unknown,unknown,NA,7,36.2,112,36,9.7,1827.6,4.2,5.7,62.1,287.1,28.5,0,0.5,12.7
3_demultiplex.bc1020--bc1098.hifi_reads,F6,1,sample,6TH.01,6TH.01.12,NA,NA,51.482467,-0.887181,22,7,2024,01/01/2024,22/07/2024,203,unknown,NA,unknown,NA,unknown,NA,unknown,NA,unknown,NA,NA,NA,unknown,unknown,unknown,unknown,unknown,unknown,unknown,unknown,unknown,unknown,unknown,unknown,unknown,NA,unknown,unknown,NA,NA,NA,unknown,NA,unknown,unknown,unknown,unknown,unknown,NA,7,36.2,112,36,9.7,1827.6,4.2,5.7,62.1,287.1,28.5,0,0.5,12.7
3_demultiplex.bc1020--bc1100.hifi_reads,F7,1,sample,6TH.01,6TH.01.20,NA,NA,51.482467,-0.887181,22,7,2024,01/01/2024,22/07/2024,203,unknown,NA,unknown,NA,unknown,NA,unknown,NA,unknown,NA,NA,NA,unknown,unknown,unknown,unknown,unknown,unknown,unknown,unknown,unknown,unknown,unknown,unknown,unknown,NA,unknown,unknown,NA,NA,NA,unknown,NA,unknown,unknown,unknown,unknown,unknown,NA,7,36.2,112,36,9.7,1827.6,4.2,5.7,62.1,287.1,28.5,0,0.5,12.7
3_demultiplex.bc1020--bc1101.hifi_reads,F8,1,sample,6TH.02,6TH.02.07,NA,NA,51.475886,-0.894541,22,7,2024,01/01/2024,22/07/2024,203,unknown,NA,unknown,NA,unknown,NA,unknown,NA,unknown,NA,NA,NA,unknown,unknown,unknown,unknown,unknown,unknown,unknown,unknown,unknown,unknown,unknown,unknown,unknown,NA,unknown,unknown,NA,NA,NA,unknown,NA,unknown,unknown,unknown,unknown,unknown,NA,6.4,88.4,19.5,54,11.8,1872.1,6.8,14.8,64.9,479.4,42,0,0.4,15.8
3_demultiplex.bc1020--bc1105.hifi_reads,F9,1,sample,6TH.02,6TH.02.15,NA,NA,51.475886,-0.894541,22,7,2024,01/01/2024,22/07/2024,203,unknown,NA,unknown,NA,unknown,NA,unknown,NA,unknown,NA,NA,NA,unknown,unknown,unknown,unknown,unknown,unknown,unknown,unknown,unknown,unknown,unknown,unknown,unknown,NA,unknown,unknown,NA,NA,NA,unknown,NA,unknown,unknown,unknown,unknown,unknown,NA,6.4,88.4,19.5,54,11.8,1872.1,6.8,14.8,64.9,479.4,42,0,0.4,15.8
3_demultiplex.bc1020--bc1107.hifi_reads,F10,1,sample,4EH.02,4EH.02.02,NA,NA,51.883353,-0.82113,24,6,2024,01/01/2024,24/06/2024,175,winter_wheat,NA,spring_beans,NA,winter_wheat,NA,spring_oats,NA,spring_oats,NA,NA,NA,X days,No,N/A,not_seen,Yes,Yes,No,No,No,Sulfur,No,No,No,NA,NA,NA,NA,NA,NA,NA,NA,NA,Yes,Yes,No,No tillage,NA,7.7,67.6,659,112,21.5,2856.1,3,7.2,37.2,227.3,82.8,0,0.2,22.3
3_demultiplex.bc1020--bc1110.hifi_reads,F11,1,sample,4EH.02,4EH.02.10,NA,NA,51.883353,-0.82113,24,6,2024,01/01/2024,24/06/2024,175,winter_wheat,NA,spring_beans,NA,winter_wheat,NA,spring_oats,NA,spring_oats,NA,NA,NA,X days,No,N/A,not_seen,Yes,Yes,No,No,No,Sulfur,No,No,No,NA,NA,NA,NA,NA,NA,NA,NA,NA,Yes,Yes,No,No tillage,NA,7.7,67.6,659,112,21.5,2856.1,3,7.2,37.2,227.3,82.8,0,0.2,22.3
3_demultiplex.bc1020--bc1112.hifi_reads,F12,1,gt_control,S3,S3,NA,NA,NA,NA,NA,NA,NA,NA,NA,NA,NA,NA,NA,NA,NA,NA,NA,NA,NA,NA,NA,NA,NA,NA,NA,NA,NA,NA,NA,NA,NA,NA,NA,NA,NA,NA,NA,NA,NA,NA,NA,NA,NA,NA,NA,NA,NA,NA,NA,NA,NA,NA,NA,NA,NA,NA,NA,NA,NA,NA,NA,NA,NA
3_demultiplex.bc1022--bc1076.hifi_reads,G1,1,sample,2AY.02,2AY.02.17,NA,NA,53.17083,-0.3737,7,8,2024,01/01/2024,08/07/2024,219,group_1,NA,oats,vetch,2nd_wheat,NA,group_1,NA,OSR,NA,NA,NA,Crusoe; skyscraper; crusoe,No,N/A,not_seen,Yes,Yes,Yes,Yes,Yes,No,No,No,Yes,NA,NA,Yes,NA,NA,NA,Yes,NA,Yes,Yes,Yes,Yes,Reduced tillage,NA,7.3,14.8,307,270,15.9,3857.9,5.7,5.6,60.6,412.8,94.3,0,0.4,29.4
3_demultiplex.bc1022--bc1082.hifi_reads,G2,1,sample,2JJ.02,2JJ.02.04,NA,NA,53.60575,-1.501528,8,8,2024,01/01/2024,08/08/2024,220,winter_wheat,NA,wheat,NA,wheat,NA,OSR,NA,wheat,NA,NA,NA,NA,No,N/A,not_seen,not_reported,Yes,No,No,Yes,No,No,No,250 kg/ha,NA,"Nitogen 3 times in the Spring (March, April, May)",NA,NA,NA,NA,NA,NA,Yes,Yes,Yes,No,No tillage,NA,6.8,21.6,156,61,9.4,1421.7,6.2,6.3,87.8,279.3,79.2,0,0.5,11.2
3_demultiplex.bc1022--bc1083.hifi_reads,G3,1,sample,2JJ.02,2JJ.02.12,NA,NA,53.60575,-1.501528,8,8,2024,01/01/2024,08/08/2024,220,winter_wheat,NA,wheat,NA,wheat,NA,OSR,NA,wheat,NA,NA,NA,NA,No,N/A,not_seen,not_reported,Yes,No,No,Yes,No,No,No,250 kg/ha,NA,"Nitogen 3 times in the Spring (March, April, May)",NA,NA,NA,NA,NA,NA,Yes,Yes,Yes,No,No tillage,NA,6.8,21.6,156,61,9.4,1421.7,6.2,6.3,87.8,279.3,79.2,0,0.5,11.2
3_demultiplex.bc1022--bc1089.hifi_reads,G4,1,sample,2JJ.02,2JJ.02.20,NA,NA,53.60575,-1.501528,8,8,2024,01/01/2024,08/08/2024,220,winter_wheat,NA,wheat,NA,wheat,NA,OSR,NA,wheat,NA,NA,NA,NA,No,N/A,not_seen,not_reported,Yes,No,No,Yes,No,No,No,250 kg/ha,NA,"Nitogen 3 times in the Spring (March, April, May)",NA,NA,NA,NA,NA,NA,Yes,Yes,Yes,No,No tillage,NA,6.8,21.6,156,61,9.4,1421.7,6.2,6.3,87.8,279.3,79.2,0,0.5,11.2
3_demultiplex.bc1022--bc1096.hifi_reads,G5,1,sample,6TH.01,6TH.01.05,NA,NA,51.482467,-0.887181,22,7,2024,01/01/2024,22/07/2024,203,unknown,NA,unknown,NA,unknown,NA,unknown,NA,unknown,NA,NA,NA,unknown,unknown,unknown,unknown,unknown,unknown,unknown,unknown,unknown,unknown,unknown,unknown,unknown,NA,unknown,unknown,NA,NA,NA,unknown,NA,unknown,unknown,unknown,unknown,unknown,NA,7,36.2,112,36,9.7,1827.6,4.2,5.7,62.1,287.1,28.5,0,0.5,12.7
3_demultiplex.bc1022--bc1098.hifi_reads,G6,1,sample,6TH.01,6TH.01.13,NA,NA,51.482467,-0.887181,22,7,2024,01/01/2024,22/07/2024,203,unknown,NA,unknown,NA,unknown,NA,unknown,NA,unknown,NA,NA,NA,unknown,unknown,unknown,unknown,unknown,unknown,unknown,unknown,unknown,unknown,unknown,unknown,unknown,NA,unknown,unknown,NA,NA,NA,unknown,NA,unknown,unknown,unknown,unknown,unknown,NA,7,36.2,112,36,9.7,1827.6,4.2,5.7,62.1,287.1,28.5,0,0.5,12.7
3_demultiplex.bc1022--bc1100.hifi_reads,G7,1,farmer_kit,6TH.01,6TH.1.239.FK,239,SFK,51.482467,-0.887181,22,7,2024,01/01/2024,22/07/2024,203,unknown,NA,unknown,NA,unknown,NA,unknown,NA,unknown,NA,NA,NA,unknown,unknown,unknown,unknown,unknown,unknown,unknown,unknown,unknown,unknown,unknown,unknown,unknown,NA,unknown,unknown,NA,NA,NA,unknown,NA,unknown,unknown,unknown,unknown,unknown,NA,7,36.2,112,36,9.7,1827.6,4.2,5.7,62.1,287.1,28.5,0,0.5,12.7
3_demultiplex.bc1022--bc1101.hifi_reads,G8,1,sample,6TH.02,6TH.02.08,NA,NA,51.475886,-0.894541,22,7,2024,01/01/2024,22/07/2024,203,unknown,NA,unknown,NA,unknown,NA,unknown,NA,unknown,NA,NA,NA,unknown,unknown,unknown,unknown,unknown,unknown,unknown,unknown,unknown,unknown,unknown,unknown,unknown,NA,unknown,unknown,NA,NA,NA,unknown,NA,unknown,unknown,unknown,unknown,unknown,NA,6.4,88.4,19.5,54,11.8,1872.1,6.8,14.8,64.9,479.4,42,0,0.4,15.8
3_demultiplex.bc1022--bc1105.hifi_reads,G9,1,sample,6TH.02,6TH.02.16,NA,NA,51.475886,-0.894541,22,7,2024,01/01/2024,22/07/2024,203,unknown,NA,unknown,NA,unknown,NA,unknown,NA,unknown,NA,NA,NA,unknown,unknown,unknown,unknown,unknown,unknown,unknown,unknown,unknown,unknown,unknown,unknown,unknown,NA,unknown,unknown,NA,NA,NA,unknown,NA,unknown,unknown,unknown,unknown,unknown,NA,6.4,88.4,19.5,54,11.8,1872.1,6.8,14.8,64.9,479.4,42,0,0.4,15.8
3_demultiplex.bc1022--bc1107.hifi_reads,G10,1,sample,4EH.02,4EH.02.03,NA,NA,51.883353,-0.82113,24,6,2024,01/01/2024,24/06/2024,175,winter_wheat,NA,spring_beans,NA,winter_wheat,NA,spring_oats,NA,spring_oats,NA,NA,NA,X days,No,N/A,not_seen,Yes,Yes,No,No,No,Sulfur,No,No,No,NA,NA,NA,NA,NA,NA,NA,NA,NA,Yes,Yes,No,No tillage,NA,7.7,67.6,659,112,21.5,2856.1,3,7.2,37.2,227.3,82.8,0,0.2,22.3
3_demultiplex.bc1022--bc1110.hifi_reads,G11,1,sample,4EH.02,4EH.02.11,NA,NA,51.883353,-0.82113,24,6,2024,01/01/2024,24/06/2024,175,winter_wheat,NA,spring_beans,NA,winter_wheat,NA,spring_oats,NA,spring_oats,NA,NA,NA,X days,No,N/A,not_seen,Yes,Yes,No,No,No,Sulfur,No,No,No,NA,NA,NA,NA,NA,NA,NA,NA,NA,Yes,Yes,No,No tillage,NA,7.7,67.6,659,112,21.5,2856.1,3,7.2,37.2,227.3,82.8,0,0.2,22.3
3_demultiplex.bc1024--bc1076.hifi_reads,H1,1,sample,2AY.02,2AY.02.18,NA,NA,53.17083,-0.3737,7,8,2024,01/01/2024,08/07/2024,219,group_1,NA,oats,vetch,2nd_wheat,NA,group_1,NA,OSR,NA,NA,NA,Crusoe; skyscraper; crusoe,No,N/A,not_seen,Yes,Yes,Yes,Yes,Yes,No,No,No,Yes,NA,NA,Yes,NA,NA,NA,Yes,NA,Yes,Yes,Yes,Yes,Reduced tillage,NA,7.3,14.8,307,270,15.9,3857.9,5.7,5.6,60.6,412.8,94.3,0,0.4,29.4
3_demultiplex.bc1024--bc1082.hifi_reads,H2,1,sample,2JJ.02,2JJ.02.05,NA,NA,53.60575,-1.501528,8,8,2024,01/01/2024,08/08/2024,220,winter_wheat,NA,wheat,NA,wheat,NA,OSR,NA,wheat,NA,NA,NA,NA,No,N/A,not_seen,not_reported,Yes,No,No,Yes,No,No,No,250 kg/ha,NA,"Nitogen 3 times in the Spring (March, April, May)",NA,NA,NA,NA,NA,NA,Yes,Yes,Yes,No,No tillage,NA,6.8,21.6,156,61,9.4,1421.7,6.2,6.3,87.8,279.3,79.2,0,0.5,11.2
3_demultiplex.bc1024--bc1083.hifi_reads,H3,1,sample,2JJ.02,2JJ.02.13,NA,NA,53.60575,-1.501528,8,8,2024,01/01/2024,08/08/2024,220,winter_wheat,NA,wheat,NA,wheat,NA,OSR,NA,wheat,NA,NA,NA,NA,No,N/A,not_seen,not_reported,Yes,No,No,Yes,No,No,No,250 kg/ha,NA,"Nitogen 3 times in the Spring (March, April, May)",NA,NA,NA,NA,NA,NA,Yes,Yes,Yes,No,No tillage,NA,6.8,21.6,156,61,9.4,1421.7,6.2,6.3,87.8,279.3,79.2,0,0.5,11.2
3_demultiplex.bc1024--bc1089.hifi_reads,H4,1,farmer_kit,2JJ.02,2JJ.2.213.FK,213,SFK,53.60575,-1.501528,8,8,2024,01/01/2024,08/08/2024,220,winter_wheat,NA,wheat,NA,wheat,NA,OSR,NA,wheat,NA,NA,NA,NA,No,N/A,not_seen,not_reported,Yes,No,No,Yes,No,No,No,250 kg/ha,NA,"Nitogen 3 times in the Spring (March, April, May)",NA,NA,NA,NA,NA,NA,Yes,Yes,Yes,No,No tillage,NA,6.8,21.6,156,61,9.4,1421.7,6.2,6.3,87.8,279.3,79.2,0,0.5,11.2
3_demultiplex.bc1024--bc1096.hifi_reads,H5,1,sample,6TH.01,6TH.01.06,NA,NA,51.482467,-0.887181,22,7,2024,01/01/2024,22/07/2024,203,unknown,NA,unknown,NA,unknown,NA,unknown,NA,unknown,NA,NA,NA,unknown,unknown,unknown,unknown,unknown,unknown,unknown,unknown,unknown,unknown,unknown,unknown,unknown,NA,unknown,unknown,NA,NA,NA,unknown,NA,unknown,unknown,unknown,unknown,unknown,NA,7,36.2,112,36,9.7,1827.6,4.2,5.7,62.1,287.1,28.5,0,0.5,12.7
3_demultiplex.bc1024--bc1098.hifi_reads,H6,1,sample,6TH.01,6TH.01.14,NA,NA,51.482467,-0.887181,22,7,2024,01/01/2024,22/07/2024,203,unknown,NA,unknown,NA,unknown,NA,unknown,NA,unknown,NA,NA,NA,unknown,unknown,unknown,unknown,unknown,unknown,unknown,unknown,unknown,unknown,unknown,unknown,unknown,NA,unknown,unknown,NA,NA,NA,unknown,NA,unknown,unknown,unknown,unknown,unknown,NA,7,36.2,112,36,9.7,1827.6,4.2,5.7,62.1,287.1,28.5,0,0.5,12.7
3_demultiplex.bc1024--bc1100.hifi_reads,H7,1,sample,6TH.02,6TH.02.01,NA,NA,51.475886,-0.894541,22,7,2024,01/01/2024,22/07/2024,203,unknown,NA,unknown,NA,unknown,NA,unknown,NA,unknown,NA,NA,NA,unknown,unknown,unknown,unknown,unknown,unknown,unknown,unknown,unknown,unknown,unknown,unknown,unknown,NA,unknown,unknown,NA,NA,NA,unknown,NA,unknown,unknown,unknown,unknown,unknown,NA,6.4,88.4,19.5,54,11.8,1872.1,6.8,14.8,64.9,479.4,42,0,0.4,15.8
3_demultiplex.bc1024--bc1101.hifi_reads,H8,1,sample,6TH.02,6TH.02.09,NA,NA,51.475886,-0.894541,22,7,2024,01/01/2024,22/07/2024,203,unknown,NA,unknown,NA,unknown,NA,unknown,NA,unknown,NA,NA,NA,unknown,unknown,unknown,unknown,unknown,unknown,unknown,unknown,unknown,unknown,unknown,unknown,unknown,NA,unknown,unknown,NA,NA,NA,unknown,NA,unknown,unknown,unknown,unknown,unknown,NA,6.4,88.4,19.5,54,11.8,1872.1,6.8,14.8,64.9,479.4,42,0,0.4,15.8
3_demultiplex.bc1024--bc1105.hifi_reads,H9,1,sample,6TH.02,6TH.02.17,NA,NA,51.475886,-0.894541,22,7,2024,01/01/2024,22/07/2024,203,unknown,NA,unknown,NA,unknown,NA,unknown,NA,unknown,NA,NA,NA,unknown,unknown,unknown,unknown,unknown,unknown,unknown,unknown,unknown,unknown,unknown,unknown,unknown,NA,unknown,unknown,NA,NA,NA,unknown,NA,unknown,unknown,unknown,unknown,unknown,NA,6.4,88.4,19.5,54,11.8,1872.1,6.8,14.8,64.9,479.4,42,0,0.4,15.8
3_demultiplex.bc1024--bc1107.hifi_reads,H10,1,sample,4EH.02,4EH.02.04,NA,NA,51.883353,-0.82113,24,6,2024,01/01/2024,24/06/2024,175,winter_wheat,NA,spring_beans,NA,winter_wheat,NA,spring_oats,NA,spring_oats,NA,NA,NA,X days,No,N/A,not_seen,Yes,Yes,No,No,No,Sulfur,No,No,No,NA,NA,NA,NA,NA,NA,NA,NA,NA,Yes,Yes,No,No tillage,NA,7.7,67.6,659,112,21.5,2856.1,3,7.2,37.2,227.3,82.8,0,0.2,22.3
3_demultiplex.bc1024--bc1110.hifi_reads,H11,1,sample,4EH.02,4EH.02.12,NA,NA,51.883353,-0.82113,24,6,2024,01/01/2024,24/06/2024,175,winter_wheat,NA,spring_beans,NA,winter_wheat,NA,spring_oats,NA,spring_oats,NA,NA,NA,X days,No,N/A,not_seen,Yes,Yes,No,No,No,Sulfur,No,No,No,NA,NA,NA,NA,NA,NA,NA,NA,NA,Yes,Yes,No,No tillage,NA,7.7,67.6,659,112,21.5,2856.1,3,7.2,37.2,227.3,82.8,0,0.2,22.3
4_demultiplex.bc1005--bc1033.hifi_reads,A1,1,sample,5RW.02,5RW.02.01,NA,NA,52.900938,0.57231,2,7,2024,01/01/2024,07/02/2024,183,OSR,NA,winter_barley,NA,winter_wheat,NA,sugar_beet,NA,winter_barley,NA,NA,NA,Common wheat/bread wheat,No,N/A,not_seen,Yes,Yes,No,Yes,Yes,No,Yes,No,No,NA,NA,No,NA,NA,NA,NA,NA,Yes,Yes,Yes,Yes,Reduced tillage,NA,6.7,36.4,231,65,11.3,1678.3,3.6,7.3,121,376.9,76.6,0,0.8,13.5
4_demultiplex.bc1005--bc1035.hifi_reads,A2,1,sample,5RW.02,5RW.02.09,NA,NA,52.900938,0.57231,2,7,2024,01/01/2024,07/02/2024,183,OSR,NA,winter_barley,NA,winter_wheat,NA,sugar_beet,NA,winter_barley,NA,NA,NA,Common wheat/bread wheat,No,N/A,not_seen,Yes,Yes,No,Yes,Yes,No,Yes,No,No,NA,NA,No,NA,NA,NA,NA,NA,Yes,Yes,Yes,Yes,Reduced tillage,NA,6.7,36.4,231,65,11.3,1678.3,3.6,7.3,121,376.9,76.6,0,0.8,13.5
4_demultiplex.bc1005--bc1044.hifi_reads,A3,1,sample,5RW.02,5RW.02.17,NA,NA,52.900938,0.57231,2,7,2024,01/01/2024,07/02/2024,183,OSR,NA,winter_barley,NA,winter_wheat,NA,sugar_beet,NA,winter_barley,NA,NA,NA,Common wheat/bread wheat,No,N/A,not_seen,Yes,Yes,No,Yes,Yes,No,Yes,No,No,NA,NA,No,NA,NA,NA,NA,NA,Yes,Yes,Yes,Yes,Reduced tillage,NA,6.7,36.4,231,65,11.3,1678.3,3.6,7.3,121,376.9,76.6,0,0.8,13.5
4_demultiplex.bc1005--bc1045.hifi_reads,A4,1,sample,8HQ.02,8HQ.02.01,NA,NA,53.11209,0.05528,8,8,2024,01/01/2024,08/08/2024,220,group_2,NA,pre_pack,NA,group_2,NA,maize_forage,NA,spring_wheat,NA,NA,NA,Extase; Astronomer,No,N/A,not_seen,Yes,Yes,Yes,Yes,Yes,No,No,No,Yes,NA,NA,Yes,NA,NA,NA,Yes,NA,Yes,Yes,Yes,Yes,Reduced tillage,NA,7.6,29.4,330,309,20.8,3178.2,9.6,4.8,76.4,405.3,59,0,0.7,26.1
4_demultiplex.bc1005--bc1054.hifi_reads,A5,1,sample,8HQ.02,8HQ.02.09,NA,NA,53.11209,0.05528,8,8,2024,01/01/2024,08/08/2024,220,group_2,NA,pre_pack,NA,group_2,NA,maize_forage,NA,spring_wheat,NA,NA,NA,Extase; Astronomer,No,N/A,not_seen,Yes,Yes,Yes,Yes,Yes,No,No,No,Yes,NA,NA,Yes,NA,NA,NA,Yes,NA,Yes,Yes,Yes,Yes,Reduced tillage,NA,7.6,29.4,330,309,20.8,3178.2,9.6,4.8,76.4,405.3,59,0,0.7,26.1
4_demultiplex.bc1005--bc1056.hifi_reads,A6,1,sample,8HQ.02,8HQ.02.17,NA,NA,53.11209,0.05528,8,8,2024,01/01/2024,08/08/2024,220,group_2,NA,pre_pack,NA,group_2,NA,maize_forage,NA,spring_wheat,NA,NA,NA,Extase; Astronomer,No,N/A,not_seen,Yes,Yes,Yes,Yes,Yes,No,No,No,Yes,NA,NA,Yes,NA,NA,NA,Yes,NA,Yes,Yes,Yes,Yes,Reduced tillage,NA,7.6,29.4,330,309,20.8,3178.2,9.6,4.8,76.4,405.3,59,0,0.7,26.1
4_demultiplex.bc1005--bc1057.hifi_reads,A7,1,sample,9JA.01,9JA.01.05,NA,NA,51.368146,-2.440479,16,7,2024,01/01/2024,16/07/2024,197,unknown,NA,unknown,NA,unknown,NA,unknown,NA,unknown,NA,NA,NA,unknown,unknown,unknown,unknown,unknown,unknown,unknown,unknown,unknown,unknown,unknown,unknown,unknown,NA,unknown,unknown,NA,NA,NA,unknown,NA,unknown,unknown,unknown,unknown,unknown,NA,7.5,21.4,135,79,19.4,2873.7,3.3,5.8,95.7,206.6,60.3,0,0.5,20.2
4_demultiplex.bc1005--bc1059.hifi_reads,A8,1,sample,9JA.01,9JA.01.13,NA,NA,51.368146,-2.440479,16,7,2024,01/01/2024,16/07/2024,197,unknown,NA,unknown,NA,unknown,NA,unknown,NA,unknown,NA,NA,NA,unknown,unknown,unknown,unknown,unknown,unknown,unknown,unknown,unknown,unknown,unknown,unknown,unknown,NA,unknown,unknown,NA,NA,NA,unknown,NA,unknown,unknown,unknown,unknown,unknown,NA,7.5,21.4,135,79,19.4,2873.7,3.3,5.8,95.7,206.6,60.3,0,0.5,20.2
4_demultiplex.bc1005--bc1060.hifi_reads,A9,1,farmer_kit,9JA.01,9JA.1.237.FK,237,SFK,51.368146,-2.440479,16,7,2024,01/01/2024,16/07/2024,197,unknown,NA,unknown,NA,unknown,NA,unknown,NA,unknown,NA,NA,NA,unknown,unknown,unknown,unknown,unknown,unknown,unknown,unknown,unknown,unknown,unknown,unknown,unknown,NA,unknown,unknown,NA,NA,NA,unknown,NA,unknown,unknown,unknown,unknown,unknown,NA,7.5,21.4,135,79,19.4,2873.7,3.3,5.8,95.7,206.6,60.3,0,0.5,20.2
4_demultiplex.bc1005--bc1062.hifi_reads,A10,1,sample,5RW.01,5RW.01.08,NA,NA,52.90557,0.561505,2,7,2024,01/01/2024,07/02/2024,183,OSR,NA,spring_barley,NA,sugar_beet,NA,winter_wheat,NA,potato,NA,NA,NA,Common wheat/bread wheat,No,N/A,not_seen,Yes,Yes,No,Yes,Yes,No,Yes,No,No,NA,NA,No,NA,NA,NA,NA,NA,NA,Yes,Yes,Yes,Reduced tillage,NA,7.9,32.8,230,55,9.5,1944.8,3.8,8.3,194.5,149.4,60.8,0,0.9,14.2
4_demultiplex.bc1005--bc1065.hifi_reads,A11,1,sample,5RW.01,5RW.01.16,NA,NA,52.90557,0.561505,2,7,2024,01/01/2024,07/02/2024,183,OSR,NA,spring_barley,NA,sugar_beet,NA,winter_wheat,NA,potato,NA,NA,NA,Common wheat/bread wheat,No,N/A,not_seen,Yes,Yes,No,Yes,Yes,No,Yes,No,No,NA,NA,No,NA,NA,NA,NA,NA,NA,Yes,Yes,Yes,Reduced tillage,NA,7.9,32.8,230,55,9.5,1944.8,3.8,8.3,194.5,149.4,60.8,0,0.9,14.2
4_demultiplex.bc1005--bc1075.hifi_reads,A12,1,sample,9JG.01,9JG.01.03,NA,NA,50.839038,-2.088601,15,7,2024,01/01/2024,15/07/2024,196,OSR,NA,spring_barley,NA,spring_barley,NA,winter_barley,NA,winter_wheat,NA,NA,NA,Common wheat/bread wheat,No,N/A,not_seen,Yes,Yes,Yes,Yes,Yes,No,No,No,Yes,NA,NA,No,NA,NA,NA,NA,NA,Yes,NA,Yes,No,No tillage,NA,8,17.8,85,24,17.8,2286.6,2,5.7,21.9,17.4,29.2,0,0,15.5
4_demultiplex.bc1007--bc1033.hifi_reads,B1,1,sample,5RW.02,5RW.02.02,NA,NA,52.900938,0.57231,2,7,2024,01/01/2024,07/02/2024,183,OSR,NA,winter_barley,NA,winter_wheat,NA,sugar_beet,NA,winter_barley,NA,NA,NA,Common wheat/bread wheat,No,N/A,not_seen,Yes,Yes,No,Yes,Yes,No,Yes,No,No,NA,NA,No,NA,NA,NA,NA,NA,Yes,Yes,Yes,Yes,Reduced tillage,NA,6.7,36.4,231,65,11.3,1678.3,3.6,7.3,121,376.9,76.6,0,0.8,13.5
4_demultiplex.bc1007--bc1035.hifi_reads,B2,1,sample,5RW.02,5RW.02.10,NA,NA,52.900938,0.57231,2,7,2024,01/01/2024,07/02/2024,183,OSR,NA,winter_barley,NA,winter_wheat,NA,sugar_beet,NA,winter_barley,NA,NA,NA,Common wheat/bread wheat,No,N/A,not_seen,Yes,Yes,No,Yes,Yes,No,Yes,No,No,NA,NA,No,NA,NA,NA,NA,NA,Yes,Yes,Yes,Yes,Reduced tillage,NA,6.7,36.4,231,65,11.3,1678.3,3.6,7.3,121,376.9,76.6,0,0.8,13.5
4_demultiplex.bc1007--bc1044.hifi_reads,B3,1,sample,5RW.02,5RW.02.18,NA,NA,52.900938,0.57231,2,7,2024,01/01/2024,07/02/2024,183,OSR,NA,winter_barley,NA,winter_wheat,NA,sugar_beet,NA,winter_barley,NA,NA,NA,Common wheat/bread wheat,No,N/A,not_seen,Yes,Yes,No,Yes,Yes,No,Yes,No,No,NA,NA,No,NA,NA,NA,NA,NA,Yes,Yes,Yes,Yes,Reduced tillage,NA,6.7,36.4,231,65,11.3,1678.3,3.6,7.3,121,376.9,76.6,0,0.8,13.5
4_demultiplex.bc1007--bc1045.hifi_reads,B4,1,sample,8HQ.02,8HQ.02.02,NA,NA,53.11209,0.05528,8,8,2024,01/01/2024,08/08/2024,220,group_2,NA,pre_pack,NA,group_2,NA,maize_forage,NA,spring_wheat,NA,NA,NA,Extase; Astronomer,No,N/A,not_seen,Yes,Yes,Yes,Yes,Yes,No,No,No,Yes,NA,NA,Yes,NA,NA,NA,Yes,NA,Yes,Yes,Yes,Yes,Reduced tillage,NA,7.6,29.4,330,309,20.8,3178.2,9.6,4.8,76.4,405.3,59,0,0.7,26.1
4_demultiplex.bc1007--bc1054.hifi_reads,B5,1,sample,8HQ.02,8HQ.02.10,NA,NA,53.11209,0.05528,8,8,2024,01/01/2024,08/08/2024,220,group_2,NA,pre_pack,NA,group_2,NA,maize_forage,NA,spring_wheat,NA,NA,NA,Extase; Astronomer,No,N/A,not_seen,Yes,Yes,Yes,Yes,Yes,No,No,No,Yes,NA,NA,Yes,NA,NA,NA,Yes,NA,Yes,Yes,Yes,Yes,Reduced tillage,NA,7.6,29.4,330,309,20.8,3178.2,9.6,4.8,76.4,405.3,59,0,0.7,26.1
4_demultiplex.bc1007--bc1056.hifi_reads,B6,1,sample,8HQ.02,8HQ.02.18,NA,NA,53.11209,0.05528,8,8,2024,01/01/2024,08/08/2024,220,group_2,NA,pre_pack,NA,group_2,NA,maize_forage,NA,spring_wheat,NA,NA,NA,Extase; Astronomer,No,N/A,not_seen,Yes,Yes,Yes,Yes,Yes,No,No,No,Yes,NA,NA,Yes,NA,NA,NA,Yes,NA,Yes,Yes,Yes,Yes,Reduced tillage,NA,7.6,29.4,330,309,20.8,3178.2,9.6,4.8,76.4,405.3,59,0,0.7,26.1
4_demultiplex.bc1007--bc1057.hifi_reads,B7,1,sample,9JA.01,9JA.01.06,NA,NA,51.368146,-2.440479,16,7,2024,01/01/2024,16/07/2024,197,unknown,NA,unknown,NA,unknown,NA,unknown,NA,unknown,NA,NA,NA,unknown,unknown,unknown,unknown,unknown,unknown,unknown,unknown,unknown,unknown,unknown,unknown,unknown,NA,unknown,unknown,NA,NA,NA,unknown,NA,unknown,unknown,unknown,unknown,unknown,NA,7.5,21.4,135,79,19.4,2873.7,3.3,5.8,95.7,206.6,60.3,0,0.5,20.2
4_demultiplex.bc1007--bc1059.hifi_reads,B8,1,sample,9JA.01,9JA.01.14,NA,NA,51.368146,-2.440479,16,7,2024,01/01/2024,16/07/2024,197,unknown,NA,unknown,NA,unknown,NA,unknown,NA,unknown,NA,NA,NA,unknown,unknown,unknown,unknown,unknown,unknown,unknown,unknown,unknown,unknown,unknown,unknown,unknown,NA,unknown,unknown,NA,NA,NA,unknown,NA,unknown,unknown,unknown,unknown,unknown,NA,7.5,21.4,135,79,19.4,2873.7,3.3,5.8,95.7,206.6,60.3,0,0.5,20.2
4_demultiplex.bc1007--bc1060.hifi_reads,B9,1,sample,5RW.01,5RW.01.01,NA,NA,52.90557,0.561505,2,7,2024,01/01/2024,07/02/2024,183,OSR,NA,spring_barley,NA,sugar_beet,NA,winter_wheat,NA,potato,NA,NA,NA,Common wheat/bread wheat,No,N/A,not_seen,Yes,Yes,No,Yes,Yes,No,Yes,No,No,NA,NA,No,NA,NA,NA,NA,NA,NA,Yes,Yes,Yes,Reduced tillage,NA,7.9,32.8,230,55,9.5,1944.8,3.8,8.3,194.5,149.4,60.8,0,0.9,14.2
4_demultiplex.bc1007--bc1062.hifi_reads,B10,1,sample,5RW.01,5RW.01.09,NA,NA,52.90557,0.561505,2,7,2024,01/01/2024,07/02/2024,183,OSR,NA,spring_barley,NA,sugar_beet,NA,winter_wheat,NA,potato,NA,NA,NA,Common wheat/bread wheat,No,N/A,not_seen,Yes,Yes,No,Yes,Yes,No,Yes,No,No,NA,NA,No,NA,NA,NA,NA,NA,NA,Yes,Yes,Yes,Reduced tillage,NA,7.9,32.8,230,55,9.5,1944.8,3.8,8.3,194.5,149.4,60.8,0,0.9,14.2
4_demultiplex.bc1007--bc1065.hifi_reads,B11,1,sample,5RW.01,5RW.01.17,NA,NA,52.90557,0.561505,2,7,2024,01/01/2024,07/02/2024,183,OSR,NA,spring_barley,NA,sugar_beet,NA,winter_wheat,NA,potato,NA,NA,NA,Common wheat/bread wheat,No,N/A,not_seen,Yes,Yes,No,Yes,Yes,No,Yes,No,No,NA,NA,No,NA,NA,NA,NA,NA,NA,Yes,Yes,Yes,Reduced tillage,NA,7.9,32.8,230,55,9.5,1944.8,3.8,8.3,194.5,149.4,60.8,0,0.9,14.2
4_demultiplex.bc1007--bc1075.hifi_reads,B12,1,sample,9JG.01,9JG.01.04,NA,NA,50.839038,-2.088601,15,7,2024,01/01/2024,15/07/2024,196,OSR,NA,spring_barley,NA,spring_barley,NA,winter_barley,NA,winter_wheat,NA,NA,NA,Common wheat/bread wheat,No,N/A,not_seen,Yes,Yes,Yes,Yes,Yes,No,No,No,Yes,NA,NA,No,NA,NA,NA,NA,NA,Yes,NA,Yes,No,No tillage,NA,8,17.8,85,24,17.8,2286.6,2,5.7,21.9,17.4,29.2,0,0,15.5
4_demultiplex.bc1008--bc1033.hifi_reads,C1,1,sample,5RW.02,5RW.02.03,NA,NA,52.900938,0.57231,2,7,2024,01/01/2024,07/02/2024,183,OSR,NA,winter_barley,NA,winter_wheat,NA,sugar_beet,NA,winter_barley,NA,NA,NA,Common wheat/bread wheat,No,N/A,not_seen,Yes,Yes,No,Yes,Yes,No,Yes,No,No,NA,NA,No,NA,NA,NA,NA,NA,Yes,Yes,Yes,Yes,Reduced tillage,NA,6.7,36.4,231,65,11.3,1678.3,3.6,7.3,121,376.9,76.6,0,0.8,13.5
4_demultiplex.bc1008--bc1035.hifi_reads,C2,1,sample,5RW.02,5RW.02.11,NA,NA,52.900938,0.57231,2,7,2024,01/01/2024,07/02/2024,183,OSR,NA,winter_barley,NA,winter_wheat,NA,sugar_beet,NA,winter_barley,NA,NA,NA,Common wheat/bread wheat,No,N/A,not_seen,Yes,Yes,No,Yes,Yes,No,Yes,No,No,NA,NA,No,NA,NA,NA,NA,NA,Yes,Yes,Yes,Yes,Reduced tillage,NA,6.7,36.4,231,65,11.3,1678.3,3.6,7.3,121,376.9,76.6,0,0.8,13.5
4_demultiplex.bc1008--bc1044.hifi_reads,C3,1,sample,5RW.02,5RW.02.19,NA,NA,52.900938,0.57231,2,7,2024,01/01/2024,07/02/2024,183,OSR,NA,winter_barley,NA,winter_wheat,NA,sugar_beet,NA,winter_barley,NA,NA,NA,Common wheat/bread wheat,No,N/A,not_seen,Yes,Yes,No,Yes,Yes,No,Yes,No,No,NA,NA,No,NA,NA,NA,NA,NA,Yes,Yes,Yes,Yes,Reduced tillage,NA,6.7,36.4,231,65,11.3,1678.3,3.6,7.3,121,376.9,76.6,0,0.8,13.5
4_demultiplex.bc1008--bc1045.hifi_reads,C4,1,sample,8HQ.02,8HQ.02.03,NA,NA,53.11209,0.05528,8,8,2024,01/01/2024,08/08/2024,220,group_2,NA,pre_pack,NA,group_2,NA,maize_forage,NA,spring_wheat,NA,NA,NA,Extase; Astronomer,No,N/A,not_seen,Yes,Yes,Yes,Yes,Yes,No,No,No,Yes,NA,NA,Yes,NA,NA,NA,Yes,NA,Yes,Yes,Yes,Yes,Reduced tillage,NA,7.6,29.4,330,309,20.8,3178.2,9.6,4.8,76.4,405.3,59,0,0.7,26.1
4_demultiplex.bc1008--bc1054.hifi_reads,C5,1,sample,8HQ.02,8HQ.02.11,NA,NA,53.11209,0.05528,8,8,2024,01/01/2024,08/08/2024,220,group_2,NA,pre_pack,NA,group_2,NA,maize_forage,NA,spring_wheat,NA,NA,NA,Extase; Astronomer,No,N/A,not_seen,Yes,Yes,Yes,Yes,Yes,No,No,No,Yes,NA,NA,Yes,NA,NA,NA,Yes,NA,Yes,Yes,Yes,Yes,Reduced tillage,NA,7.6,29.4,330,309,20.8,3178.2,9.6,4.8,76.4,405.3,59,0,0.7,26.1
4_demultiplex.bc1008--bc1056.hifi_reads,C6,1,sample,8HQ.02,8HQ.02.19,NA,NA,53.11209,0.05528,8,8,2024,01/01/2024,08/08/2024,220,group_2,NA,pre_pack,NA,group_2,NA,maize_forage,NA,spring_wheat,NA,NA,NA,Extase; Astronomer,No,N/A,not_seen,Yes,Yes,Yes,Yes,Yes,No,No,No,Yes,NA,NA,Yes,NA,NA,NA,Yes,NA,Yes,Yes,Yes,Yes,Reduced tillage,NA,7.6,29.4,330,309,20.8,3178.2,9.6,4.8,76.4,405.3,59,0,0.7,26.1
4_demultiplex.bc1008--bc1057.hifi_reads,C7,1,sample,9JA.01,9JA.01.07,NA,NA,51.368146,-2.440479,16,7,2024,01/01/2024,16/07/2024,197,unknown,NA,unknown,NA,unknown,NA,unknown,NA,unknown,NA,NA,NA,unknown,unknown,unknown,unknown,unknown,unknown,unknown,unknown,unknown,unknown,unknown,unknown,unknown,NA,unknown,unknown,NA,NA,NA,unknown,NA,unknown,unknown,unknown,unknown,unknown,NA,7.5,21.4,135,79,19.4,2873.7,3.3,5.8,95.7,206.6,60.3,0,0.5,20.2
4_demultiplex.bc1008--bc1059.hifi_reads,C8,1,sample,9JA.01,9JA.01.15,NA,NA,51.368146,-2.440479,16,7,2024,01/01/2024,16/07/2024,197,unknown,NA,unknown,NA,unknown,NA,unknown,NA,unknown,NA,NA,NA,unknown,unknown,unknown,unknown,unknown,unknown,unknown,unknown,unknown,unknown,unknown,unknown,unknown,NA,unknown,unknown,NA,NA,NA,unknown,NA,unknown,unknown,unknown,unknown,unknown,NA,7.5,21.4,135,79,19.4,2873.7,3.3,5.8,95.7,206.6,60.3,0,0.5,20.2
4_demultiplex.bc1008--bc1060.hifi_reads,C9,1,sample,5RW.01,5RW.01.02,NA,NA,52.90557,0.561505,2,7,2024,01/01/2024,07/02/2024,183,OSR,NA,spring_barley,NA,sugar_beet,NA,winter_wheat,NA,potato,NA,NA,NA,Common wheat/bread wheat,No,N/A,not_seen,Yes,Yes,No,Yes,Yes,No,Yes,No,No,NA,NA,No,NA,NA,NA,NA,NA,NA,Yes,Yes,Yes,Reduced tillage,NA,7.9,32.8,230,55,9.5,1944.8,3.8,8.3,194.5,149.4,60.8,0,0.9,14.2
4_demultiplex.bc1008--bc1062.hifi_reads,C10,1,sample,5RW.01,5RW.01.10,NA,NA,52.90557,0.561505,2,7,2024,01/01/2024,07/02/2024,183,OSR,NA,spring_barley,NA,sugar_beet,NA,winter_wheat,NA,potato,NA,NA,NA,Common wheat/bread wheat,No,N/A,not_seen,Yes,Yes,No,Yes,Yes,No,Yes,No,No,NA,NA,No,NA,NA,NA,NA,NA,NA,Yes,Yes,Yes,Reduced tillage,NA,7.9,32.8,230,55,9.5,1944.8,3.8,8.3,194.5,149.4,60.8,0,0.9,14.2
4_demultiplex.bc1008--bc1065.hifi_reads,C11,1,sample,5RW.01,5RW.01.18,NA,NA,52.90557,0.561505,2,7,2024,01/01/2024,07/02/2024,183,OSR,NA,spring_barley,NA,sugar_beet,NA,winter_wheat,NA,potato,NA,NA,NA,Common wheat/bread wheat,No,N/A,not_seen,Yes,Yes,No,Yes,Yes,No,Yes,No,No,NA,NA,No,NA,NA,NA,NA,NA,NA,Yes,Yes,Yes,Reduced tillage,NA,7.9,32.8,230,55,9.5,1944.8,3.8,8.3,194.5,149.4,60.8,0,0.9,14.2
4_demultiplex.bc1008--bc1075.hifi_reads,C12,1,sample,9JG.01,9JG.01.05,NA,NA,50.839038,-2.088601,15,7,2024,01/01/2024,15/07/2024,196,OSR,NA,spring_barley,NA,spring_barley,NA,winter_barley,NA,winter_wheat,NA,NA,NA,Common wheat/bread wheat,No,N/A,not_seen,Yes,Yes,Yes,Yes,Yes,No,No,No,Yes,NA,NA,No,NA,NA,NA,NA,NA,Yes,NA,Yes,No,No tillage,NA,8,17.8,85,24,17.8,2286.6,2,5.7,21.9,17.4,29.2,0,0,15.5
4_demultiplex.bc1012--bc1033.hifi_reads,D1,1,sample,5RW.02,5RW.02.04,NA,NA,52.900938,0.57231,2,7,2024,01/01/2024,07/02/2024,183,OSR,NA,winter_barley,NA,winter_wheat,NA,sugar_beet,NA,winter_barley,NA,NA,NA,Common wheat/bread wheat,No,N/A,not_seen,Yes,Yes,No,Yes,Yes,No,Yes,No,No,NA,NA,No,NA,NA,NA,NA,NA,Yes,Yes,Yes,Yes,Reduced tillage,NA,6.7,36.4,231,65,11.3,1678.3,3.6,7.3,121,376.9,76.6,0,0.8,13.5
4_demultiplex.bc1012--bc1035.hifi_reads,D2,1,sample,5RW.02,5RW.02.12,NA,NA,52.900938,0.57231,2,7,2024,01/01/2024,07/02/2024,183,OSR,NA,winter_barley,NA,winter_wheat,NA,sugar_beet,NA,winter_barley,NA,NA,NA,Common wheat/bread wheat,No,N/A,not_seen,Yes,Yes,No,Yes,Yes,No,Yes,No,No,NA,NA,No,NA,NA,NA,NA,NA,Yes,Yes,Yes,Yes,Reduced tillage,NA,6.7,36.4,231,65,11.3,1678.3,3.6,7.3,121,376.9,76.6,0,0.8,13.5
4_demultiplex.bc1012--bc1044.hifi_reads,D3,1,sample,5RW.02,5RW.02.20,NA,NA,52.900938,0.57231,2,7,2024,01/01/2024,07/02/2024,183,OSR,NA,winter_barley,NA,winter_wheat,NA,sugar_beet,NA,winter_barley,NA,NA,NA,Common wheat/bread wheat,No,N/A,not_seen,Yes,Yes,No,Yes,Yes,No,Yes,No,No,NA,NA,No,NA,NA,NA,NA,NA,Yes,Yes,Yes,Yes,Reduced tillage,NA,6.7,36.4,231,65,11.3,1678.3,3.6,7.3,121,376.9,76.6,0,0.8,13.5
4_demultiplex.bc1012--bc1045.hifi_reads,D4,1,sample,8HQ.02,8HQ.02.04,NA,NA,53.11209,0.05528,8,8,2024,01/01/2024,08/08/2024,220,group_2,NA,pre_pack,NA,group_2,NA,maize_forage,NA,spring_wheat,NA,NA,NA,Extase; Astronomer,No,N/A,not_seen,Yes,Yes,Yes,Yes,Yes,No,No,No,Yes,NA,NA,Yes,NA,NA,NA,Yes,NA,Yes,Yes,Yes,Yes,Reduced tillage,NA,7.6,29.4,330,309,20.8,3178.2,9.6,4.8,76.4,405.3,59,0,0.7,26.1
4_demultiplex.bc1012--bc1054.hifi_reads,D5,1,sample,8HQ.02,8HQ.02.12,NA,NA,53.11209,0.05528,8,8,2024,01/01/2024,08/08/2024,220,group_2,NA,pre_pack,NA,group_2,NA,maize_forage,NA,spring_wheat,NA,NA,NA,Extase; Astronomer,No,N/A,not_seen,Yes,Yes,Yes,Yes,Yes,No,No,No,Yes,NA,NA,Yes,NA,NA,NA,Yes,NA,Yes,Yes,Yes,Yes,Reduced tillage,NA,7.6,29.4,330,309,20.8,3178.2,9.6,4.8,76.4,405.3,59,0,0.7,26.1
4_demultiplex.bc1012--bc1056.hifi_reads,D6,1,sample,8HQ.02,8HQ.02.20,NA,NA,53.11209,0.05528,8,8,2024,01/01/2024,08/08/2024,220,group_2,NA,pre_pack,NA,group_2,NA,maize_forage,NA,spring_wheat,NA,NA,NA,Extase; Astronomer,No,N/A,not_seen,Yes,Yes,Yes,Yes,Yes,No,No,No,Yes,NA,NA,Yes,NA,NA,NA,Yes,NA,Yes,Yes,Yes,Yes,Reduced tillage,NA,7.6,29.4,330,309,20.8,3178.2,9.6,4.8,76.4,405.3,59,0,0.7,26.1
4_demultiplex.bc1012--bc1057.hifi_reads,D7,1,sample,9JA.01,9JA.01.08,NA,NA,51.368146,-2.440479,16,7,2024,01/01/2024,16/07/2024,197,unknown,NA,unknown,NA,unknown,NA,unknown,NA,unknown,NA,NA,NA,unknown,unknown,unknown,unknown,unknown,unknown,unknown,unknown,unknown,unknown,unknown,unknown,unknown,NA,unknown,unknown,NA,NA,NA,unknown,NA,unknown,unknown,unknown,unknown,unknown,NA,7.5,21.4,135,79,19.4,2873.7,3.3,5.8,95.7,206.6,60.3,0,0.5,20.2
4_demultiplex.bc1012--bc1059.hifi_reads,D8,1,sample,9JA.01,9JA.01.16,NA,NA,51.368146,-2.440479,16,7,2024,01/01/2024,16/07/2024,197,unknown,NA,unknown,NA,unknown,NA,unknown,NA,unknown,NA,NA,NA,unknown,unknown,unknown,unknown,unknown,unknown,unknown,unknown,unknown,unknown,unknown,unknown,unknown,NA,unknown,unknown,NA,NA,NA,unknown,NA,unknown,unknown,unknown,unknown,unknown,NA,7.5,21.4,135,79,19.4,2873.7,3.3,5.8,95.7,206.6,60.3,0,0.5,20.2
4_demultiplex.bc1012--bc1060.hifi_reads,D9,1,sample,5RW.01,5RW.01.03,NA,NA,52.90557,0.561505,2,7,2024,01/01/2024,07/02/2024,183,OSR,NA,spring_barley,NA,sugar_beet,NA,winter_wheat,NA,potato,NA,NA,NA,Common wheat/bread wheat,No,N/A,not_seen,Yes,Yes,No,Yes,Yes,No,Yes,No,No,NA,NA,No,NA,NA,NA,NA,NA,NA,Yes,Yes,Yes,Reduced tillage,NA,7.9,32.8,230,55,9.5,1944.8,3.8,8.3,194.5,149.4,60.8,0,0.9,14.2
4_demultiplex.bc1012--bc1062.hifi_reads,D10,1,sample,5RW.01,5RW.01.11,NA,NA,52.90557,0.561505,2,7,2024,01/01/2024,07/02/2024,183,OSR,NA,spring_barley,NA,sugar_beet,NA,winter_wheat,NA,potato,NA,NA,NA,Common wheat/bread wheat,No,N/A,not_seen,Yes,Yes,No,Yes,Yes,No,Yes,No,No,NA,NA,No,NA,NA,NA,NA,NA,NA,Yes,Yes,Yes,Reduced tillage,NA,7.9,32.8,230,55,9.5,1944.8,3.8,8.3,194.5,149.4,60.8,0,0.9,14.2
4_demultiplex.bc1012--bc1065.hifi_reads,D11,1,sample,5RW.01,5RW.01.19,NA,NA,52.90557,0.561505,2,7,2024,01/01/2024,07/02/2024,183,OSR,NA,spring_barley,NA,sugar_beet,NA,winter_wheat,NA,potato,NA,NA,NA,Common wheat/bread wheat,No,N/A,not_seen,Yes,Yes,No,Yes,Yes,No,Yes,No,No,NA,NA,No,NA,NA,NA,NA,NA,NA,Yes,Yes,Yes,Reduced tillage,NA,7.9,32.8,230,55,9.5,1944.8,3.8,8.3,194.5,149.4,60.8,0,0.9,14.2
4_demultiplex.bc1012--bc1075.hifi_reads,D12,1,gt_control,S1,S1,NA,NA,NA,NA,NA,NA,NA,NA,NA,NA,NA,NA,NA,NA,NA,NA,NA,NA,NA,NA,NA,NA,NA,NA,NA,NA,NA,NA,NA,NA,NA,NA,NA,NA,NA,NA,NA,NA,NA,NA,NA,NA,NA,NA,NA,NA,NA,NA,NA,NA,NA,NA,NA,NA,NA,NA,NA,NA,NA,NA,NA,NA,NA
4_demultiplex.bc1015--bc1033.hifi_reads,E1,1,sample,5RW.02,5RW.02.05,NA,NA,52.900938,0.57231,2,7,2024,01/01/2024,07/02/2024,183,OSR,NA,winter_barley,NA,winter_wheat,NA,sugar_beet,NA,winter_barley,NA,NA,NA,Common wheat/bread wheat,No,N/A,not_seen,Yes,Yes,No,Yes,Yes,No,Yes,No,No,NA,NA,No,NA,NA,NA,NA,NA,Yes,Yes,Yes,Yes,Reduced tillage,NA,6.7,36.4,231,65,11.3,1678.3,3.6,7.3,121,376.9,76.6,0,0.8,13.5
4_demultiplex.bc1015--bc1035.hifi_reads,E2,1,sample,5RW.02,5RW.02.13,NA,NA,52.900938,0.57231,2,7,2024,01/01/2024,07/02/2024,183,OSR,NA,winter_barley,NA,winter_wheat,NA,sugar_beet,NA,winter_barley,NA,NA,NA,Common wheat/bread wheat,No,N/A,not_seen,Yes,Yes,No,Yes,Yes,No,Yes,No,No,NA,NA,No,NA,NA,NA,NA,NA,Yes,Yes,Yes,Yes,Reduced tillage,NA,6.7,36.4,231,65,11.3,1678.3,3.6,7.3,121,376.9,76.6,0,0.8,13.5
4_demultiplex.bc1015--bc1044.hifi_reads,E3,1,farmer_kit,5RW.02,5RW.2.243.FK,243,SFK,52.900938,0.57231,2,7,2024,01/01/2024,07/02/2024,183,OSR,NA,winter_barley,NA,winter_wheat,NA,sugar_beet,NA,winter_barley,NA,NA,NA,Common wheat/bread wheat,No,N/A,not_seen,Yes,Yes,No,Yes,Yes,No,Yes,No,No,NA,NA,No,NA,NA,NA,NA,NA,Yes,Yes,Yes,Yes,Reduced tillage,NA,6.7,36.4,231,65,11.3,1678.3,3.6,7.3,121,376.9,76.6,0,0.8,13.5
4_demultiplex.bc1015--bc1045.hifi_reads,E4,1,sample,8HQ.02,8HQ.02.05,NA,NA,53.11209,0.05528,8,8,2024,01/01/2024,08/08/2024,220,group_2,NA,pre_pack,NA,group_2,NA,maize_forage,NA,spring_wheat,NA,NA,NA,Extase; Astronomer,No,N/A,not_seen,Yes,Yes,Yes,Yes,Yes,No,No,No,Yes,NA,NA,Yes,NA,NA,NA,Yes,NA,Yes,Yes,Yes,Yes,Reduced tillage,NA,7.6,29.4,330,309,20.8,3178.2,9.6,4.8,76.4,405.3,59,0,0.7,26.1
4_demultiplex.bc1015--bc1054.hifi_reads,E5,1,sample,8HQ.02,8HQ.02.13,NA,NA,53.11209,0.05528,8,8,2024,01/01/2024,08/08/2024,220,group_2,NA,pre_pack,NA,group_2,NA,maize_forage,NA,spring_wheat,NA,NA,NA,Extase; Astronomer,No,N/A,not_seen,Yes,Yes,Yes,Yes,Yes,No,No,No,Yes,NA,NA,Yes,NA,NA,NA,Yes,NA,Yes,Yes,Yes,Yes,Reduced tillage,NA,7.6,29.4,330,309,20.8,3178.2,9.6,4.8,76.4,405.3,59,0,0.7,26.1
4_demultiplex.bc1015--bc1056.hifi_reads,E6,1,sample,9JA.01,9JA.01.01,NA,NA,51.368146,-2.440479,16,7,2024,01/01/2024,16/07/2024,197,unknown,NA,unknown,NA,unknown,NA,unknown,NA,unknown,NA,NA,NA,unknown,unknown,unknown,unknown,unknown,unknown,unknown,unknown,unknown,unknown,unknown,unknown,unknown,NA,unknown,unknown,NA,NA,NA,unknown,NA,unknown,unknown,unknown,unknown,unknown,NA,7.5,21.4,135,79,19.4,2873.7,3.3,5.8,95.7,206.6,60.3,0,0.5,20.2
4_demultiplex.bc1015--bc1057.hifi_reads,E7,1,sample,9JA.01,9JA.01.09,NA,NA,51.368146,-2.440479,16,7,2024,01/01/2024,16/07/2024,197,unknown,NA,unknown,NA,unknown,NA,unknown,NA,unknown,NA,NA,NA,unknown,unknown,unknown,unknown,unknown,unknown,unknown,unknown,unknown,unknown,unknown,unknown,unknown,NA,unknown,unknown,NA,NA,NA,unknown,NA,unknown,unknown,unknown,unknown,unknown,NA,7.5,21.4,135,79,19.4,2873.7,3.3,5.8,95.7,206.6,60.3,0,0.5,20.2
4_demultiplex.bc1015--bc1059.hifi_reads,E8,1,sample,9JA.01,9JA.01.17,NA,NA,51.368146,-2.440479,16,7,2024,01/01/2024,16/07/2024,197,unknown,NA,unknown,NA,unknown,NA,unknown,NA,unknown,NA,NA,NA,unknown,unknown,unknown,unknown,unknown,unknown,unknown,unknown,unknown,unknown,unknown,unknown,unknown,NA,unknown,unknown,NA,NA,NA,unknown,NA,unknown,unknown,unknown,unknown,unknown,NA,7.5,21.4,135,79,19.4,2873.7,3.3,5.8,95.7,206.6,60.3,0,0.5,20.2
4_demultiplex.bc1015--bc1060.hifi_reads,E9,1,sample,5RW.01,5RW.01.04,NA,NA,52.90557,0.561505,2,7,2024,01/01/2024,07/02/2024,183,OSR,NA,spring_barley,NA,sugar_beet,NA,winter_wheat,NA,potato,NA,NA,NA,Common wheat/bread wheat,No,N/A,not_seen,Yes,Yes,No,Yes,Yes,No,Yes,No,No,NA,NA,No,NA,NA,NA,NA,NA,NA,Yes,Yes,Yes,Reduced tillage,NA,7.9,32.8,230,55,9.5,1944.8,3.8,8.3,194.5,149.4,60.8,0,0.9,14.2
4_demultiplex.bc1015--bc1062.hifi_reads,E10,1,sample,5RW.01,5RW.01.12,NA,NA,52.90557,0.561505,2,7,2024,01/01/2024,07/02/2024,183,OSR,NA,spring_barley,NA,sugar_beet,NA,winter_wheat,NA,potato,NA,NA,NA,Common wheat/bread wheat,No,N/A,not_seen,Yes,Yes,No,Yes,Yes,No,Yes,No,No,NA,NA,No,NA,NA,NA,NA,NA,NA,Yes,Yes,Yes,Reduced tillage,NA,7.9,32.8,230,55,9.5,1944.8,3.8,8.3,194.5,149.4,60.8,0,0.9,14.2
4_demultiplex.bc1015--bc1065.hifi_reads,E11,1,sample,5RW.01,5RW.01.20,NA,NA,52.90557,0.561505,2,7,2024,01/01/2024,07/02/2024,183,OSR,NA,spring_barley,NA,sugar_beet,NA,winter_wheat,NA,potato,NA,NA,NA,Common wheat/bread wheat,No,N/A,not_seen,Yes,Yes,No,Yes,Yes,No,Yes,No,No,NA,NA,No,NA,NA,NA,NA,NA,NA,Yes,Yes,Yes,Reduced tillage,NA,7.9,32.8,230,55,9.5,1944.8,3.8,8.3,194.5,149.4,60.8,0,0.9,14.2
4_demultiplex.bc1015--bc1075.hifi_reads,E12,1,gt_control,S2,S2,NA,NA,NA,NA,NA,NA,NA,NA,NA,NA,NA,NA,NA,NA,NA,NA,NA,NA,NA,NA,NA,NA,NA,NA,NA,NA,NA,NA,NA,NA,NA,NA,NA,NA,NA,NA,NA,NA,NA,NA,NA,NA,NA,NA,NA,NA,NA,NA,NA,NA,NA,NA,NA,NA,NA,NA,NA,NA,NA,NA,NA,NA,NA
4_demultiplex.bc1020--bc1033.hifi_reads,F1,1,sample,5RW.02,5RW.02.06,NA,NA,52.900938,0.57231,2,7,2024,01/01/2024,07/02/2024,183,OSR,NA,winter_barley,NA,winter_wheat,NA,sugar_beet,NA,winter_barley,NA,NA,NA,Common wheat/bread wheat,No,N/A,not_seen,Yes,Yes,No,Yes,Yes,No,Yes,No,No,NA,NA,No,NA,NA,NA,NA,NA,Yes,Yes,Yes,Yes,Reduced tillage,NA,6.7,36.4,231,65,11.3,1678.3,3.6,7.3,121,376.9,76.6,0,0.8,13.5
4_demultiplex.bc1020--bc1035.hifi_reads,F2,1,sample,5RW.02,5RW.02.14,NA,NA,52.900938,0.57231,2,7,2024,01/01/2024,07/02/2024,183,OSR,NA,winter_barley,NA,winter_wheat,NA,sugar_beet,NA,winter_barley,NA,NA,NA,Common wheat/bread wheat,No,N/A,not_seen,Yes,Yes,No,Yes,Yes,No,Yes,No,No,NA,NA,No,NA,NA,NA,NA,NA,Yes,Yes,Yes,Yes,Reduced tillage,NA,6.7,36.4,231,65,11.3,1678.3,3.6,7.3,121,376.9,76.6,0,0.8,13.5
4_demultiplex.bc1020--bc1044.hifi_reads,F3,1,sample,4EH.02,4EH.02.19,NA,NA,51.883353,-0.82113,24,6,2024,01/01/2024,24/06/2024,175,winter_wheat,NA,spring_beans,NA,winter_wheat,NA,spring_oats,NA,spring_oats,NA,NA,NA,X days,No,N/A,not_seen,Yes,Yes,No,No,No,Sulfur,No,No,No,NA,NA,NA,NA,NA,NA,NA,NA,NA,Yes,Yes,No,No tillage,NA,7.7,67.6,659,112,21.5,2856.1,3,7.2,37.2,227.3,82.8,0,0.2,22.3
4_demultiplex.bc1020--bc1045.hifi_reads,F4,1,sample,8HQ.02,8HQ.02.06,NA,NA,53.11209,0.05528,8,8,2024,01/01/2024,08/08/2024,220,group_2,NA,pre_pack,NA,group_2,NA,maize_forage,NA,spring_wheat,NA,NA,NA,Extase; Astronomer,No,N/A,not_seen,Yes,Yes,Yes,Yes,Yes,No,No,No,Yes,NA,NA,Yes,NA,NA,NA,Yes,NA,Yes,Yes,Yes,Yes,Reduced tillage,NA,7.6,29.4,330,309,20.8,3178.2,9.6,4.8,76.4,405.3,59,0,0.7,26.1
4_demultiplex.bc1020--bc1054.hifi_reads,F5,1,sample,8HQ.02,8HQ.02.14,NA,NA,53.11209,0.05528,8,8,2024,01/01/2024,08/08/2024,220,group_2,NA,pre_pack,NA,group_2,NA,maize_forage,NA,spring_wheat,NA,NA,NA,Extase; Astronomer,No,N/A,not_seen,Yes,Yes,Yes,Yes,Yes,No,No,No,Yes,NA,NA,Yes,NA,NA,NA,Yes,NA,Yes,Yes,Yes,Yes,Reduced tillage,NA,7.6,29.4,330,309,20.8,3178.2,9.6,4.8,76.4,405.3,59,0,0.7,26.1
4_demultiplex.bc1020--bc1056.hifi_reads,F6,1,sample,9JA.01,9JA.01.02,NA,NA,51.368146,-2.440479,16,7,2024,01/01/2024,16/07/2024,197,unknown,NA,unknown,NA,unknown,NA,unknown,NA,unknown,NA,NA,NA,unknown,unknown,unknown,unknown,unknown,unknown,unknown,unknown,unknown,unknown,unknown,unknown,unknown,NA,unknown,unknown,NA,NA,NA,unknown,NA,unknown,unknown,unknown,unknown,unknown,NA,7.5,21.4,135,79,19.4,2873.7,3.3,5.8,95.7,206.6,60.3,0,0.5,20.2
4_demultiplex.bc1020--bc1057.hifi_reads,F7,1,sample,9JA.01,9JA.01.10,NA,NA,51.368146,-2.440479,16,7,2024,01/01/2024,16/07/2024,197,unknown,NA,unknown,NA,unknown,NA,unknown,NA,unknown,NA,NA,NA,unknown,unknown,unknown,unknown,unknown,unknown,unknown,unknown,unknown,unknown,unknown,unknown,unknown,NA,unknown,unknown,NA,NA,NA,unknown,NA,unknown,unknown,unknown,unknown,unknown,NA,7.5,21.4,135,79,19.4,2873.7,3.3,5.8,95.7,206.6,60.3,0,0.5,20.2
4_demultiplex.bc1020--bc1059.hifi_reads,F8,1,sample,9JA.01,9JA.01.18,NA,NA,51.368146,-2.440479,16,7,2024,01/01/2024,16/07/2024,197,unknown,NA,unknown,NA,unknown,NA,unknown,NA,unknown,NA,NA,NA,unknown,unknown,unknown,unknown,unknown,unknown,unknown,unknown,unknown,unknown,unknown,unknown,unknown,NA,unknown,unknown,NA,NA,NA,unknown,NA,unknown,unknown,unknown,unknown,unknown,NA,7.5,21.4,135,79,19.4,2873.7,3.3,5.8,95.7,206.6,60.3,0,0.5,20.2
4_demultiplex.bc1020--bc1060.hifi_reads,F9,1,sample,5RW.01,5RW.01.05,NA,NA,52.90557,0.561505,2,7,2024,01/01/2024,07/02/2024,183,OSR,NA,spring_barley,NA,sugar_beet,NA,winter_wheat,NA,potato,NA,NA,NA,Common wheat/bread wheat,No,N/A,not_seen,Yes,Yes,No,Yes,Yes,No,Yes,No,No,NA,NA,No,NA,NA,NA,NA,NA,NA,Yes,Yes,Yes,Reduced tillage,NA,7.9,32.8,230,55,9.5,1944.8,3.8,8.3,194.5,149.4,60.8,0,0.9,14.2
4_demultiplex.bc1020--bc1062.hifi_reads,F10,1,sample,5RW.01,5RW.01.13,NA,NA,52.90557,0.561505,2,7,2024,01/01/2024,07/02/2024,183,OSR,NA,spring_barley,NA,sugar_beet,NA,winter_wheat,NA,potato,NA,NA,NA,Common wheat/bread wheat,No,N/A,not_seen,Yes,Yes,No,Yes,Yes,No,Yes,No,No,NA,NA,No,NA,NA,NA,NA,NA,NA,Yes,Yes,Yes,Reduced tillage,NA,7.9,32.8,230,55,9.5,1944.8,3.8,8.3,194.5,149.4,60.8,0,0.9,14.2
4_demultiplex.bc1020--bc1065.hifi_reads,F11,1,farmer_kit,5RW.01,5RW.1.244.FK,244,SFK,52.90557,0.561505,2,7,2024,01/01/2024,07/02/2024,183,OSR,NA,spring_barley,NA,sugar_beet,NA,winter_wheat,NA,potato,NA,NA,NA,Common wheat/bread wheat,No,N/A,not_seen,Yes,Yes,No,Yes,Yes,No,Yes,No,No,NA,NA,No,NA,NA,NA,NA,NA,NA,Yes,Yes,Yes,Reduced tillage,NA,7.9,32.8,230,55,9.5,1944.8,3.8,8.3,194.5,149.4,60.8,0,0.9,14.2
4_demultiplex.bc1020--bc1075.hifi_reads,F12,1,gt_control,S3,S3,NA,NA,NA,NA,NA,NA,NA,NA,NA,NA,NA,NA,NA,NA,NA,NA,NA,NA,NA,NA,NA,NA,NA,NA,NA,NA,NA,NA,NA,NA,NA,NA,NA,NA,NA,NA,NA,NA,NA,NA,NA,NA,NA,NA,NA,NA,NA,NA,NA,NA,NA,NA,NA,NA,NA,NA,NA,NA,NA,NA,NA,NA,NA
4_demultiplex.bc1022--bc1033.hifi_reads,G1,1,sample,5RW.02,5RW.02.07,NA,NA,52.900938,0.57231,2,7,2024,01/01/2024,07/02/2024,183,OSR,NA,winter_barley,NA,winter_wheat,NA,sugar_beet,NA,winter_barley,NA,NA,NA,Common wheat/bread wheat,No,N/A,not_seen,Yes,Yes,No,Yes,Yes,No,Yes,No,No,NA,NA,No,NA,NA,NA,NA,NA,Yes,Yes,Yes,Yes,Reduced tillage,NA,6.7,36.4,231,65,11.3,1678.3,3.6,7.3,121,376.9,76.6,0,0.8,13.5
4_demultiplex.bc1022--bc1035.hifi_reads,G2,1,sample,5RW.02,5RW.02.15,NA,NA,52.900938,0.57231,2,7,2024,01/01/2024,07/02/2024,183,OSR,NA,winter_barley,NA,winter_wheat,NA,sugar_beet,NA,winter_barley,NA,NA,NA,Common wheat/bread wheat,No,N/A,not_seen,Yes,Yes,No,Yes,Yes,No,Yes,No,No,NA,NA,No,NA,NA,NA,NA,NA,Yes,Yes,Yes,Yes,Reduced tillage,NA,6.7,36.4,231,65,11.3,1678.3,3.6,7.3,121,376.9,76.6,0,0.8,13.5
4_demultiplex.bc1022--bc1044.hifi_reads,G3,1,sample,4EH.02,4EH.02.20,NA,NA,51.883353,-0.82113,24,6,2024,01/01/2024,24/06/2024,175,winter_wheat,NA,spring_beans,NA,winter_wheat,NA,spring_oats,NA,spring_oats,NA,NA,NA,X days,No,N/A,not_seen,Yes,Yes,No,No,No,Sulfur,No,No,No,NA,NA,NA,NA,NA,NA,NA,NA,NA,Yes,Yes,No,No tillage,NA,7.7,67.6,659,112,21.5,2856.1,3,7.2,37.2,227.3,82.8,0,0.2,22.3
4_demultiplex.bc1022--bc1045.hifi_reads,G4,1,sample,8HQ.02,8HQ.02.07,NA,NA,53.11209,0.05528,8,8,2024,01/01/2024,08/08/2024,220,group_2,NA,pre_pack,NA,group_2,NA,maize_forage,NA,spring_wheat,NA,NA,NA,Extase; Astronomer,No,N/A,not_seen,Yes,Yes,Yes,Yes,Yes,No,No,No,Yes,NA,NA,Yes,NA,NA,NA,Yes,NA,Yes,Yes,Yes,Yes,Reduced tillage,NA,7.6,29.4,330,309,20.8,3178.2,9.6,4.8,76.4,405.3,59,0,0.7,26.1
4_demultiplex.bc1022--bc1054.hifi_reads,G5,1,sample,8HQ.02,8HQ.02.15,NA,NA,53.11209,0.05528,8,8,2024,01/01/2024,08/08/2024,220,group_2,NA,pre_pack,NA,group_2,NA,maize_forage,NA,spring_wheat,NA,NA,NA,Extase; Astronomer,No,N/A,not_seen,Yes,Yes,Yes,Yes,Yes,No,No,No,Yes,NA,NA,Yes,NA,NA,NA,Yes,NA,Yes,Yes,Yes,Yes,Reduced tillage,NA,7.6,29.4,330,309,20.8,3178.2,9.6,4.8,76.4,405.3,59,0,0.7,26.1
4_demultiplex.bc1022--bc1056.hifi_reads,G6,1,sample,9JA.01,9JA.01.03,NA,NA,51.368146,-2.440479,16,7,2024,01/01/2024,16/07/2024,197,unknown,NA,unknown,NA,unknown,NA,unknown,NA,unknown,NA,NA,NA,unknown,unknown,unknown,unknown,unknown,unknown,unknown,unknown,unknown,unknown,unknown,unknown,unknown,NA,unknown,unknown,NA,NA,NA,unknown,NA,unknown,unknown,unknown,unknown,unknown,NA,7.5,21.4,135,79,19.4,2873.7,3.3,5.8,95.7,206.6,60.3,0,0.5,20.2
4_demultiplex.bc1022--bc1057.hifi_reads,G7,1,sample,9JA.01,9JA.01.11,NA,NA,51.368146,-2.440479,16,7,2024,01/01/2024,16/07/2024,197,unknown,NA,unknown,NA,unknown,NA,unknown,NA,unknown,NA,NA,NA,unknown,unknown,unknown,unknown,unknown,unknown,unknown,unknown,unknown,unknown,unknown,unknown,unknown,NA,unknown,unknown,NA,NA,NA,unknown,NA,unknown,unknown,unknown,unknown,unknown,NA,7.5,21.4,135,79,19.4,2873.7,3.3,5.8,95.7,206.6,60.3,0,0.5,20.2
4_demultiplex.bc1022--bc1059.hifi_reads,G8,1,sample,9JA.01,9JA.01.19,NA,NA,51.368146,-2.440479,16,7,2024,01/01/2024,16/07/2024,197,unknown,NA,unknown,NA,unknown,NA,unknown,NA,unknown,NA,NA,NA,unknown,unknown,unknown,unknown,unknown,unknown,unknown,unknown,unknown,unknown,unknown,unknown,unknown,NA,unknown,unknown,NA,NA,NA,unknown,NA,unknown,unknown,unknown,unknown,unknown,NA,7.5,21.4,135,79,19.4,2873.7,3.3,5.8,95.7,206.6,60.3,0,0.5,20.2
4_demultiplex.bc1022--bc1060.hifi_reads,G9,1,sample,5RW.01,5RW.01.06,NA,NA,52.90557,0.561505,2,7,2024,01/01/2024,07/02/2024,183,OSR,NA,spring_barley,NA,sugar_beet,NA,winter_wheat,NA,potato,NA,NA,NA,Common wheat/bread wheat,No,N/A,not_seen,Yes,Yes,No,Yes,Yes,No,Yes,No,No,NA,NA,No,NA,NA,NA,NA,NA,NA,Yes,Yes,Yes,Reduced tillage,NA,7.9,32.8,230,55,9.5,1944.8,3.8,8.3,194.5,149.4,60.8,0,0.9,14.2
4_demultiplex.bc1022--bc1062.hifi_reads,G10,1,sample,5RW.01,5RW.01.14,NA,NA,52.90557,0.561505,2,7,2024,01/01/2024,07/02/2024,183,OSR,NA,spring_barley,NA,sugar_beet,NA,winter_wheat,NA,potato,NA,NA,NA,Common wheat/bread wheat,No,N/A,not_seen,Yes,Yes,No,Yes,Yes,No,Yes,No,No,NA,NA,No,NA,NA,NA,NA,NA,NA,Yes,Yes,Yes,Reduced tillage,NA,7.9,32.8,230,55,9.5,1944.8,3.8,8.3,194.5,149.4,60.8,0,0.9,14.2
4_demultiplex.bc1022--bc1065.hifi_reads,G11,1,sample,9JG.01,9JG.01.01,NA,NA,50.839038,-2.088601,15,7,2024,01/01/2024,15/07/2024,196,OSR,NA,spring_barley,NA,spring_barley,NA,winter_barley,NA,winter_wheat,NA,NA,NA,Common wheat/bread wheat,No,N/A,not_seen,Yes,Yes,Yes,Yes,Yes,No,No,No,Yes,NA,NA,No,NA,NA,NA,NA,NA,Yes,NA,Yes,No,No tillage,NA,8,17.8,85,24,17.8,2286.6,2,5.7,21.9,17.4,29.2,0,0,15.5
4_demultiplex.bc1022--bc1075.hifi_reads,G12,1,internal_control,EMPTY,EMPTY,NA,NA,NA,NA,NA,NA,NA,NA,NA,NA,NA,NA,NA,NA,NA,NA,NA,NA,NA,NA,NA,NA,NA,NA,NA,NA,NA,NA,NA,NA,NA,NA,NA,NA,NA,NA,NA,NA,NA,NA,NA,NA,NA,NA,NA,NA,NA,NA,NA,NA,NA,NA,NA,NA,NA,NA,NA,NA,NA,NA,NA,NA,NA
4_demultiplex.bc1024--bc1033.hifi_reads,H1,1,sample,5RW.02,5RW.02.08,NA,NA,52.900938,0.57231,2,7,2024,01/01/2024,07/02/2024,183,OSR,NA,winter_barley,NA,winter_wheat,NA,sugar_beet,NA,winter_barley,NA,NA,NA,Common wheat/bread wheat,No,N/A,not_seen,Yes,Yes,No,Yes,Yes,No,Yes,No,No,NA,NA,No,NA,NA,NA,NA,NA,Yes,Yes,Yes,Yes,Reduced tillage,NA,6.7,36.4,231,65,11.3,1678.3,3.6,7.3,121,376.9,76.6,0,0.8,13.5
4_demultiplex.bc1024--bc1035.hifi_reads,H2,1,sample,5RW.02,5RW.02.16,NA,NA,52.900938,0.57231,2,7,2024,01/01/2024,07/02/2024,183,OSR,NA,winter_barley,NA,winter_wheat,NA,sugar_beet,NA,winter_barley,NA,NA,NA,Common wheat/bread wheat,No,N/A,not_seen,Yes,Yes,No,Yes,Yes,No,Yes,No,No,NA,NA,No,NA,NA,NA,NA,NA,Yes,Yes,Yes,Yes,Reduced tillage,NA,6.7,36.4,231,65,11.3,1678.3,3.6,7.3,121,376.9,76.6,0,0.8,13.5
4_demultiplex.bc1024--bc1044.hifi_reads,H3,1,farmer_kit,4EH.02,4EH.2.249.FK,249,SFK,51.883353,-0.82113,24,6,2024,01/01/2024,24/06/2024,175,winter_wheat,NA,spring_beans,NA,winter_wheat,NA,spring_oats,NA,spring_oats,NA,NA,NA,X days,No,N/A,not_seen,Yes,Yes,No,No,No,Sulfur,No,No,No,NA,NA,NA,NA,NA,NA,NA,NA,NA,Yes,Yes,No,No tillage,NA,7.7,67.6,659,112,21.5,2856.1,3,7.2,37.2,227.3,82.8,0,0.2,22.3
4_demultiplex.bc1024--bc1045.hifi_reads,H4,1,sample,8HQ.02,8HQ.02.08,NA,NA,53.11209,0.05528,8,8,2024,01/01/2024,08/08/2024,220,group_2,NA,pre_pack,NA,group_2,NA,maize_forage,NA,spring_wheat,NA,NA,NA,Extase; Astronomer,No,N/A,not_seen,Yes,Yes,Yes,Yes,Yes,No,No,No,Yes,NA,NA,Yes,NA,NA,NA,Yes,NA,Yes,Yes,Yes,Yes,Reduced tillage,NA,7.6,29.4,330,309,20.8,3178.2,9.6,4.8,76.4,405.3,59,0,0.7,26.1
4_demultiplex.bc1024--bc1054.hifi_reads,H5,1,sample,8HQ.02,8HQ.02.16,NA,NA,53.11209,0.05528,8,8,2024,01/01/2024,08/08/2024,220,group_2,NA,pre_pack,NA,group_2,NA,maize_forage,NA,spring_wheat,NA,NA,NA,Extase; Astronomer,No,N/A,not_seen,Yes,Yes,Yes,Yes,Yes,No,No,No,Yes,NA,NA,Yes,NA,NA,NA,Yes,NA,Yes,Yes,Yes,Yes,Reduced tillage,NA,7.6,29.4,330,309,20.8,3178.2,9.6,4.8,76.4,405.3,59,0,0.7,26.1
4_demultiplex.bc1024--bc1056.hifi_reads,H6,1,sample,9JA.01,9JA.01.04,NA,NA,51.368146,-2.440479,16,7,2024,01/01/2024,16/07/2024,197,unknown,NA,unknown,NA,unknown,NA,unknown,NA,unknown,NA,NA,NA,unknown,unknown,unknown,unknown,unknown,unknown,unknown,unknown,unknown,unknown,unknown,unknown,unknown,NA,unknown,unknown,NA,NA,NA,unknown,NA,unknown,unknown,unknown,unknown,unknown,NA,7.5,21.4,135,79,19.4,2873.7,3.3,5.8,95.7,206.6,60.3,0,0.5,20.2
4_demultiplex.bc1024--bc1057.hifi_reads,H7,1,sample,9JA.01,9JA.01.12,NA,NA,51.368146,-2.440479,16,7,2024,01/01/2024,16/07/2024,197,unknown,NA,unknown,NA,unknown,NA,unknown,NA,unknown,NA,NA,NA,unknown,unknown,unknown,unknown,unknown,unknown,unknown,unknown,unknown,unknown,unknown,unknown,unknown,NA,unknown,unknown,NA,NA,NA,unknown,NA,unknown,unknown,unknown,unknown,unknown,NA,7.5,21.4,135,79,19.4,2873.7,3.3,5.8,95.7,206.6,60.3,0,0.5,20.2
4_demultiplex.bc1024--bc1059.hifi_reads,H8,1,sample,9JA.01,9JA.01.20,NA,NA,51.368146,-2.440479,16,7,2024,01/01/2024,16/07/2024,197,unknown,NA,unknown,NA,unknown,NA,unknown,NA,unknown,NA,NA,NA,unknown,unknown,unknown,unknown,unknown,unknown,unknown,unknown,unknown,unknown,unknown,unknown,unknown,NA,unknown,unknown,NA,NA,NA,unknown,NA,unknown,unknown,unknown,unknown,unknown,NA,7.5,21.4,135,79,19.4,2873.7,3.3,5.8,95.7,206.6,60.3,0,0.5,20.2
4_demultiplex.bc1024--bc1060.hifi_reads,H9,1,sample,5RW.01,5RW.01.07,NA,NA,52.90557,0.561505,2,7,2024,01/01/2024,07/02/2024,183,OSR,NA,spring_barley,NA,sugar_beet,NA,winter_wheat,NA,potato,NA,NA,NA,Common wheat/bread wheat,No,N/A,not_seen,Yes,Yes,No,Yes,Yes,No,Yes,No,No,NA,NA,No,NA,NA,NA,NA,NA,NA,Yes,Yes,Yes,Reduced tillage,NA,7.9,32.8,230,55,9.5,1944.8,3.8,8.3,194.5,149.4,60.8,0,0.9,14.2
4_demultiplex.bc1024--bc1062.hifi_reads,H10,1,sample,5RW.01,5RW.01.15,NA,NA,52.90557,0.561505,2,7,2024,01/01/2024,07/02/2024,183,OSR,NA,spring_barley,NA,sugar_beet,NA,winter_wheat,NA,potato,NA,NA,NA,Common wheat/bread wheat,No,N/A,not_seen,Yes,Yes,No,Yes,Yes,No,Yes,No,No,NA,NA,No,NA,NA,NA,NA,NA,NA,Yes,Yes,Yes,Reduced tillage,NA,7.9,32.8,230,55,9.5,1944.8,3.8,8.3,194.5,149.4,60.8,0,0.9,14.2
4_demultiplex.bc1024--bc1065.hifi_reads,H11,1,sample,9JG.01,9JG.01.02,NA,NA,50.839038,-2.088601,15,7,2024,01/01/2024,15/07/2024,196,OSR,NA,spring_barley,NA,spring_barley,NA,winter_barley,NA,winter_wheat,NA,NA,NA,Common wheat/bread wheat,No,N/A,not_seen,Yes,Yes,Yes,Yes,Yes,No,No,No,Yes,NA,NA,No,NA,NA,NA,NA,NA,Yes,NA,Yes,No,No tillage,NA,8,17.8,85,24,17.8,2286.6,2,5.7,21.9,17.4,29.2,0,0,15.5
4_demultiplex.bc1024--bc1075.hifi_reads,H12,1,internal_control,EMPTY,EMPTY,NA,NA,NA,NA,NA,NA,NA,NA,NA,NA,NA,NA,NA,NA,NA,NA,NA,NA,NA,NA,NA,NA,NA,NA,NA,NA,NA,NA,NA,NA,NA,NA,NA,NA,NA,NA,NA,NA,NA,NA,NA,NA,NA,NA,NA,NA,NA,NA,NA,NA,NA,NA,NA,NA,NA,NA,NA,NA,NA,NA,NA,NA,NA
4_demultiplex.bc1005--bc1076.hifi_reads,A1,1,sample,9JG.01,9JG.01.09,NA,NA,50.839038,-2.088601,15,7,2024,01/01/2024,15/07/2024,196,OSR,NA,spring_barley,NA,spring_barley,NA,winter_barley,NA,winter_wheat,NA,NA,NA,Common wheat/bread wheat,No,N/A,not_seen,Yes,Yes,Yes,Yes,Yes,No,No,No,Yes,NA,NA,No,NA,NA,NA,NA,NA,Yes,NA,Yes,No,No tillage,NA,8,17.8,85,24,17.8,2286.6,2,5.7,21.9,17.4,29.2,0,0,15.5
4_demultiplex.bc1005--bc1082.hifi_reads,A2,1,sample,9JG.01,9JG.01.17,NA,NA,50.839038,-2.088601,15,7,2024,01/01/2024,15/07/2024,196,OSR,NA,spring_barley,NA,spring_barley,NA,winter_barley,NA,winter_wheat,NA,NA,NA,Common wheat/bread wheat,No,N/A,not_seen,Yes,Yes,Yes,Yes,Yes,No,No,No,Yes,NA,NA,No,NA,NA,NA,NA,NA,Yes,NA,Yes,No,No tillage,NA,8,17.8,85,24,17.8,2286.6,2,5.7,21.9,17.4,29.2,0,0,15.5
4_demultiplex.bc1005--bc1083.hifi_reads,A3,1,sample,8HQ.01,8HQ.01.04,NA,NA,53.10016,0.04772,8,8,2024,01/01/2024,08/08/2024,220,group_2,NA,pre_pack,NA,group_2,NA,maize,NA,spring_wheat,NA,NA,NA,Extase; astronomer,No,N/A,not_seen,Yes,Yes,Yes,Yes,Yes,No,No,No,Yes,NA,NA,Yes,NA,NA,NA,Yes,NA,Yes,Yes,Yes,Yes,Reduced tillage,NA,7.7,24.6,251,341,26.5,3925.5,8.8,5.9,63,385.3,66.7,0,0.5,30.5
4_demultiplex.bc1005--bc1089.hifi_reads,A4,1,sample,8HQ.01,8HQ.01.12,NA,NA,53.10016,0.04772,8,8,2024,01/01/2024,08/08/2024,220,group_2,NA,pre_pack,NA,group_2,NA,maize,NA,spring_wheat,NA,NA,NA,Extase; astronomer,No,N/A,not_seen,Yes,Yes,Yes,Yes,Yes,No,No,No,Yes,NA,NA,Yes,NA,NA,NA,Yes,NA,Yes,Yes,Yes,Yes,Reduced tillage,NA,7.7,24.6,251,341,26.5,3925.5,8.8,5.9,63,385.3,66.7,0,0.5,30.5
4_demultiplex.bc1005--bc1096.hifi_reads,A5,1,sample,8HQ.01,8HQ.01.20,NA,NA,53.10016,0.04772,8,8,2024,01/01/2024,08/08/2024,220,group_2,NA,pre_pack,NA,group_2,NA,maize,NA,spring_wheat,NA,NA,NA,Extase; astronomer,No,N/A,not_seen,Yes,Yes,Yes,Yes,Yes,No,No,No,Yes,NA,NA,Yes,NA,NA,NA,Yes,NA,Yes,Yes,Yes,Yes,Reduced tillage,NA,7.7,24.6,251,341,26.5,3925.5,8.8,5.9,63,385.3,66.7,0,0.5,30.5
4_demultiplex.bc1005--bc1098.hifi_reads,A6,1,sample,2AY.01,2AY.01.10,NA,NA,53.17379,-0.37644,7,8,2024,01/01/2024,08/07/2024,219,group_1,NA,oats,vetch,2nd_wheat,NA,group_1,NA,OSR,NA,NA,NA,Crusoe; skyscraper; crusoe,No,N/A,not_seen,Yes,Yes,Yes,Yes,Yes,No,No,No,Yes,NA,NA,Yes,NA,NA,NA,Yes,NA,Yes,Yes,Yes,Yes,Reduced tillage,NA,NA,NA,NA,NA,NA,NA,NA,NA,NA,NA,NA,NA,NA,NA
4_demultiplex.bc1005--bc1100.hifi_reads,A7,1,sample,4EH.01,4EH.01.12,NA,NA,51.893792,-0.825926,24,6,2024,01/01/2024,24/06/2024,175,spring_wheat,NA,spring_beans,NA,winter_wheat,NA,spring_oats,NA,spring_wheat,NA,NA,NA,X days,No,N/A,not_seen,Yes,Yes,No,No,No,Sulfur,No,No,No,Yes,220Kile N/hectare; 20 kilo S/hectare,NA,NA,NA,NA,Yes,30 tons/hectare,NA,Yes,Yes,No,No tillage,NA,7.6,62.4,475,121,17.8,3290.9,3.7,8.2,66.4,239.5,95.4,0,0.3,24.6
4_demultiplex.bc1005--bc1101.hifi_reads,A8,1,sample,9JG.01,9JG.01.06,NA,NA,50.839038,-2.088601,15,7,2024,01/01/2024,15/07/2024,196,OSR,NA,spring_barley,NA,spring_barley,NA,winter_barley,NA,winter_wheat,NA,NA,NA,Common wheat/bread wheat,No,N/A,not_seen,Yes,Yes,Yes,Yes,Yes,No,No,No,Yes,NA,NA,No,NA,NA,NA,NA,NA,Yes,NA,Yes,No,No tillage,NA,8,17.8,85,24,17.8,2286.6,2,5.7,21.9,17.4,29.2,0,0,15.5
4_demultiplex.bc1007--bc1076.hifi_reads,B1,1,sample,9JG.01,9JG.01.10,NA,NA,50.839038,-2.088601,15,7,2024,01/01/2024,15/07/2024,196,OSR,NA,spring_barley,NA,spring_barley,NA,winter_barley,NA,winter_wheat,NA,NA,NA,Common wheat/bread wheat,No,N/A,not_seen,Yes,Yes,Yes,Yes,Yes,No,No,No,Yes,NA,NA,No,NA,NA,NA,NA,NA,Yes,NA,Yes,No,No tillage,NA,8,17.8,85,24,17.8,2286.6,2,5.7,21.9,17.4,29.2,0,0,15.5
4_demultiplex.bc1007--bc1082.hifi_reads,B2,1,sample,9JG.01,9JG.01.18,NA,NA,50.839038,-2.088601,15,7,2024,01/01/2024,15/07/2024,196,OSR,NA,spring_barley,NA,spring_barley,NA,winter_barley,NA,winter_wheat,NA,NA,NA,Common wheat/bread wheat,No,N/A,not_seen,Yes,Yes,Yes,Yes,Yes,No,No,No,Yes,NA,NA,No,NA,NA,NA,NA,NA,Yes,NA,Yes,No,No tillage,NA,8,17.8,85,24,17.8,2286.6,2,5.7,21.9,17.4,29.2,0,0,15.5
4_demultiplex.bc1007--bc1083.hifi_reads,B3,1,sample,8HQ.01,8HQ.01.05,NA,NA,53.10016,0.04772,8,8,2024,01/01/2024,08/08/2024,220,group_2,NA,pre_pack,NA,group_2,NA,maize,NA,spring_wheat,NA,NA,NA,Extase; astronomer,No,N/A,not_seen,Yes,Yes,Yes,Yes,Yes,No,No,No,Yes,NA,NA,Yes,NA,NA,NA,Yes,NA,Yes,Yes,Yes,Yes,Reduced tillage,NA,7.7,24.6,251,341,26.5,3925.5,8.8,5.9,63,385.3,66.7,0,0.5,30.5
4_demultiplex.bc1007--bc1089.hifi_reads,B4,1,sample,8HQ.01,8HQ.01.13,NA,NA,53.10016,0.04772,8,8,2024,01/01/2024,08/08/2024,220,group_2,NA,pre_pack,NA,group_2,NA,maize,NA,spring_wheat,NA,NA,NA,Extase; astronomer,No,N/A,not_seen,Yes,Yes,Yes,Yes,Yes,No,No,No,Yes,NA,NA,Yes,NA,NA,NA,Yes,NA,Yes,Yes,Yes,Yes,Reduced tillage,NA,7.7,24.6,251,341,26.5,3925.5,8.8,5.9,63,385.3,66.7,0,0.5,30.5
4_demultiplex.bc1007--bc1096.hifi_reads,B5,1,farmer_kit,8HQ.01,8HQ.1.229.FK,229,SFK,53.10016,0.04772,8,8,2024,01/01/2024,08/08/2024,220,group_2,NA,pre_pack,NA,group_2,NA,maize,NA,spring_wheat,NA,NA,NA,Extase; astronomer,No,N/A,not_seen,Yes,Yes,Yes,Yes,Yes,No,No,No,Yes,NA,NA,Yes,NA,NA,NA,Yes,NA,Yes,Yes,Yes,Yes,Reduced tillage,NA,7.7,24.6,251,341,26.5,3925.5,8.8,5.9,63,385.3,66.7,0,0.5,30.5
4_demultiplex.bc1007--bc1098.hifi_reads,B6,1,sample,4LQ.02,4LQ.02.14,NA,NA,51.22593,1.22016,20,8,2024,01/01/2024,20/08/2024,232,winter_wheat,NA,winter_oats,NA,winter_wheat,NA,winter_wheat,NA,winter_beans,NA,NA,NA,Common wheat/bread wheat; Heritage wheat,No,N/A,not_seen,Yes,Yes,Yes,Yes,Yes,No,Yes,No,No,NA,NA,Yes,NA,NA,NA,NA,Every three years,Yes,NA,NA,No,No tillage,NA,8,71.6,294,46,12.4,2659,6,9.9,97.1,113.9,44.8,0,0.5,18.9
4_demultiplex.bc1007--bc1100.hifi_reads,B7,1,sample,4EH.01,4EH.01.13,NA,NA,51.893792,-0.825926,24,6,2024,01/01/2024,24/06/2024,175,spring_wheat,NA,spring_beans,NA,winter_wheat,NA,spring_oats,NA,spring_wheat,NA,NA,NA,X days,No,N/A,not_seen,Yes,Yes,No,No,No,Sulfur,No,No,No,Yes,220Kile N/hectare; 20 kilo S/hectare,NA,NA,NA,NA,Yes,30 tons/hectare,NA,Yes,Yes,No,No tillage,NA,7.6,62.4,475,121,17.8,3290.9,3.7,8.2,66.4,239.5,95.4,0,0.3,24.6
4_demultiplex.bc1007--bc1101.hifi_reads,B8,1,sample,9JG.01,9JG.01.07,NA,NA,50.839038,-2.088601,15,7,2024,01/01/2024,15/07/2024,196,OSR,NA,spring_barley,NA,spring_barley,NA,winter_barley,NA,winter_wheat,NA,NA,NA,Common wheat/bread wheat,No,N/A,not_seen,Yes,Yes,Yes,Yes,Yes,No,No,No,Yes,NA,NA,No,NA,NA,NA,NA,NA,Yes,NA,Yes,No,No tillage,NA,8,17.8,85,24,17.8,2286.6,2,5.7,21.9,17.4,29.2,0,0,15.5
4_demultiplex.bc1008--bc1076.hifi_reads,C1,1,sample,9JG.01,9JG.01.11,NA,NA,50.839038,-2.088601,15,7,2024,01/01/2024,15/07/2024,196,OSR,NA,spring_barley,NA,spring_barley,NA,winter_barley,NA,winter_wheat,NA,NA,NA,Common wheat/bread wheat,No,N/A,not_seen,Yes,Yes,Yes,Yes,Yes,No,No,No,Yes,NA,NA,No,NA,NA,NA,NA,NA,Yes,NA,Yes,No,No tillage,NA,8,17.8,85,24,17.8,2286.6,2,5.7,21.9,17.4,29.2,0,0,15.5
4_demultiplex.bc1008--bc1082.hifi_reads,C2,1,sample,9JG.01,9JG.01.19,NA,NA,50.839038,-2.088601,15,7,2024,01/01/2024,15/07/2024,196,OSR,NA,spring_barley,NA,spring_barley,NA,winter_barley,NA,winter_wheat,NA,NA,NA,Common wheat/bread wheat,No,N/A,not_seen,Yes,Yes,Yes,Yes,Yes,No,No,No,Yes,NA,NA,No,NA,NA,NA,NA,NA,Yes,NA,Yes,No,No tillage,NA,8,17.8,85,24,17.8,2286.6,2,5.7,21.9,17.4,29.2,0,0,15.5
4_demultiplex.bc1008--bc1083.hifi_reads,C3,1,sample,8HQ.01,8HQ.01.06,NA,NA,53.10016,0.04772,8,8,2024,01/01/2024,08/08/2024,220,group_2,NA,pre_pack,NA,group_2,NA,maize,NA,spring_wheat,NA,NA,NA,Extase; astronomer,No,N/A,not_seen,Yes,Yes,Yes,Yes,Yes,No,No,No,Yes,NA,NA,Yes,NA,NA,NA,Yes,NA,Yes,Yes,Yes,Yes,Reduced tillage,NA,7.7,24.6,251,341,26.5,3925.5,8.8,5.9,63,385.3,66.7,0,0.5,30.5
4_demultiplex.bc1008--bc1089.hifi_reads,C4,1,sample,8HQ.01,8HQ.01.14,NA,NA,53.10016,0.04772,8,8,2024,01/01/2024,08/08/2024,220,group_2,NA,pre_pack,NA,group_2,NA,maize,NA,spring_wheat,NA,NA,NA,Extase; astronomer,No,N/A,not_seen,Yes,Yes,Yes,Yes,Yes,No,No,No,Yes,NA,NA,Yes,NA,NA,NA,Yes,NA,Yes,Yes,Yes,Yes,Reduced tillage,NA,7.7,24.6,251,341,26.5,3925.5,8.8,5.9,63,385.3,66.7,0,0.5,30.5
4_demultiplex.bc1008--bc1096.hifi_reads,C5,1,farmer_kit,0JL.02,0JL.2.127.FK,127,FFK,53.364007,-0.32783013,27,8,2024,01/01/2024,27/08/2024,239,winter_wheat,NA,winter_wheat,NA,spring_barley,NA,oilseed_rape,NA,winter_wheat,NA,NA,NA,Common wheat/bread wheat,No,N/A,not_seen,Yes,Yes,Yes,Yes,Yes,No,No,No,No,NA,"Nitrogen- March, April, May; Phosphate-March; Potassium-April",No,NA,NA,NA,NA,NA,NA,Yes,Yes,Yes,Reduced tillage,NA,7.1,15,282,99,13.6,3093.6,3.7,2,73.2,172.7,40.9,0,1.1,22.3
4_demultiplex.bc1008--bc1098.hifi_reads,C6,1,sample,4LQ.02,4LQ.02.15,NA,NA,51.22593,1.22016,20,8,2024,01/01/2024,20/08/2024,232,winter_wheat,NA,winter_oats,NA,winter_wheat,NA,winter_wheat,NA,winter_beans,NA,NA,NA,Common wheat/bread wheat; Heritage wheat,No,N/A,not_seen,Yes,Yes,Yes,Yes,Yes,No,Yes,No,No,NA,NA,Yes,NA,NA,NA,NA,Every three years,Yes,NA,NA,No,No tillage,NA,8,71.6,294,46,12.4,2659,6,9.9,97.1,113.9,44.8,0,0.5,18.9
4_demultiplex.bc1008--bc1100.hifi_reads,C7,1,sample,2AY.02,2AY.02.08,NA,NA,53.17083,-0.3737,7,8,2024,01/01/2024,08/07/2024,219,group_1,NA,oats,vetch,2nd_wheat,NA,group_1,NA,OSR,NA,NA,NA,Crusoe; skyscraper; crusoe,No,N/A,not_seen,Yes,Yes,Yes,Yes,Yes,No,No,No,Yes,NA,NA,Yes,NA,NA,NA,Yes,NA,Yes,Yes,Yes,Yes,Reduced tillage,NA,7.3,14.8,307,270,15.9,3857.9,5.7,5.6,60.6,412.8,94.3,0,0.4,29.4
4_demultiplex.bc1008--bc1101.hifi_reads,C8,1,sample,9JG.01,9JG.01.08,NA,NA,50.839038,-2.088601,15,7,2024,01/01/2024,15/07/2024,196,OSR,NA,spring_barley,NA,spring_barley,NA,winter_barley,NA,winter_wheat,NA,NA,NA,Common wheat/bread wheat,No,N/A,not_seen,Yes,Yes,Yes,Yes,Yes,No,No,No,Yes,NA,NA,No,NA,NA,NA,NA,NA,Yes,NA,Yes,No,No tillage,NA,8,17.8,85,24,17.8,2286.6,2,5.7,21.9,17.4,29.2,0,0,15.5
4_demultiplex.bc1012--bc1076.hifi_reads,D1,1,sample,9JG.01,9JG.01.12,NA,NA,50.839038,-2.088601,15,7,2024,01/01/2024,15/07/2024,196,OSR,NA,spring_barley,NA,spring_barley,NA,winter_barley,NA,winter_wheat,NA,NA,NA,Common wheat/bread wheat,No,N/A,not_seen,Yes,Yes,Yes,Yes,Yes,No,No,No,Yes,NA,NA,No,NA,NA,NA,NA,NA,Yes,NA,Yes,No,No tillage,NA,8,17.8,85,24,17.8,2286.6,2,5.7,21.9,17.4,29.2,0,0,15.5
4_demultiplex.bc1012--bc1082.hifi_reads,D2,1,sample,9JG.01,9JG.01.20,NA,NA,50.839038,-2.088601,15,7,2024,01/01/2024,15/07/2024,196,OSR,NA,spring_barley,NA,spring_barley,NA,winter_barley,NA,winter_wheat,NA,NA,NA,Common wheat/bread wheat,No,N/A,not_seen,Yes,Yes,Yes,Yes,Yes,No,No,No,Yes,NA,NA,No,NA,NA,NA,NA,NA,Yes,NA,Yes,No,No tillage,NA,8,17.8,85,24,17.8,2286.6,2,5.7,21.9,17.4,29.2,0,0,15.5
4_demultiplex.bc1012--bc1083.hifi_reads,D3,1,sample,8HQ.01,8HQ.01.07,NA,NA,53.10016,0.04772,8,8,2024,01/01/2024,08/08/2024,220,group_2,NA,pre_pack,NA,group_2,NA,maize,NA,spring_wheat,NA,NA,NA,Extase; astronomer,No,N/A,not_seen,Yes,Yes,Yes,Yes,Yes,No,No,No,Yes,NA,NA,Yes,NA,NA,NA,Yes,NA,Yes,Yes,Yes,Yes,Reduced tillage,NA,7.7,24.6,251,341,26.5,3925.5,8.8,5.9,63,385.3,66.7,0,0.5,30.5
4_demultiplex.bc1012--bc1089.hifi_reads,D4,1,sample,8HQ.01,8HQ.01.15,NA,NA,53.10016,0.04772,8,8,2024,01/01/2024,08/08/2024,220,group_2,NA,pre_pack,NA,group_2,NA,maize,NA,spring_wheat,NA,NA,NA,Extase; astronomer,No,N/A,not_seen,Yes,Yes,Yes,Yes,Yes,No,No,No,Yes,NA,NA,Yes,NA,NA,NA,Yes,NA,Yes,Yes,Yes,Yes,Reduced tillage,NA,7.7,24.6,251,341,26.5,3925.5,8.8,5.9,63,385.3,66.7,0,0.5,30.5
4_demultiplex.bc1012--bc1096.hifi_reads,D5,1,farmer_kit,0JL.01,0JL.1.128.FK,128,FFK,53.288624,-0.33077522,27,8,2024,01/01/2024,27/08/2024,239,winter_wheat,NA,spring_barley,NA,spring_barley,NA,spring_barley,NA,oilseed_rape,NA,NA,NA,Common wheat/bread wheat,No,N/A,not_seen,Yes,Yes,Yes,Yes,Yes,No,No,No,No,NA,"Nitrogen- March, April, May; Phosphate-March; Potassium-April",No,NA,NA,NA,NA,NA,NA,Yes,Yes,Yes,Reduced tillage,NA,7.3,31,285,104,15.7,2774.4,3.1,3.8,99.3,190.1,43.9,0,1.2,20.3
4_demultiplex.bc1012--bc1098.hifi_reads,D6,1,sample,4LQ.02,4LQ.02.16,NA,NA,51.22593,1.22016,20,8,2024,01/01/2024,20/08/2024,232,winter_wheat,NA,winter_oats,NA,winter_wheat,NA,winter_wheat,NA,winter_beans,NA,NA,NA,Common wheat/bread wheat; Heritage wheat,No,N/A,not_seen,Yes,Yes,Yes,Yes,Yes,No,Yes,No,No,NA,NA,Yes,NA,NA,NA,NA,Every three years,Yes,NA,NA,No,No tillage,NA,8,71.6,294,46,12.4,2659,6,9.9,97.1,113.9,44.8,0,0.5,18.9
4_demultiplex.bc1012--bc1100.hifi_reads,D7,1,sample,2AY.02,2AY.02.09,NA,NA,53.17083,-0.3737,7,8,2024,01/01/2024,08/07/2024,219,group_1,NA,oats,vetch,2nd_wheat,NA,group_1,NA,OSR,NA,NA,NA,Crusoe; skyscraper; crusoe,No,N/A,not_seen,Yes,Yes,Yes,Yes,Yes,No,No,No,Yes,NA,NA,Yes,NA,NA,NA,Yes,NA,Yes,Yes,Yes,Yes,Reduced tillage,NA,7.3,14.8,307,270,15.9,3857.9,5.7,5.6,60.6,412.8,94.3,0,0.4,29.4
4_demultiplex.bc1012--bc1101.hifi_reads,D8,1,gt_control,S1,S1,NA,NA,NA,NA,NA,NA,NA,NA,NA,NA,NA,NA,NA,NA,NA,NA,NA,NA,NA,NA,NA,NA,NA,NA,NA,NA,NA,NA,NA,NA,NA,NA,NA,NA,NA,NA,NA,NA,NA,NA,NA,NA,NA,NA,NA,NA,NA,NA,NA,NA,NA,NA,NA,NA,NA,NA,NA,NA,NA,NA,NA,NA,NA
4_demultiplex.bc1015--bc1076.hifi_reads,E1,1,sample,9JG.01,9JG.01.13,NA,NA,50.839038,-2.088601,15,7,2024,01/01/2024,15/07/2024,196,OSR,NA,spring_barley,NA,spring_barley,NA,winter_barley,NA,winter_wheat,NA,NA,NA,Common wheat/bread wheat,No,N/A,not_seen,Yes,Yes,Yes,Yes,Yes,No,No,No,Yes,NA,NA,No,NA,NA,NA,NA,NA,Yes,NA,Yes,No,No tillage,NA,8,17.8,85,24,17.8,2286.6,2,5.7,21.9,17.4,29.2,0,0,15.5
4_demultiplex.bc1015--bc1082.hifi_reads,E2,1,farmer_kit,9JG.01,9JG.1.235.FK,235,SFK,50.839038,-2.088601,15,7,2024,01/01/2024,15/07/2024,196,OSR,NA,spring_barley,NA,spring_barley,NA,winter_barley,NA,winter_wheat,NA,NA,NA,Common wheat/bread wheat,No,N/A,not_seen,Yes,Yes,Yes,Yes,Yes,No,No,No,Yes,NA,NA,No,NA,NA,NA,NA,NA,Yes,NA,Yes,No,No tillage,NA,8,17.8,85,24,17.8,2286.6,2,5.7,21.9,17.4,29.2,0,0,15.5
4_demultiplex.bc1015--bc1083.hifi_reads,E3,1,sample,8HQ.01,8HQ.01.08,NA,NA,53.10016,0.04772,8,8,2024,01/01/2024,08/08/2024,220,group_2,NA,pre_pack,NA,group_2,NA,maize,NA,spring_wheat,NA,NA,NA,Extase; astronomer,No,N/A,not_seen,Yes,Yes,Yes,Yes,Yes,No,No,No,Yes,NA,NA,Yes,NA,NA,NA,Yes,NA,Yes,Yes,Yes,Yes,Reduced tillage,NA,7.7,24.6,251,341,26.5,3925.5,8.8,5.9,63,385.3,66.7,0,0.5,30.5
4_demultiplex.bc1015--bc1089.hifi_reads,E4,1,sample,8HQ.01,8HQ.01.16,NA,NA,53.10016,0.04772,8,8,2024,01/01/2024,08/08/2024,220,group_2,NA,pre_pack,NA,group_2,NA,maize,NA,spring_wheat,NA,NA,NA,Extase; astronomer,No,N/A,not_seen,Yes,Yes,Yes,Yes,Yes,No,No,No,Yes,NA,NA,Yes,NA,NA,NA,Yes,NA,Yes,Yes,Yes,Yes,Reduced tillage,NA,7.7,24.6,251,341,26.5,3925.5,8.8,5.9,63,385.3,66.7,0,0.5,30.5
4_demultiplex.bc1015--bc1096.hifi_reads,E5,1,farmer_kit,0LD.01,0LD.1.129.FK,129,FFK,53.172041,-0.3064277,27,8,2024,01/01/2024,27/08/2024,239,winter_wheat,NA,winter_wheat,NA,oilseed_rape,NA,winter_barley,NA,winter_wheat,NA,NA,NA,Common wheat/bread wheat,No,N/A,not_seen,Yes,Yes,Yes,Yes,Yes,No,No,No,No,NA,"Nitrogen- March, April, May; Phosphate-March; Potassium-April",No,NA,NA,NA,NA,NA,NA,Yes,Yes,Yes,Reduced tillage,NA,6.7,20.2,195,155,23.5,4158.3,2.5,2.7,17.1,396.3,93.5,0.3,0,30.7
4_demultiplex.bc1015--bc1098.hifi_reads,E6,1,sample,6LP.01,6LP.01.02,NA,NA,52.284838,-2.328044,26,6,2024,01/01/2024,26/06/2024,177,wheat,NA,salad_onions,NA,winter_wheat,NA,pak_choi,NA,french_Beans,NA,NA,NA,Common wheat/bread wheat,Yes,Bleaching/discolouration,NA,Yes,Yes,No,Yes,No,Sulphur,No,No,Yes,NA,NA,Yes,NA,NA,NA,NA,When required,Yes,Yes,Yes,Yes,Reduced tillage,NA,7,48,240,64,6.9,1734.2,3.6,7.7,101.5,306.5,94.9,0,0.5,13
4_demultiplex.bc1015--bc1100.hifi_reads,E7,1,sample,2AY.02,2AY.02.10,NA,NA,53.17083,-0.3737,7,8,2024,01/01/2024,08/07/2024,219,group_1,NA,oats,vetch,2nd_wheat,NA,group_1,NA,OSR,NA,NA,NA,Crusoe; skyscraper; crusoe,No,N/A,not_seen,Yes,Yes,Yes,Yes,Yes,No,No,No,Yes,NA,NA,Yes,NA,NA,NA,Yes,NA,Yes,Yes,Yes,Yes,Reduced tillage,NA,7.3,14.8,307,270,15.9,3857.9,5.7,5.6,60.6,412.8,94.3,0,0.4,29.4
4_demultiplex.bc1015--bc1101.hifi_reads,E8,1,gt_control,S2,S2,NA,NA,NA,NA,NA,NA,NA,NA,NA,NA,NA,NA,NA,NA,NA,NA,NA,NA,NA,NA,NA,NA,NA,NA,NA,NA,NA,NA,NA,NA,NA,NA,NA,NA,NA,NA,NA,NA,NA,NA,NA,NA,NA,NA,NA,NA,NA,NA,NA,NA,NA,NA,NA,NA,NA,NA,NA,NA,NA,NA,NA,NA,NA
4_demultiplex.bc1020--bc1076.hifi_reads,F1,1,sample,9JG.01,9JG.01.14,NA,NA,50.839038,-2.088601,15,7,2024,01/01/2024,15/07/2024,196,OSR,NA,spring_barley,NA,spring_barley,NA,winter_barley,NA,winter_wheat,NA,NA,NA,Common wheat/bread wheat,No,N/A,not_seen,Yes,Yes,Yes,Yes,Yes,No,No,No,Yes,NA,NA,No,NA,NA,NA,NA,NA,Yes,NA,Yes,No,No tillage,NA,8,17.8,85,24,17.8,2286.6,2,5.7,21.9,17.4,29.2,0,0,15.5
4_demultiplex.bc1020--bc1082.hifi_reads,F2,1,sample,8HQ.01,8HQ.01.01,NA,NA,53.10016,0.04772,8,8,2024,01/01/2024,08/08/2024,220,group_2,NA,pre_pack,NA,group_2,NA,maize,NA,spring_wheat,NA,NA,NA,Extase; astronomer,No,N/A,not_seen,Yes,Yes,Yes,Yes,Yes,No,No,No,Yes,NA,NA,Yes,NA,NA,NA,Yes,NA,Yes,Yes,Yes,Yes,Reduced tillage,NA,7.7,24.6,251,341,26.5,3925.5,8.8,5.9,63,385.3,66.7,0,0.5,30.5
4_demultiplex.bc1020--bc1083.hifi_reads,F3,1,sample,8HQ.01,8HQ.01.09,NA,NA,53.10016,0.04772,8,8,2024,01/01/2024,08/08/2024,220,group_2,NA,pre_pack,NA,group_2,NA,maize,NA,spring_wheat,NA,NA,NA,Extase; astronomer,No,N/A,not_seen,Yes,Yes,Yes,Yes,Yes,No,No,No,Yes,NA,NA,Yes,NA,NA,NA,Yes,NA,Yes,Yes,Yes,Yes,Reduced tillage,NA,7.7,24.6,251,341,26.5,3925.5,8.8,5.9,63,385.3,66.7,0,0.5,30.5
4_demultiplex.bc1020--bc1089.hifi_reads,F4,1,sample,8HQ.01,8HQ.01.17,NA,NA,53.10016,0.04772,8,8,2024,01/01/2024,08/08/2024,220,group_2,NA,pre_pack,NA,group_2,NA,maize,NA,spring_wheat,NA,NA,NA,Extase; astronomer,No,N/A,not_seen,Yes,Yes,Yes,Yes,Yes,No,No,No,Yes,NA,NA,Yes,NA,NA,NA,Yes,NA,Yes,Yes,Yes,Yes,Reduced tillage,NA,7.7,24.6,251,341,26.5,3925.5,8.8,5.9,63,385.3,66.7,0,0.5,30.5
4_demultiplex.bc1020--bc1096.hifi_reads,F5,1,farmer_kit,5NQ.01,5NQ.1.247.FK,247,SFK,52.865968,-2.79264,27,6,2024,01/01/2024,27/08/2024,239,winter_wheat,sp_barley,winter_wheat,NA,spring_beans,NA,winter_wheat,NA,winter_wheat,NA,NA,NA,Common wheat/bread wheat,No,N/A,not_seen,Yes,Yes,No,No,Yes,No,No,Yes,No,NA,NA,Yes,NA,NA,NA,Yes,NA,NA,Yes,Yes,No,No tillage,NA,6.2,31.1,188,103.5,11.3,1725.7,3.4,5.4,58,364.4,68.1,0,0.4,16
4_demultiplex.bc1020--bc1098.hifi_reads,F6,1,sample,6LP.01,6LP.01.03,NA,NA,52.284838,-2.328044,26,6,2024,01/01/2024,26/06/2024,177,wheat,NA,salad_onions,NA,winter_wheat,NA,pak_choi,NA,french_Beans,NA,NA,NA,Common wheat/bread wheat,Yes,Bleaching/discolouration,NA,Yes,Yes,No,Yes,No,Sulphur,No,No,Yes,NA,NA,Yes,NA,NA,NA,NA,When required,Yes,Yes,Yes,Yes,Reduced tillage,NA,7,48,240,64,6.9,1734.2,3.6,7.7,101.5,306.5,94.9,0,0.5,13
4_demultiplex.bc1020--bc1100.hifi_reads,F7,1,sample,4EH.02,4EH.02.16,NA,NA,51.883353,-0.82113,24,6,2024,01/01/2024,24/06/2024,175,winter_wheat,NA,spring_beans,NA,winter_wheat,NA,spring_oats,NA,spring_oats,NA,NA,NA,X days,No,N/A,not_seen,Yes,Yes,No,No,No,Sulfur,No,No,No,NA,NA,NA,NA,NA,NA,NA,NA,NA,Yes,Yes,No,No tillage,NA,7.7,67.6,659,112,21.5,2856.1,3,7.2,37.2,227.3,82.8,0,0.2,22.3
4_demultiplex.bc1020--bc1101.hifi_reads,F8,1,gt_control,S3,S3,NA,NA,NA,NA,NA,NA,NA,NA,NA,NA,NA,NA,NA,NA,NA,NA,NA,NA,NA,NA,NA,NA,NA,NA,NA,NA,NA,NA,NA,NA,NA,NA,NA,NA,NA,NA,NA,NA,NA,NA,NA,NA,NA,NA,NA,NA,NA,NA,NA,NA,NA,NA,NA,NA,NA,NA,NA,NA,NA,NA,NA,NA,NA
4_demultiplex.bc1022--bc1076.hifi_reads,G1,1,sample,9JG.01,9JG.01.15,NA,NA,50.839038,-2.088601,15,7,2024,01/01/2024,15/07/2024,196,OSR,NA,spring_barley,NA,spring_barley,NA,winter_barley,NA,winter_wheat,NA,NA,NA,Common wheat/bread wheat,No,N/A,not_seen,Yes,Yes,Yes,Yes,Yes,No,No,No,Yes,NA,NA,No,NA,NA,NA,NA,NA,Yes,NA,Yes,No,No tillage,NA,8,17.8,85,24,17.8,2286.6,2,5.7,21.9,17.4,29.2,0,0,15.5
4_demultiplex.bc1022--bc1082.hifi_reads,G2,1,sample,8HQ.01,8HQ.01.02,NA,NA,53.10016,0.04772,8,8,2024,01/01/2024,08/08/2024,220,group_2,NA,pre_pack,NA,group_2,NA,maize,NA,spring_wheat,NA,NA,NA,Extase; astronomer,No,N/A,not_seen,Yes,Yes,Yes,Yes,Yes,No,No,No,Yes,NA,NA,Yes,NA,NA,NA,Yes,NA,Yes,Yes,Yes,Yes,Reduced tillage,NA,7.7,24.6,251,341,26.5,3925.5,8.8,5.9,63,385.3,66.7,0,0.5,30.5
4_demultiplex.bc1022--bc1083.hifi_reads,G3,1,sample,8HQ.01,8HQ.01.10,NA,NA,53.10016,0.04772,8,8,2024,01/01/2024,08/08/2024,220,group_2,NA,pre_pack,NA,group_2,NA,maize,NA,spring_wheat,NA,NA,NA,Extase; astronomer,No,N/A,not_seen,Yes,Yes,Yes,Yes,Yes,No,No,No,Yes,NA,NA,Yes,NA,NA,NA,Yes,NA,Yes,Yes,Yes,Yes,Reduced tillage,NA,7.7,24.6,251,341,26.5,3925.5,8.8,5.9,63,385.3,66.7,0,0.5,30.5
4_demultiplex.bc1022--bc1089.hifi_reads,G4,1,sample,8HQ.01,8HQ.01.18,NA,NA,53.10016,0.04772,8,8,2024,01/01/2024,08/08/2024,220,group_2,NA,pre_pack,NA,group_2,NA,maize,NA,spring_wheat,NA,NA,NA,Extase; astronomer,No,N/A,not_seen,Yes,Yes,Yes,Yes,Yes,No,No,No,Yes,NA,NA,Yes,NA,NA,NA,Yes,NA,Yes,Yes,Yes,Yes,Reduced tillage,NA,7.7,24.6,251,341,26.5,3925.5,8.8,5.9,63,385.3,66.7,0,0.5,30.5
4_demultiplex.bc1022--bc1096.hifi_reads,G5,1,sample,2AY.01,2AY.01.08,NA,NA,53.17379,-0.37644,7,8,2024,01/01/2024,08/07/2024,219,group_1,NA,oats,vetch,2nd_wheat,NA,group_1,NA,OSR,NA,NA,NA,Crusoe; skyscraper; crusoe,No,N/A,not_seen,Yes,Yes,Yes,Yes,Yes,No,No,No,Yes,NA,NA,Yes,NA,NA,NA,Yes,NA,Yes,Yes,Yes,Yes,Reduced tillage,NA,NA,NA,NA,NA,NA,NA,NA,NA,NA,NA,NA,NA,NA,NA
4_demultiplex.bc1022--bc1098.hifi_reads,G6,1,sample,6LP.01,6LP.01.04,NA,NA,52.284838,-2.328044,26,6,2024,01/01/2024,26/06/2024,177,wheat,NA,salad_onions,NA,winter_wheat,NA,pak_choi,NA,french_Beans,NA,NA,NA,Common wheat/bread wheat,Yes,Bleaching/discolouration,NA,Yes,Yes,No,Yes,No,Sulphur,No,No,Yes,NA,NA,Yes,NA,NA,NA,NA,When required,Yes,Yes,Yes,Yes,Reduced tillage,NA,7,48,240,64,6.9,1734.2,3.6,7.7,101.5,306.5,94.9,0,0.5,13
4_demultiplex.bc1022--bc1100.hifi_reads,G7,1,sample,4EH.02,4EH.02.17,NA,NA,51.883353,-0.82113,24,6,2024,01/01/2024,24/06/2024,175,winter_wheat,NA,spring_beans,NA,winter_wheat,NA,spring_oats,NA,spring_oats,NA,NA,NA,X days,No,N/A,not_seen,Yes,Yes,No,No,No,Sulfur,No,No,No,NA,NA,NA,NA,NA,NA,NA,NA,NA,Yes,Yes,No,No tillage,NA,7.7,67.6,659,112,21.5,2856.1,3,7.2,37.2,227.3,82.8,0,0.2,22.3
4_demultiplex.bc1022--bc1101.hifi_reads,G8,1,internal_control,NA,NA,NA,NA,NA,NA,NA,NA,NA,NA,NA,NA,NA,NA,NA,NA,NA,NA,NA,NA,NA,NA,NA,NA,NA,NA,NA,NA,NA,NA,NA,NA,NA,NA,NA,NA,NA,NA,NA,NA,NA,NA,NA,NA,NA,NA,NA,NA,NA,NA,NA,NA,NA,NA,NA,NA,NA,NA,NA,NA,NA,NA,NA,NA,NA
4_demultiplex.bc1024--bc1076.hifi_reads,H1,1,sample,9JG.01,9JG.01.16,NA,NA,50.839038,-2.088601,15,7,2024,01/01/2024,15/07/2024,196,OSR,NA,spring_barley,NA,spring_barley,NA,winter_barley,NA,winter_wheat,NA,NA,NA,Common wheat/bread wheat,No,N/A,not_seen,Yes,Yes,Yes,Yes,Yes,No,No,No,Yes,NA,NA,No,NA,NA,NA,NA,NA,Yes,NA,Yes,No,No tillage,NA,8,17.8,85,24,17.8,2286.6,2,5.7,21.9,17.4,29.2,0,0,15.5
4_demultiplex.bc1024--bc1082.hifi_reads,H2,1,sample,8HQ.01,8HQ.01.03,NA,NA,53.10016,0.04772,8,8,2024,01/01/2024,08/08/2024,220,group_2,NA,pre_pack,NA,group_2,NA,maize,NA,spring_wheat,NA,NA,NA,Extase; astronomer,No,N/A,not_seen,Yes,Yes,Yes,Yes,Yes,No,No,No,Yes,NA,NA,Yes,NA,NA,NA,Yes,NA,Yes,Yes,Yes,Yes,Reduced tillage,NA,7.7,24.6,251,341,26.5,3925.5,8.8,5.9,63,385.3,66.7,0,0.5,30.5
4_demultiplex.bc1024--bc1083.hifi_reads,H3,1,sample,8HQ.01,8HQ.01.11,NA,NA,53.10016,0.04772,8,8,2024,01/01/2024,08/08/2024,220,group_2,NA,pre_pack,NA,group_2,NA,maize,NA,spring_wheat,NA,NA,NA,Extase; astronomer,No,N/A,not_seen,Yes,Yes,Yes,Yes,Yes,No,No,No,Yes,NA,NA,Yes,NA,NA,NA,Yes,NA,Yes,Yes,Yes,Yes,Reduced tillage,NA,7.7,24.6,251,341,26.5,3925.5,8.8,5.9,63,385.3,66.7,0,0.5,30.5
4_demultiplex.bc1024--bc1089.hifi_reads,H4,1,sample,8HQ.01,8HQ.01.19,NA,NA,53.10016,0.04772,8,8,2024,01/01/2024,08/08/2024,220,group_2,NA,pre_pack,NA,group_2,NA,maize,NA,spring_wheat,NA,NA,NA,Extase; astronomer,No,N/A,not_seen,Yes,Yes,Yes,Yes,Yes,No,No,No,Yes,NA,NA,Yes,NA,NA,NA,Yes,NA,Yes,Yes,Yes,Yes,Reduced tillage,NA,7.7,24.6,251,341,26.5,3925.5,8.8,5.9,63,385.3,66.7,0,0.5,30.5
4_demultiplex.bc1024--bc1096.hifi_reads,H5,1,sample,2AY.01,2AY.01.09,NA,NA,53.17379,-0.37644,7,8,2024,01/01/2024,08/07/2024,219,group_1,NA,oats,vetch,2nd_wheat,NA,group_1,NA,OSR,NA,NA,NA,Crusoe; skyscraper; crusoe,No,N/A,not_seen,Yes,Yes,Yes,Yes,Yes,No,No,No,Yes,NA,NA,Yes,NA,NA,NA,Yes,NA,Yes,Yes,Yes,Yes,Reduced tillage,NA,NA,NA,NA,NA,NA,NA,NA,NA,NA,NA,NA,NA,NA,NA
4_demultiplex.bc1024--bc1098.hifi_reads,H6,1,sample,4EH.01,4EH.01.11,NA,NA,51.893792,-0.825926,24,6,2024,01/01/2024,24/06/2024,175,spring_wheat,NA,spring_beans,NA,winter_wheat,NA,spring_oats,NA,spring_wheat,NA,NA,NA,X days,No,N/A,not_seen,Yes,Yes,No,No,No,Sulfur,No,No,No,Yes,220Kile N/hectare; 20 kilo S/hectare,NA,NA,NA,NA,Yes,30 tons/hectare,NA,Yes,Yes,No,No tillage,NA,7.6,62.4,475,121,17.8,3290.9,3.7,8.2,66.4,239.5,95.4,0,0.3,24.6
4_demultiplex.bc1024--bc1100.hifi_reads,H7,1,sample,4EH.02,4EH.02.18,NA,NA,51.883353,-0.82113,24,6,2024,01/01/2024,24/06/2024,175,winter_wheat,NA,spring_beans,NA,winter_wheat,NA,spring_oats,NA,spring_oats,NA,NA,NA,X days,No,N/A,not_seen,Yes,Yes,No,No,No,Sulfur,No,No,No,NA,NA,NA,NA,NA,NA,NA,NA,NA,Yes,Yes,No,No tillage,NA,7.7,67.6,659,112,21.5,2856.1,3,7.2,37.2,227.3,82.8,0,0.2,22.3
4_demultiplex.bc1024--bc1101.hifi_reads,H8,1,internal_control,NA,NA,NA,NA,NA,NA,NA,NA,NA,NA,NA,NA,NA,NA,NA,NA,NA,NA,NA,NA,NA,NA,NA,NA,NA,NA,NA,NA,NA,NA,NA,NA,NA,NA,NA,NA,NA,NA,NA,NA,NA,NA,NA,NA,NA,NA,NA,NA,NA,NA,NA,NA,NA,NA,NA,NA,NA,NA,NA,NA,NA,NA,NA,NA,NA
5_demultiplex.bc1005--bc1035.hifi_reads,A2,2,sample,8JF.03,8JF.03.08,NA,NA,53.8375,-0.513111,4,2,2025,01/01/2024,02/04/2025,400,wheat,NA,wheat,NA,Peas,NA,wheat,NA,wheat,NA,OSR,NA,NA,Yes,Black lesions,Five years or more,Yes,Yes,Yes,Yes,Mg,Sulphur,No,No,No,NA,N 3x spring,Yes,NA,NA,NA,NA,Every 4 yrs,No,Yes,Yes,Yes,Reduced tillage,NA,7.8,21.6,214,52,24.4,2704.9,4.9,7.1,167.1,134.7,38.9,0,0.9,19.1
5_demultiplex.bc1005--bc1044.hifi_reads,A3,2,sample,8JF.03,8JF.03.16,NA,NA,53.8375,-0.513111,4,2,2025,01/01/2024,02/04/2025,400,wheat,NA,wheat,NA,Peas,NA,wheat,NA,wheat,NA,OSR,NA,NA,Yes,Black lesions,Five years or more,Yes,Yes,Yes,Yes,Mg,Sulphur,No,No,No,NA,N 3x spring,Yes,NA,NA,NA,NA,Every 4 yrs,No,Yes,Yes,Yes,Reduced tillage,NA,7.8,21.6,214,52,24.4,2704.9,4.9,7.1,167.1,134.7,38.9,0,0.9,19.1
5_demultiplex.bc1005--bc1045.hifi_reads,A4,2,sample,6DA.02,6DA.02.03,NA,NA,51.12525,-1.444222,12,2,2025,01/01/2024,02/12/2025,408,winter_wheat,NA,herbal_ ley,NA,herbal_ley,NA,herbal_ley,NA,lucerne,NA,lucerne,NA,cv Soissons,No,N/A,not_seen,Yes,Yes,Yes,Yes,No,No,No,No,No,NA,NA,NA,NA,NA,NA,NA,NA,NA,NA,NA,Yes,Direct drilling,NA,7.7,59,392,125,22.6,2871.7,2.9,15.2,120.5,175.6,67.7,0,0.6,21.6
5_demultiplex.bc1005--bc1054.hifi_reads,A5,2,sample,6DA.02,6DA.02.11,NA,NA,51.12525,-1.444222,12,2,2025,01/01/2024,02/12/2025,408,winter_wheat,NA,herbal_ ley,NA,herbal_ley,NA,herbal_ley,NA,lucerne,NA,lucerne,NA,cv Soissons,No,N/A,not_seen,Yes,Yes,Yes,Yes,No,No,No,No,No,NA,NA,NA,NA,NA,NA,NA,NA,NA,NA,NA,Yes,Direct drilling,NA,7.7,59,392,125,22.6,2871.7,2.9,15.2,120.5,175.6,67.7,0,0.6,21.6
5_demultiplex.bc1005--bc1056.hifi_reads,A6,2,sample,6DA.02,6DA.02.19,NA,NA,51.12525,-1.444222,12,2,2025,01/01/2024,02/12/2025,408,winter_wheat,NA,herbal_ ley,NA,herbal_ley,NA,herbal_ley,NA,lucerne,NA,lucerne,NA,cv Soissons,No,N/A,not_seen,Yes,Yes,Yes,Yes,No,No,No,No,No,NA,NA,NA,NA,NA,NA,NA,NA,NA,NA,NA,Yes,Direct drilling,NA,7.7,59,392,125,22.6,2871.7,2.9,15.2,120.5,175.6,67.7,0,0.6,21.6
5_demultiplex.bc1005--bc1057.hifi_reads,A7,2,sample,F17.01,F17.01.06,NA,NA,53.1985403,-0.3623798,23,1,2025,01/01/2024,23/01/2025,388,group_2,NA,potatoes,NA,feed_wheat,NA,OSR,NA,group_2,NA,maize,NA,NA,No,N/A,not_seen,Yes,Yes,Yes,No,Yes,No,No,No,Yes,NA,Per crop requirements,Yes,NA,NA,NA,Yes,NA,Yes,Yes,Yes,Yes,Primary tilling,NA,6.6,22.6,279,155,26,4642.8,2.7,4.9,29.7,455.6,134.4,0,0.4,34.4
5_demultiplex.bc1005--bc1059.hifi_reads,A8,2,sample,F17.01,F17.01.14,NA,NA,53.1985403,-0.3623798,23,1,2025,01/01/2024,23/01/2025,388,group_2,NA,potatoes,NA,feed_wheat,NA,OSR,NA,group_2,NA,maize,NA,NA,No,N/A,not_seen,Yes,Yes,Yes,No,Yes,No,No,No,Yes,NA,Per crop requirements,Yes,NA,NA,NA,Yes,NA,Yes,Yes,Yes,Yes,Primary tilling,NA,6.6,22.6,279,155,26,4642.8,2.7,4.9,29.7,455.6,134.4,0,0.4,34.4
5_demultiplex.bc1005--bc1060.hifi_reads,A9,2,sample,6FX.02,6FX.02.01,NA,NA,52.041361,-0.915361,3,3,2025,01/01/2024,03/03/2025,427,unknown,NA,unknown,NA,unknown,NA,unknown,NA,unknown,NA,NA,NA,unknown,unknown,unknown,unknown,unknown,unknown,unknown,unknown,unknown,unknown,unknown,unknown,unknown,NA,unknown,unknown,NA,NA,NA,unknown,NA,unknown,unknown,unknown,unknown,unknown,NA,7.2,27.6,182,68,12.1,2384.7,5.7,5.2,57.4,288.1,98.6,0,0.4,17
5_demultiplex.bc1005--bc1062.hifi_reads,A10,2,sample,6FX.02,6FX.02.09,NA,NA,52.041361,-0.915361,3,3,2025,01/01/2024,03/03/2025,427,unknown,NA,unknown,NA,unknown,NA,unknown,NA,unknown,NA,NA,NA,unknown,unknown,unknown,unknown,unknown,unknown,unknown,unknown,unknown,unknown,unknown,unknown,unknown,NA,unknown,unknown,NA,NA,NA,unknown,NA,unknown,unknown,unknown,unknown,unknown,NA,7.2,27.6,182,68,12.1,2384.7,5.7,5.2,57.4,288.1,98.6,0,0.4,17
5_demultiplex.bc1005--bc1065.hifi_reads,A11,2,sample,6FX.02,6FX.02.17,NA,NA,52.041361,-0.915361,3,3,2025,01/01/2024,03/03/2025,427,unknown,NA,unknown,NA,unknown,NA,unknown,NA,unknown,NA,NA,NA,unknown,unknown,unknown,unknown,unknown,unknown,unknown,unknown,unknown,unknown,unknown,unknown,unknown,NA,unknown,unknown,NA,NA,NA,unknown,NA,unknown,unknown,unknown,unknown,unknown,NA,7.2,27.6,182,68,12.1,2384.7,5.7,5.2,57.4,288.1,98.6,0,0.4,17
5_demultiplex.bc1005--bc1075.hifi_reads,A12,2,sample,6DA.03,6DA.03.04,NA,NA,51.130528,-1.46625,13,2,2025,01/01/2024,13/02/2025,409,winter_wheat,NA,spring_oats,NA,winter_wheat,NA,OSR,NA,spring_barley,NA,winter_wheat,NA,cv Crusoe,No,N/A,not_seen,Yes,Yes,Yes,Yes,No,No,No,No,No,NA,NA,NA,NA,NA,NA,NA,NA,NA,NA,NA,Yes,Strip tillage,NA,7.2,42.2,294,89,19.5,2570.9,4.8,8.3,104,224.5,43.5,0,0.8,18.9
5_demultiplex.bc1007--bc1033.hifi_reads,B1,2,sample,8JF.03,8JF.03.01,NA,NA,53.8375,-0.513111,4,2,2025,01/01/2024,02/04/2025,400,wheat,NA,wheat,NA,Peas,NA,wheat,NA,wheat,NA,OSR,NA,NA,Yes,Black lesions,Five years or more,Yes,Yes,Yes,Yes,Mg,Sulphur,No,No,No,NA,N 3x spring,Yes,NA,NA,NA,NA,Every 4 yrs,No,Yes,Yes,Yes,Reduced tillage,NA,7.8,21.6,214,52,24.4,2704.9,4.9,7.1,167.1,134.7,38.9,0,0.9,19.1
5_demultiplex.bc1007--bc1035.hifi_reads,B2,2,sample,8JF.03,8JF.03.09,NA,NA,53.8375,-0.513111,4,2,2025,01/01/2024,02/04/2025,400,wheat,NA,wheat,NA,Peas,NA,wheat,NA,wheat,NA,OSR,NA,NA,Yes,Black lesions,Five years or more,Yes,Yes,Yes,Yes,Mg,Sulphur,No,No,No,NA,N 3x spring,Yes,NA,NA,NA,NA,Every 4 yrs,No,Yes,Yes,Yes,Reduced tillage,NA,7.8,21.6,214,52,24.4,2704.9,4.9,7.1,167.1,134.7,38.9,0,0.9,19.1
5_demultiplex.bc1007--bc1044.hifi_reads,B3,2,sample,8JF.03,8JF.03.17,NA,NA,53.8375,-0.513111,4,2,2025,01/01/2024,02/04/2025,400,wheat,NA,wheat,NA,Peas,NA,wheat,NA,wheat,NA,OSR,NA,NA,Yes,Black lesions,Five years or more,Yes,Yes,Yes,Yes,Mg,Sulphur,No,No,No,NA,N 3x spring,Yes,NA,NA,NA,NA,Every 4 yrs,No,Yes,Yes,Yes,Reduced tillage,NA,7.8,21.6,214,52,24.4,2704.9,4.9,7.1,167.1,134.7,38.9,0,0.9,19.1
5_demultiplex.bc1007--bc1045.hifi_reads,B4,2,sample,6DA.02,6DA.02.04,NA,NA,51.12525,-1.444222,12,2,2025,01/01/2024,02/12/2025,408,winter_wheat,NA,herbal_ ley,NA,herbal_ley,NA,herbal_ley,NA,lucerne,NA,lucerne,NA,cv Soissons,No,N/A,not_seen,Yes,Yes,Yes,Yes,No,No,No,No,No,NA,NA,NA,NA,NA,NA,NA,NA,NA,NA,NA,Yes,Direct drilling,NA,7.7,59,392,125,22.6,2871.7,2.9,15.2,120.5,175.6,67.7,0,0.6,21.6
5_demultiplex.bc1007--bc1054.hifi_reads,B5,2,sample,6DA.02,6DA.02.12,NA,NA,51.12525,-1.444222,12,2,2025,01/01/2024,02/12/2025,408,winter_wheat,NA,herbal_ ley,NA,herbal_ley,NA,herbal_ley,NA,lucerne,NA,lucerne,NA,cv Soissons,No,N/A,not_seen,Yes,Yes,Yes,Yes,No,No,No,No,No,NA,NA,NA,NA,NA,NA,NA,NA,NA,NA,NA,Yes,Direct drilling,NA,7.7,59,392,125,22.6,2871.7,2.9,15.2,120.5,175.6,67.7,0,0.6,21.6
5_demultiplex.bc1007--bc1056.hifi_reads,B6,2,sample,6DA.02,6DA.02.20,NA,NA,51.12525,-1.444222,12,2,2025,01/01/2024,02/12/2025,408,winter_wheat,NA,herbal_ ley,NA,herbal_ley,NA,herbal_ley,NA,lucerne,NA,lucerne,NA,cv Soissons,No,N/A,not_seen,Yes,Yes,Yes,Yes,No,No,No,No,No,NA,NA,NA,NA,NA,NA,NA,NA,NA,NA,NA,Yes,Direct drilling,NA,7.7,59,392,125,22.6,2871.7,2.9,15.2,120.5,175.6,67.7,0,0.6,21.6
5_demultiplex.bc1007--bc1057.hifi_reads,B7,2,sample,F17.01,F17.01.07,NA,NA,53.1985403,-0.3623798,23,1,2025,01/01/2024,23/01/2025,388,group_2,NA,potatoes,NA,feed_wheat,NA,OSR,NA,group_2,NA,maize,NA,NA,No,N/A,not_seen,Yes,Yes,Yes,No,Yes,No,No,No,Yes,NA,Per crop requirements,Yes,NA,NA,NA,Yes,NA,Yes,Yes,Yes,Yes,Primary tilling,NA,6.6,22.6,279,155,26,4642.8,2.7,4.9,29.7,455.6,134.4,0,0.4,34.4
5_demultiplex.bc1007--bc1059.hifi_reads,B8,2,sample,F17.01,F17.01.15,NA,NA,53.1985403,-0.3623798,23,1,2025,01/01/2024,23/01/2025,388,group_2,NA,potatoes,NA,feed_wheat,NA,OSR,NA,group_2,NA,maize,NA,NA,No,N/A,not_seen,Yes,Yes,Yes,No,Yes,No,No,No,Yes,NA,Per crop requirements,Yes,NA,NA,NA,Yes,NA,Yes,Yes,Yes,Yes,Primary tilling,NA,6.6,22.6,279,155,26,4642.8,2.7,4.9,29.7,455.6,134.4,0,0.4,34.4
5_demultiplex.bc1007--bc1060.hifi_reads,B9,2,sample,6FX.02,6FX.02.02,NA,NA,52.041361,-0.915361,3,3,2025,01/01/2024,03/03/2025,427,unknown,NA,unknown,NA,unknown,NA,unknown,NA,unknown,NA,NA,NA,unknown,unknown,unknown,unknown,unknown,unknown,unknown,unknown,unknown,unknown,unknown,unknown,unknown,NA,unknown,unknown,NA,NA,NA,unknown,NA,unknown,unknown,unknown,unknown,unknown,NA,7.2,27.6,182,68,12.1,2384.7,5.7,5.2,57.4,288.1,98.6,0,0.4,17
5_demultiplex.bc1007--bc1062.hifi_reads,B10,2,sample,6FX.02,6FX.02.10,NA,NA,52.041361,-0.915361,3,3,2025,01/01/2024,03/03/2025,427,unknown,NA,unknown,NA,unknown,NA,unknown,NA,unknown,NA,NA,NA,unknown,unknown,unknown,unknown,unknown,unknown,unknown,unknown,unknown,unknown,unknown,unknown,unknown,NA,unknown,unknown,NA,NA,NA,unknown,NA,unknown,unknown,unknown,unknown,unknown,NA,7.2,27.6,182,68,12.1,2384.7,5.7,5.2,57.4,288.1,98.6,0,0.4,17
5_demultiplex.bc1007--bc1065.hifi_reads,B11,2,sample,6FX.02,6FX.02.18,NA,NA,52.041361,-0.915361,3,3,2025,01/01/2024,03/03/2025,427,unknown,NA,unknown,NA,unknown,NA,unknown,NA,unknown,NA,NA,NA,unknown,unknown,unknown,unknown,unknown,unknown,unknown,unknown,unknown,unknown,unknown,unknown,unknown,NA,unknown,unknown,NA,NA,NA,unknown,NA,unknown,unknown,unknown,unknown,unknown,NA,7.2,27.6,182,68,12.1,2384.7,5.7,5.2,57.4,288.1,98.6,0,0.4,17
5_demultiplex.bc1007--bc1075.hifi_reads,B12,2,sample,6DA.03,6DA.03.05,NA,NA,51.130528,-1.46625,13,2,2025,01/01/2024,13/02/2025,409,winter_wheat,NA,spring_oats,NA,winter_wheat,NA,OSR,NA,spring_barley,NA,winter_wheat,NA,cv Crusoe,No,N/A,not_seen,Yes,Yes,Yes,Yes,No,No,No,No,No,NA,NA,NA,NA,NA,NA,NA,NA,NA,NA,NA,Yes,Strip tillage,NA,7.2,42.2,294,89,19.5,2570.9,4.8,8.3,104,224.5,43.5,0,0.8,18.9
5_demultiplex.bc1008--bc1033.hifi_reads,C1,2,sample,8JF.03,8JF.03.02,NA,NA,53.8375,-0.513111,4,2,2025,01/01/2024,02/04/2025,400,wheat,NA,wheat,NA,Peas,NA,wheat,NA,wheat,NA,OSR,NA,NA,Yes,Black lesions,Five years or more,Yes,Yes,Yes,Yes,Mg,Sulphur,No,No,No,NA,N 3x spring,Yes,NA,NA,NA,NA,Every 4 yrs,No,Yes,Yes,Yes,Reduced tillage,NA,7.8,21.6,214,52,24.4,2704.9,4.9,7.1,167.1,134.7,38.9,0,0.9,19.1
5_demultiplex.bc1008--bc1035.hifi_reads,C2,2,sample,8JF.03,8JF.03.10,NA,NA,53.8375,-0.513111,4,2,2025,01/01/2024,02/04/2025,400,wheat,NA,wheat,NA,Peas,NA,wheat,NA,wheat,NA,OSR,NA,NA,Yes,Black lesions,Five years or more,Yes,Yes,Yes,Yes,Mg,Sulphur,No,No,No,NA,N 3x spring,Yes,NA,NA,NA,NA,Every 4 yrs,No,Yes,Yes,Yes,Reduced tillage,NA,7.8,21.6,214,52,24.4,2704.9,4.9,7.1,167.1,134.7,38.9,0,0.9,19.1
5_demultiplex.bc1008--bc1044.hifi_reads,C3,2,sample,8JF.03,8JF.03.18,NA,NA,53.8375,-0.513111,4,2,2025,01/01/2024,02/04/2025,400,wheat,NA,wheat,NA,Peas,NA,wheat,NA,wheat,NA,OSR,NA,NA,Yes,Black lesions,Five years or more,Yes,Yes,Yes,Yes,Mg,Sulphur,No,No,No,NA,N 3x spring,Yes,NA,NA,NA,NA,Every 4 yrs,No,Yes,Yes,Yes,Reduced tillage,NA,7.8,21.6,214,52,24.4,2704.9,4.9,7.1,167.1,134.7,38.9,0,0.9,19.1
5_demultiplex.bc1008--bc1045.hifi_reads,C4,2,sample,6DA.02,6DA.02.05,NA,NA,51.12525,-1.444222,12,2,2025,01/01/2024,02/12/2025,408,winter_wheat,NA,herbal_ ley,NA,herbal_ley,NA,herbal_ley,NA,lucerne,NA,lucerne,NA,cv Soissons,No,N/A,not_seen,Yes,Yes,Yes,Yes,No,No,No,No,No,NA,NA,NA,NA,NA,NA,NA,NA,NA,NA,NA,Yes,Direct drilling,NA,7.7,59,392,125,22.6,2871.7,2.9,15.2,120.5,175.6,67.7,0,0.6,21.6
5_demultiplex.bc1008--bc1054.hifi_reads,C5,2,sample,6DA.02,6DA.02.13,NA,NA,51.12525,-1.444222,12,2,2025,01/01/2024,02/12/2025,408,winter_wheat,NA,herbal_ ley,NA,herbal_ley,NA,herbal_ley,NA,lucerne,NA,lucerne,NA,cv Soissons,No,N/A,not_seen,Yes,Yes,Yes,Yes,No,No,No,No,No,NA,NA,NA,NA,NA,NA,NA,NA,NA,NA,NA,Yes,Direct drilling,NA,7.7,59,392,125,22.6,2871.7,2.9,15.2,120.5,175.6,67.7,0,0.6,21.6
5_demultiplex.bc1008--bc1056.hifi_reads,C6,2,farmer_kit,6DA.02,6DA.2.90.FK,90,SFK,51.12525,-1.444222,12,2,2025,01/01/2024,02/12/2025,408,winter_wheat,NA,herbal_ ley,NA,herbal_ley,NA,herbal_ley,NA,lucerne,NA,lucerne,NA,cv Soissons,No,N/A,not_seen,Yes,Yes,Yes,Yes,No,No,No,No,No,NA,NA,NA,NA,NA,NA,NA,NA,NA,NA,NA,Yes,Direct drilling,NA,7.7,59,392,125,22.6,2871.7,2.9,15.2,120.5,175.6,67.7,0,0.6,21.6
5_demultiplex.bc1008--bc1057.hifi_reads,C7,2,sample,F17.01,F17.01.08,NA,NA,53.1985403,-0.3623798,23,1,2025,01/01/2024,23/01/2025,388,group_2,NA,potatoes,NA,feed_wheat,NA,OSR,NA,group_2,NA,maize,NA,NA,No,N/A,not_seen,Yes,Yes,Yes,No,Yes,No,No,No,Yes,NA,Per crop requirements,Yes,NA,NA,NA,Yes,NA,Yes,Yes,Yes,Yes,Primary tilling,NA,6.6,22.6,279,155,26,4642.8,2.7,4.9,29.7,455.6,134.4,0,0.4,34.4
5_demultiplex.bc1008--bc1059.hifi_reads,C8,2,sample,F17.01,F17.01.16,NA,NA,53.1985403,-0.3623798,23,1,2025,01/01/2024,23/01/2025,388,group_2,NA,potatoes,NA,feed_wheat,NA,OSR,NA,group_2,NA,maize,NA,NA,No,N/A,not_seen,Yes,Yes,Yes,No,Yes,No,No,No,Yes,NA,Per crop requirements,Yes,NA,NA,NA,Yes,NA,Yes,Yes,Yes,Yes,Primary tilling,NA,6.6,22.6,279,155,26,4642.8,2.7,4.9,29.7,455.6,134.4,0,0.4,34.4
5_demultiplex.bc1008--bc1060.hifi_reads,C9,2,sample,6FX.02,6FX.02.03,NA,NA,52.041361,-0.915361,3,3,2025,01/01/2024,03/03/2025,427,unknown,NA,unknown,NA,unknown,NA,unknown,NA,unknown,NA,NA,NA,unknown,unknown,unknown,unknown,unknown,unknown,unknown,unknown,unknown,unknown,unknown,unknown,unknown,NA,unknown,unknown,NA,NA,NA,unknown,NA,unknown,unknown,unknown,unknown,unknown,NA,7.2,27.6,182,68,12.1,2384.7,5.7,5.2,57.4,288.1,98.6,0,0.4,17
5_demultiplex.bc1008--bc1062.hifi_reads,C10,2,sample,6FX.02,6FX.02.11,NA,NA,52.041361,-0.915361,3,3,2025,01/01/2024,03/03/2025,427,unknown,NA,unknown,NA,unknown,NA,unknown,NA,unknown,NA,NA,NA,unknown,unknown,unknown,unknown,unknown,unknown,unknown,unknown,unknown,unknown,unknown,unknown,unknown,NA,unknown,unknown,NA,NA,NA,unknown,NA,unknown,unknown,unknown,unknown,unknown,NA,7.2,27.6,182,68,12.1,2384.7,5.7,5.2,57.4,288.1,98.6,0,0.4,17
5_demultiplex.bc1008--bc1065.hifi_reads,C11,2,sample,6FX.02,6FX.02.19,NA,NA,52.041361,-0.915361,3,3,2025,01/01/2024,03/03/2025,427,unknown,NA,unknown,NA,unknown,NA,unknown,NA,unknown,NA,NA,NA,unknown,unknown,unknown,unknown,unknown,unknown,unknown,unknown,unknown,unknown,unknown,unknown,unknown,NA,unknown,unknown,NA,NA,NA,unknown,NA,unknown,unknown,unknown,unknown,unknown,NA,7.2,27.6,182,68,12.1,2384.7,5.7,5.2,57.4,288.1,98.6,0,0.4,17
5_demultiplex.bc1008--bc1075.hifi_reads,C12,2,sample,6DA.03,6DA.03.06,NA,NA,51.130528,-1.46625,13,2,2025,01/01/2024,13/02/2025,409,winter_wheat,NA,spring_oats,NA,winter_wheat,NA,OSR,NA,spring_barley,NA,winter_wheat,NA,cv Crusoe,No,N/A,not_seen,Yes,Yes,Yes,Yes,No,No,No,No,No,NA,NA,NA,NA,NA,NA,NA,NA,NA,NA,NA,Yes,Strip tillage,NA,7.2,42.2,294,89,19.5,2570.9,4.8,8.3,104,224.5,43.5,0,0.8,18.9
5_demultiplex.bc1012--bc1033.hifi_reads,D1,2,sample,8JF.03,8JF.03.03,NA,NA,53.8375,-0.513111,4,2,2025,01/01/2024,02/04/2025,400,wheat,NA,wheat,NA,Peas,NA,wheat,NA,wheat,NA,OSR,NA,NA,Yes,Black lesions,Five years or more,Yes,Yes,Yes,Yes,Mg,Sulphur,No,No,No,NA,N 3x spring,Yes,NA,NA,NA,NA,Every 4 yrs,No,Yes,Yes,Yes,Reduced tillage,NA,7.8,21.6,214,52,24.4,2704.9,4.9,7.1,167.1,134.7,38.9,0,0.9,19.1
5_demultiplex.bc1012--bc1035.hifi_reads,D2,2,sample,8JF.03,8JF.03.11,NA,NA,53.8375,-0.513111,4,2,2025,01/01/2024,02/04/2025,400,wheat,NA,wheat,NA,Peas,NA,wheat,NA,wheat,NA,OSR,NA,NA,Yes,Black lesions,Five years or more,Yes,Yes,Yes,Yes,Mg,Sulphur,No,No,No,NA,N 3x spring,Yes,NA,NA,NA,NA,Every 4 yrs,No,Yes,Yes,Yes,Reduced tillage,NA,7.8,21.6,214,52,24.4,2704.9,4.9,7.1,167.1,134.7,38.9,0,0.9,19.1
5_demultiplex.bc1012--bc1044.hifi_reads,D3,2,sample,8JF.03,8JF.03.19,NA,NA,53.8375,-0.513111,4,2,2025,01/01/2024,02/04/2025,400,wheat,NA,wheat,NA,Peas,NA,wheat,NA,wheat,NA,OSR,NA,NA,Yes,Black lesions,Five years or more,Yes,Yes,Yes,Yes,Mg,Sulphur,No,No,No,NA,N 3x spring,Yes,NA,NA,NA,NA,Every 4 yrs,No,Yes,Yes,Yes,Reduced tillage,NA,7.8,21.6,214,52,24.4,2704.9,4.9,7.1,167.1,134.7,38.9,0,0.9,19.1
5_demultiplex.bc1012--bc1045.hifi_reads,D4,2,sample,6DA.02,6DA.02.06,NA,NA,51.12525,-1.444222,12,2,2025,01/01/2024,02/12/2025,408,winter_wheat,NA,herbal_ ley,NA,herbal_ley,NA,herbal_ley,NA,lucerne,NA,lucerne,NA,cv Soissons,No,N/A,not_seen,Yes,Yes,Yes,Yes,No,No,No,No,No,NA,NA,NA,NA,NA,NA,NA,NA,NA,NA,NA,Yes,Direct drilling,NA,7.7,59,392,125,22.6,2871.7,2.9,15.2,120.5,175.6,67.7,0,0.6,21.6
5_demultiplex.bc1012--bc1054.hifi_reads,D5,2,sample,6DA.02,6DA.02.14,NA,NA,51.12525,-1.444222,12,2,2025,01/01/2024,02/12/2025,408,winter_wheat,NA,herbal_ ley,NA,herbal_ley,NA,herbal_ley,NA,lucerne,NA,lucerne,NA,cv Soissons,No,N/A,not_seen,Yes,Yes,Yes,Yes,No,No,No,No,No,NA,NA,NA,NA,NA,NA,NA,NA,NA,NA,NA,Yes,Direct drilling,NA,7.7,59,392,125,22.6,2871.7,2.9,15.2,120.5,175.6,67.7,0,0.6,21.6
5_demultiplex.bc1012--bc1056.hifi_reads,D6,2,sample,F17.01,F17.01.01,NA,NA,53.1985403,-0.3623798,23,1,2025,01/01/2024,23/01/2025,388,group_2,NA,potatoes,NA,feed_wheat,NA,OSR,NA,group_2,NA,maize,NA,NA,No,N/A,not_seen,Yes,Yes,Yes,No,Yes,No,No,No,Yes,NA,Per crop requirements,Yes,NA,NA,NA,Yes,NA,Yes,Yes,Yes,Yes,Primary tilling,NA,6.6,22.6,279,155,26,4642.8,2.7,4.9,29.7,455.6,134.4,0,0.4,34.4
5_demultiplex.bc1012--bc1059.hifi_reads,D8,2,sample,F17.01,F17.01.17,NA,NA,53.1985403,-0.3623798,23,1,2025,01/01/2024,23/01/2025,388,group_2,NA,potatoes,NA,feed_wheat,NA,OSR,NA,group_2,NA,maize,NA,NA,No,N/A,not_seen,Yes,Yes,Yes,No,Yes,No,No,No,Yes,NA,Per crop requirements,Yes,NA,NA,NA,Yes,NA,Yes,Yes,Yes,Yes,Primary tilling,NA,6.6,22.6,279,155,26,4642.8,2.7,4.9,29.7,455.6,134.4,0,0.4,34.4
5_demultiplex.bc1012--bc1060.hifi_reads,D9,2,sample,6FX.02,6FX.02.04,NA,NA,52.041361,-0.915361,3,3,2025,01/01/2024,03/03/2025,427,unknown,NA,unknown,NA,unknown,NA,unknown,NA,unknown,NA,NA,NA,unknown,unknown,unknown,unknown,unknown,unknown,unknown,unknown,unknown,unknown,unknown,unknown,unknown,NA,unknown,unknown,NA,NA,NA,unknown,NA,unknown,unknown,unknown,unknown,unknown,NA,7.2,27.6,182,68,12.1,2384.7,5.7,5.2,57.4,288.1,98.6,0,0.4,17
5_demultiplex.bc1012--bc1062.hifi_reads,D10,2,sample,6FX.02,6FX.02.12,NA,NA,52.041361,-0.915361,3,3,2025,01/01/2024,03/03/2025,427,unknown,NA,unknown,NA,unknown,NA,unknown,NA,unknown,NA,NA,NA,unknown,unknown,unknown,unknown,unknown,unknown,unknown,unknown,unknown,unknown,unknown,unknown,unknown,NA,unknown,unknown,NA,NA,NA,unknown,NA,unknown,unknown,unknown,unknown,unknown,NA,7.2,27.6,182,68,12.1,2384.7,5.7,5.2,57.4,288.1,98.6,0,0.4,17
5_demultiplex.bc1012--bc1065.hifi_reads,D11,2,sample,6FX.02,6FX.02.20,NA,NA,52.041361,-0.915361,3,3,2025,01/01/2024,03/03/2025,427,unknown,NA,unknown,NA,unknown,NA,unknown,NA,unknown,NA,NA,NA,unknown,unknown,unknown,unknown,unknown,unknown,unknown,unknown,unknown,unknown,unknown,unknown,unknown,NA,unknown,unknown,NA,NA,NA,unknown,NA,unknown,unknown,unknown,unknown,unknown,NA,7.2,27.6,182,68,12.1,2384.7,5.7,5.2,57.4,288.1,98.6,0,0.4,17
5_demultiplex.bc1012--bc1075.hifi_reads,D12,2,gt_control,S1,S1,NA,NA,NA,NA,NA,NA,NA,NA,NA,NA,NA,NA,NA,NA,NA,NA,NA,NA,NA,NA,NA,NA,NA,NA,NA,NA,NA,NA,NA,NA,NA,NA,NA,NA,NA,NA,NA,NA,NA,NA,NA,NA,NA,NA,NA,NA,NA,NA,NA,NA,NA,NA,NA,NA,NA,NA,NA,NA,NA,NA,NA,NA,NA
5_demultiplex.bc1015--bc1033.hifi_reads,E1,2,sample,8JF.03,8JF.03.04,NA,NA,53.8375,-0.513111,4,2,2025,01/01/2024,02/04/2025,400,wheat,NA,wheat,NA,Peas,NA,wheat,NA,wheat,NA,OSR,NA,NA,Yes,Black lesions,Five years or more,Yes,Yes,Yes,Yes,Mg,Sulphur,No,No,No,NA,N 3x spring,Yes,NA,NA,NA,NA,Every 4 yrs,No,Yes,Yes,Yes,Reduced tillage,NA,7.8,21.6,214,52,24.4,2704.9,4.9,7.1,167.1,134.7,38.9,0,0.9,19.1
5_demultiplex.bc1015--bc1035.hifi_reads,E2,2,sample,8JF.03,8JF.03.12,NA,NA,53.8375,-0.513111,4,2,2025,01/01/2024,02/04/2025,400,wheat,NA,wheat,NA,Peas,NA,wheat,NA,wheat,NA,OSR,NA,NA,Yes,Black lesions,Five years or more,Yes,Yes,Yes,Yes,Mg,Sulphur,No,No,No,NA,N 3x spring,Yes,NA,NA,NA,NA,Every 4 yrs,No,Yes,Yes,Yes,Reduced tillage,NA,7.8,21.6,214,52,24.4,2704.9,4.9,7.1,167.1,134.7,38.9,0,0.9,19.1
5_demultiplex.bc1015--bc1044.hifi_reads,E3,2,sample,8JF.03,8JF.03.20,NA,NA,53.8375,-0.513111,4,2,2025,01/01/2024,02/04/2025,400,wheat,NA,wheat,NA,Peas,NA,wheat,NA,wheat,NA,OSR,NA,NA,Yes,Black lesions,Five years or more,Yes,Yes,Yes,Yes,Mg,Sulphur,No,No,No,NA,N 3x spring,Yes,NA,NA,NA,NA,Every 4 yrs,No,Yes,Yes,Yes,Reduced tillage,NA,7.8,21.6,214,52,24.4,2704.9,4.9,7.1,167.1,134.7,38.9,0,0.9,19.1
5_demultiplex.bc1015--bc1045.hifi_reads,E4,2,sample,6DA.02,6DA.02.07,NA,NA,51.12525,-1.444222,12,2,2025,01/01/2024,02/12/2025,408,winter_wheat,NA,herbal_ ley,NA,herbal_ley,NA,herbal_ley,NA,lucerne,NA,lucerne,NA,cv Soissons,No,N/A,not_seen,Yes,Yes,Yes,Yes,No,No,No,No,No,NA,NA,NA,NA,NA,NA,NA,NA,NA,NA,NA,Yes,Direct drilling,NA,7.7,59,392,125,22.6,2871.7,2.9,15.2,120.5,175.6,67.7,0,0.6,21.6
5_demultiplex.bc1015--bc1054.hifi_reads,E5,2,sample,6DA.02,6DA.02.15,NA,NA,51.12525,-1.444222,12,2,2025,01/01/2024,02/12/2025,408,winter_wheat,NA,herbal_ ley,NA,herbal_ley,NA,herbal_ley,NA,lucerne,NA,lucerne,NA,cv Soissons,No,N/A,not_seen,Yes,Yes,Yes,Yes,No,No,No,No,No,NA,NA,NA,NA,NA,NA,NA,NA,NA,NA,NA,Yes,Direct drilling,NA,7.7,59,392,125,22.6,2871.7,2.9,15.2,120.5,175.6,67.7,0,0.6,21.6
5_demultiplex.bc1015--bc1056.hifi_reads,E6,2,sample,F17.01,F17.01.02,NA,NA,53.1985403,-0.3623798,23,1,2025,01/01/2024,23/01/2025,388,group_2,NA,potatoes,NA,feed_wheat,NA,OSR,NA,group_2,NA,maize,NA,NA,No,N/A,not_seen,Yes,Yes,Yes,No,Yes,No,No,No,Yes,NA,Per crop requirements,Yes,NA,NA,NA,Yes,NA,Yes,Yes,Yes,Yes,Primary tilling,NA,6.6,22.6,279,155,26,4642.8,2.7,4.9,29.7,455.6,134.4,0,0.4,34.4
5_demultiplex.bc1015--bc1057.hifi_reads,E7,2,sample,F17.01,F17.01.10,NA,NA,53.1985403,-0.3623798,23,1,2025,01/01/2024,23/01/2025,388,group_2,NA,potatoes,NA,feed_wheat,NA,OSR,NA,group_2,NA,maize,NA,NA,No,N/A,not_seen,Yes,Yes,Yes,No,Yes,No,No,No,Yes,NA,Per crop requirements,Yes,NA,NA,NA,Yes,NA,Yes,Yes,Yes,Yes,Primary tilling,NA,6.6,22.6,279,155,26,4642.8,2.7,4.9,29.7,455.6,134.4,0,0.4,34.4
5_demultiplex.bc1015--bc1059.hifi_reads,E8,2,sample,F17.01,F17.01.18,NA,NA,53.1985403,-0.3623798,23,1,2025,01/01/2024,23/01/2025,388,group_2,NA,potatoes,NA,feed_wheat,NA,OSR,NA,group_2,NA,maize,NA,NA,No,N/A,not_seen,Yes,Yes,Yes,No,Yes,No,No,No,Yes,NA,Per crop requirements,Yes,NA,NA,NA,Yes,NA,Yes,Yes,Yes,Yes,Primary tilling,NA,6.6,22.6,279,155,26,4642.8,2.7,4.9,29.7,455.6,134.4,0,0.4,34.4
5_demultiplex.bc1015--bc1060.hifi_reads,E9,2,sample,6FX.02,6FX.02.05,NA,NA,52.041361,-0.915361,3,3,2025,01/01/2024,03/03/2025,427,unknown,NA,unknown,NA,unknown,NA,unknown,NA,unknown,NA,NA,NA,unknown,unknown,unknown,unknown,unknown,unknown,unknown,unknown,unknown,unknown,unknown,unknown,unknown,NA,unknown,unknown,NA,NA,NA,unknown,NA,unknown,unknown,unknown,unknown,unknown,NA,7.2,27.6,182,68,12.1,2384.7,5.7,5.2,57.4,288.1,98.6,0,0.4,17
5_demultiplex.bc1015--bc1062.hifi_reads,E10,2,sample,6FX.02,6FX.02.13,NA,NA,52.041361,-0.915361,3,3,2025,01/01/2024,03/03/2025,427,unknown,NA,unknown,NA,unknown,NA,unknown,NA,unknown,NA,NA,NA,unknown,unknown,unknown,unknown,unknown,unknown,unknown,unknown,unknown,unknown,unknown,unknown,unknown,NA,unknown,unknown,NA,NA,NA,unknown,NA,unknown,unknown,unknown,unknown,unknown,NA,7.2,27.6,182,68,12.1,2384.7,5.7,5.2,57.4,288.1,98.6,0,0.4,17
5_demultiplex.bc1015--bc1065.hifi_reads,E11,2,farmer_kit,6FX.02,6FX.2.83.FK,83,SFK,52.041361,-0.915361,3,3,2025,01/01/2024,03/03/2025,427,unknown,NA,unknown,NA,unknown,NA,unknown,NA,unknown,NA,NA,NA,unknown,unknown,unknown,unknown,unknown,unknown,unknown,unknown,unknown,unknown,unknown,unknown,unknown,NA,unknown,unknown,NA,NA,NA,unknown,NA,unknown,unknown,unknown,unknown,unknown,NA,7.2,27.6,182,68,12.1,2384.7,5.7,5.2,57.4,288.1,98.6,0,0.4,17
5_demultiplex.bc1020--bc1033.hifi_reads,F1,2,sample,8JF.03,8JF.03.05,NA,NA,53.8375,-0.513111,4,2,2025,01/01/2024,02/04/2025,400,wheat,NA,wheat,NA,Peas,NA,wheat,NA,wheat,NA,OSR,NA,NA,Yes,Black lesions,Five years or more,Yes,Yes,Yes,Yes,Mg,Sulphur,No,No,No,NA,N 3x spring,Yes,NA,NA,NA,NA,Every 4 yrs,No,Yes,Yes,Yes,Reduced tillage,NA,7.8,21.6,214,52,24.4,2704.9,4.9,7.1,167.1,134.7,38.9,0,0.9,19.1
5_demultiplex.bc1020--bc1035.hifi_reads,F2,2,sample,8JF.03,8JF.03.13,NA,NA,53.8375,-0.513111,4,2,2025,01/01/2024,02/04/2025,400,wheat,NA,wheat,NA,Peas,NA,wheat,NA,wheat,NA,OSR,NA,NA,Yes,Black lesions,Five years or more,Yes,Yes,Yes,Yes,Mg,Sulphur,No,No,No,NA,N 3x spring,Yes,NA,NA,NA,NA,Every 4 yrs,No,Yes,Yes,Yes,Reduced tillage,NA,7.8,21.6,214,52,24.4,2704.9,4.9,7.1,167.1,134.7,38.9,0,0.9,19.1
5_demultiplex.bc1020--bc1044.hifi_reads,F3,2,farmer_kit,8JF.03,8JF.3.93.FK,93,SFK,53.8375,-0.513111,4,2,2025,01/01/2024,02/04/2025,400,wheat,NA,wheat,NA,Peas,NA,wheat,NA,wheat,NA,OSR,NA,NA,Yes,Black lesions,Five years or more,Yes,Yes,Yes,Yes,Mg,Sulphur,No,No,No,NA,N 3x spring,Yes,NA,NA,NA,NA,Every 4 yrs,No,Yes,Yes,Yes,Reduced tillage,NA,7.8,21.6,214,52,24.4,2704.9,4.9,7.1,167.1,134.7,38.9,0,0.9,19.1
5_demultiplex.bc1020--bc1045.hifi_reads,F4,2,sample,6DA.02,6DA.02.08,NA,NA,51.12525,-1.444222,12,2,2025,01/01/2024,02/12/2025,408,winter_wheat,NA,herbal_ ley,NA,herbal_ley,NA,herbal_ley,NA,lucerne,NA,lucerne,NA,cv Soissons,No,N/A,not_seen,Yes,Yes,Yes,Yes,No,No,No,No,No,NA,NA,NA,NA,NA,NA,NA,NA,NA,NA,NA,Yes,Direct drilling,NA,7.7,59,392,125,22.6,2871.7,2.9,15.2,120.5,175.6,67.7,0,0.6,21.6
5_demultiplex.bc1020--bc1054.hifi_reads,F5,2,sample,6DA.02,6DA.02.16,NA,NA,51.12525,-1.444222,12,2,2025,01/01/2024,02/12/2025,408,winter_wheat,NA,herbal_ ley,NA,herbal_ley,NA,herbal_ley,NA,lucerne,NA,lucerne,NA,cv Soissons,No,N/A,not_seen,Yes,Yes,Yes,Yes,No,No,No,No,No,NA,NA,NA,NA,NA,NA,NA,NA,NA,NA,NA,Yes,Direct drilling,NA,7.7,59,392,125,22.6,2871.7,2.9,15.2,120.5,175.6,67.7,0,0.6,21.6
5_demultiplex.bc1020--bc1056.hifi_reads,F6,2,sample,F17.01,F17.01.03,NA,NA,53.1985403,-0.3623798,23,1,2025,01/01/2024,23/01/2025,388,group_2,NA,potatoes,NA,feed_wheat,NA,OSR,NA,group_2,NA,maize,NA,NA,No,N/A,not_seen,Yes,Yes,Yes,No,Yes,No,No,No,Yes,NA,Per crop requirements,Yes,NA,NA,NA,Yes,NA,Yes,Yes,Yes,Yes,Primary tilling,NA,6.6,22.6,279,155,26,4642.8,2.7,4.9,29.7,455.6,134.4,0,0.4,34.4
5_demultiplex.bc1020--bc1057.hifi_reads,F7,2,sample,F17.01,F17.01.11,NA,NA,53.1985403,-0.3623798,23,1,2025,01/01/2024,23/01/2025,388,group_2,NA,potatoes,NA,feed_wheat,NA,OSR,NA,group_2,NA,maize,NA,NA,No,N/A,not_seen,Yes,Yes,Yes,No,Yes,No,No,No,Yes,NA,Per crop requirements,Yes,NA,NA,NA,Yes,NA,Yes,Yes,Yes,Yes,Primary tilling,NA,6.6,22.6,279,155,26,4642.8,2.7,4.9,29.7,455.6,134.4,0,0.4,34.4
5_demultiplex.bc1020--bc1059.hifi_reads,F8,2,sample,F17.01,F17.01.19,NA,NA,53.1985403,-0.3623798,23,1,2025,01/01/2024,23/01/2025,388,group_2,NA,potatoes,NA,feed_wheat,NA,OSR,NA,group_2,NA,maize,NA,NA,No,N/A,not_seen,Yes,Yes,Yes,No,Yes,No,No,No,Yes,NA,Per crop requirements,Yes,NA,NA,NA,Yes,NA,Yes,Yes,Yes,Yes,Primary tilling,NA,6.6,22.6,279,155,26,4642.8,2.7,4.9,29.7,455.6,134.4,0,0.4,34.4
5_demultiplex.bc1020--bc1060.hifi_reads,F9,2,sample,6FX.02,6FX.02.06,NA,NA,52.041361,-0.915361,3,3,2025,01/01/2024,03/03/2025,427,unknown,NA,unknown,NA,unknown,NA,unknown,NA,unknown,NA,NA,NA,unknown,unknown,unknown,unknown,unknown,unknown,unknown,unknown,unknown,unknown,unknown,unknown,unknown,NA,unknown,unknown,NA,NA,NA,unknown,NA,unknown,unknown,unknown,unknown,unknown,NA,7.2,27.6,182,68,12.1,2384.7,5.7,5.2,57.4,288.1,98.6,0,0.4,17
5_demultiplex.bc1020--bc1062.hifi_reads,F10,2,sample,6FX.02,6FX.02.14,NA,NA,52.041361,-0.915361,3,3,2025,01/01/2024,03/03/2025,427,unknown,NA,unknown,NA,unknown,NA,unknown,NA,unknown,NA,NA,NA,unknown,unknown,unknown,unknown,unknown,unknown,unknown,unknown,unknown,unknown,unknown,unknown,unknown,NA,unknown,unknown,NA,NA,NA,unknown,NA,unknown,unknown,unknown,unknown,unknown,NA,7.2,27.6,182,68,12.1,2384.7,5.7,5.2,57.4,288.1,98.6,0,0.4,17
5_demultiplex.bc1020--bc1065.hifi_reads,F11,2,sample,6DA.03,6DA.03.01,NA,NA,51.130528,-1.46625,13,2,2025,01/01/2024,13/02/2025,409,winter_wheat,NA,spring_oats,NA,winter_wheat,NA,OSR,NA,spring_barley,NA,winter_wheat,NA,cv Crusoe,No,N/A,not_seen,Yes,Yes,Yes,Yes,No,No,No,No,No,NA,NA,NA,NA,NA,NA,NA,NA,NA,NA,NA,Yes,Strip tillage,NA,7.2,42.2,294,89,19.5,2570.9,4.8,8.3,104,224.5,43.5,0,0.8,18.9
5_demultiplex.bc1020--bc1075.hifi_reads,F12,2,gt_control,S3,S3,NA,NA,NA,NA,NA,NA,NA,NA,NA,NA,NA,NA,NA,NA,NA,NA,NA,NA,NA,NA,NA,NA,NA,NA,NA,NA,NA,NA,NA,NA,NA,NA,NA,NA,NA,NA,NA,NA,NA,NA,NA,NA,NA,NA,NA,NA,NA,NA,NA,NA,NA,NA,NA,NA,NA,NA,NA,NA,NA,NA,NA,NA,NA
5_demultiplex.bc1022--bc1033.hifi_reads,G1,2,sample,8JF.03,8JF.03.06,NA,NA,53.8375,-0.513111,4,2,2025,01/01/2024,02/04/2025,400,wheat,NA,wheat,NA,Peas,NA,wheat,NA,wheat,NA,OSR,NA,NA,Yes,Black lesions,Five years or more,Yes,Yes,Yes,Yes,Mg,Sulphur,No,No,No,NA,N 3x spring,Yes,NA,NA,NA,NA,Every 4 yrs,No,Yes,Yes,Yes,Reduced tillage,NA,7.8,21.6,214,52,24.4,2704.9,4.9,7.1,167.1,134.7,38.9,0,0.9,19.1
5_demultiplex.bc1022--bc1035.hifi_reads,G2,2,sample,8JF.03,8JF.03.14,NA,NA,53.8375,-0.513111,4,2,2025,01/01/2024,02/04/2025,400,wheat,NA,wheat,NA,Peas,NA,wheat,NA,wheat,NA,OSR,NA,NA,Yes,Black lesions,Five years or more,Yes,Yes,Yes,Yes,Mg,Sulphur,No,No,No,NA,N 3x spring,Yes,NA,NA,NA,NA,Every 4 yrs,No,Yes,Yes,Yes,Reduced tillage,NA,7.8,21.6,214,52,24.4,2704.9,4.9,7.1,167.1,134.7,38.9,0,0.9,19.1
5_demultiplex.bc1022--bc1044.hifi_reads,G3,2,sample,6DA.02,6DA.02.01,NA,NA,51.12525,-1.444222,12,2,2025,01/01/2024,02/12/2025,408,winter_wheat,NA,herbal_ ley,NA,herbal_ley,NA,herbal_ley,NA,lucerne,NA,lucerne,NA,cv Soissons,No,N/A,not_seen,Yes,Yes,Yes,Yes,No,No,No,No,No,NA,NA,NA,NA,NA,NA,NA,NA,NA,NA,NA,Yes,Direct drilling,NA,7.7,59,392,125,22.6,2871.7,2.9,15.2,120.5,175.6,67.7,0,0.6,21.6
5_demultiplex.bc1022--bc1045.hifi_reads,G4,2,sample,6DA.02,6DA.02.09,NA,NA,51.12525,-1.444222,12,2,2025,01/01/2024,02/12/2025,408,winter_wheat,NA,herbal_ ley,NA,herbal_ley,NA,herbal_ley,NA,lucerne,NA,lucerne,NA,cv Soissons,No,N/A,not_seen,Yes,Yes,Yes,Yes,No,No,No,No,No,NA,NA,NA,NA,NA,NA,NA,NA,NA,NA,NA,Yes,Direct drilling,NA,7.7,59,392,125,22.6,2871.7,2.9,15.2,120.5,175.6,67.7,0,0.6,21.6
5_demultiplex.bc1022--bc1054.hifi_reads,G5,2,sample,6DA.02,6DA.02.17,NA,NA,51.12525,-1.444222,12,2,2025,01/01/2024,02/12/2025,408,winter_wheat,NA,herbal_ ley,NA,herbal_ley,NA,herbal_ley,NA,lucerne,NA,lucerne,NA,cv Soissons,No,N/A,not_seen,Yes,Yes,Yes,Yes,No,No,No,No,No,NA,NA,NA,NA,NA,NA,NA,NA,NA,NA,NA,Yes,Direct drilling,NA,7.7,59,392,125,22.6,2871.7,2.9,15.2,120.5,175.6,67.7,0,0.6,21.6
5_demultiplex.bc1022--bc1056.hifi_reads,G6,2,sample,F17.01,F17.01.04,NA,NA,53.1985403,-0.3623798,23,1,2025,01/01/2024,23/01/2025,388,group_2,NA,potatoes,NA,feed_wheat,NA,OSR,NA,group_2,NA,maize,NA,NA,No,N/A,not_seen,Yes,Yes,Yes,No,Yes,No,No,No,Yes,NA,Per crop requirements,Yes,NA,NA,NA,Yes,NA,Yes,Yes,Yes,Yes,Primary tilling,NA,6.6,22.6,279,155,26,4642.8,2.7,4.9,29.7,455.6,134.4,0,0.4,34.4
5_demultiplex.bc1022--bc1057.hifi_reads,G7,2,sample,F17.01,F17.01.12,NA,NA,53.1985403,-0.3623798,23,1,2025,01/01/2024,23/01/2025,388,group_2,NA,potatoes,NA,feed_wheat,NA,OSR,NA,group_2,NA,maize,NA,NA,No,N/A,not_seen,Yes,Yes,Yes,No,Yes,No,No,No,Yes,NA,Per crop requirements,Yes,NA,NA,NA,Yes,NA,Yes,Yes,Yes,Yes,Primary tilling,NA,6.6,22.6,279,155,26,4642.8,2.7,4.9,29.7,455.6,134.4,0,0.4,34.4
5_demultiplex.bc1022--bc1059.hifi_reads,G8,2,sample,F17.01,F17.01.20,NA,NA,53.1985403,-0.3623798,23,1,2025,01/01/2024,23/01/2025,388,group_2,NA,potatoes,NA,feed_wheat,NA,OSR,NA,group_2,NA,maize,NA,NA,No,N/A,not_seen,Yes,Yes,Yes,No,Yes,No,No,No,Yes,NA,Per crop requirements,Yes,NA,NA,NA,Yes,NA,Yes,Yes,Yes,Yes,Primary tilling,NA,6.6,22.6,279,155,26,4642.8,2.7,4.9,29.7,455.6,134.4,0,0.4,34.4
5_demultiplex.bc1022--bc1060.hifi_reads,G9,2,sample,6FX.02,6FX.02.07,NA,NA,52.041361,-0.915361,3,3,2025,01/01/2024,03/03/2025,427,unknown,NA,unknown,NA,unknown,NA,unknown,NA,unknown,NA,NA,NA,unknown,unknown,unknown,unknown,unknown,unknown,unknown,unknown,unknown,unknown,unknown,unknown,unknown,NA,unknown,unknown,NA,NA,NA,unknown,NA,unknown,unknown,unknown,unknown,unknown,NA,7.2,27.6,182,68,12.1,2384.7,5.7,5.2,57.4,288.1,98.6,0,0.4,17
5_demultiplex.bc1022--bc1062.hifi_reads,G10,2,sample,6FX.02,6FX.02.15,NA,NA,52.041361,-0.915361,3,3,2025,01/01/2024,03/03/2025,427,unknown,NA,unknown,NA,unknown,NA,unknown,NA,unknown,NA,NA,NA,unknown,unknown,unknown,unknown,unknown,unknown,unknown,unknown,unknown,unknown,unknown,unknown,unknown,NA,unknown,unknown,NA,NA,NA,unknown,NA,unknown,unknown,unknown,unknown,unknown,NA,7.2,27.6,182,68,12.1,2384.7,5.7,5.2,57.4,288.1,98.6,0,0.4,17
5_demultiplex.bc1022--bc1065.hifi_reads,G11,2,sample,6DA.03,6DA.03.02,NA,NA,51.130528,-1.46625,13,2,2025,01/01/2024,13/02/2025,409,winter_wheat,NA,spring_oats,NA,winter_wheat,NA,OSR,NA,spring_barley,NA,winter_wheat,NA,cv Crusoe,No,N/A,not_seen,Yes,Yes,Yes,Yes,No,No,No,No,No,NA,NA,NA,NA,NA,NA,NA,NA,NA,NA,NA,Yes,Strip tillage,NA,7.2,42.2,294,89,19.5,2570.9,4.8,8.3,104,224.5,43.5,0,0.8,18.9
5_demultiplex.bc1024--bc1033.hifi_reads,H1,2,sample,8JF.03,8JF.03.07,NA,NA,53.8375,-0.513111,4,2,2025,01/01/2024,02/04/2025,400,wheat,NA,wheat,NA,Peas,NA,wheat,NA,wheat,NA,OSR,NA,NA,Yes,Black lesions,Five years or more,Yes,Yes,Yes,Yes,Mg,Sulphur,No,No,No,NA,N 3x spring,Yes,NA,NA,NA,NA,Every 4 yrs,No,Yes,Yes,Yes,Reduced tillage,NA,7.8,21.6,214,52,24.4,2704.9,4.9,7.1,167.1,134.7,38.9,0,0.9,19.1
5_demultiplex.bc1024--bc1035.hifi_reads,H2,2,sample,8JF.03,8JF.03.15,NA,NA,53.8375,-0.513111,4,2,2025,01/01/2024,02/04/2025,400,wheat,NA,wheat,NA,Peas,NA,wheat,NA,wheat,NA,OSR,NA,NA,Yes,Black lesions,Five years or more,Yes,Yes,Yes,Yes,Mg,Sulphur,No,No,No,NA,N 3x spring,Yes,NA,NA,NA,NA,Every 4 yrs,No,Yes,Yes,Yes,Reduced tillage,NA,7.8,21.6,214,52,24.4,2704.9,4.9,7.1,167.1,134.7,38.9,0,0.9,19.1
5_demultiplex.bc1024--bc1044.hifi_reads,H3,2,sample,6DA.02,6DA.02.02,NA,NA,51.12525,-1.444222,12,2,2025,01/01/2024,02/12/2025,408,winter_wheat,NA,herbal_ ley,NA,herbal_ley,NA,herbal_ley,NA,lucerne,NA,lucerne,NA,cv Soissons,No,N/A,not_seen,Yes,Yes,Yes,Yes,No,No,No,No,No,NA,NA,NA,NA,NA,NA,NA,NA,NA,NA,NA,Yes,Direct drilling,NA,7.7,59,392,125,22.6,2871.7,2.9,15.2,120.5,175.6,67.7,0,0.6,21.6
5_demultiplex.bc1024--bc1045.hifi_reads,H4,2,sample,6DA.02,6DA.02.10,NA,NA,51.12525,-1.444222,12,2,2025,01/01/2024,02/12/2025,408,winter_wheat,NA,herbal_ ley,NA,herbal_ley,NA,herbal_ley,NA,lucerne,NA,lucerne,NA,cv Soissons,No,N/A,not_seen,Yes,Yes,Yes,Yes,No,No,No,No,No,NA,NA,NA,NA,NA,NA,NA,NA,NA,NA,NA,Yes,Direct drilling,NA,7.7,59,392,125,22.6,2871.7,2.9,15.2,120.5,175.6,67.7,0,0.6,21.6
5_demultiplex.bc1024--bc1054.hifi_reads,H5,2,sample,6DA.02,6DA.02.18,NA,NA,51.12525,-1.444222,12,2,2025,01/01/2024,02/12/2025,408,winter_wheat,NA,herbal_ ley,NA,herbal_ley,NA,herbal_ley,NA,lucerne,NA,lucerne,NA,cv Soissons,No,N/A,not_seen,Yes,Yes,Yes,Yes,No,No,No,No,No,NA,NA,NA,NA,NA,NA,NA,NA,NA,NA,NA,Yes,Direct drilling,NA,7.7,59,392,125,22.6,2871.7,2.9,15.2,120.5,175.6,67.7,0,0.6,21.6
5_demultiplex.bc1024--bc1056.hifi_reads,H6,2,sample,F17.01,F17.01.05,NA,NA,53.1985403,-0.3623798,23,1,2025,01/01/2024,23/01/2025,388,group_2,NA,potatoes,NA,feed_wheat,NA,OSR,NA,group_2,NA,maize,NA,NA,No,N/A,not_seen,Yes,Yes,Yes,No,Yes,No,No,No,Yes,NA,Per crop requirements,Yes,NA,NA,NA,Yes,NA,Yes,Yes,Yes,Yes,Primary tilling,NA,6.6,22.6,279,155,26,4642.8,2.7,4.9,29.7,455.6,134.4,0,0.4,34.4
5_demultiplex.bc1024--bc1057.hifi_reads,H7,2,sample,F17.01,F17.01.13,NA,NA,53.1985403,-0.3623798,23,1,2025,01/01/2024,23/01/2025,388,group_2,NA,potatoes,NA,feed_wheat,NA,OSR,NA,group_2,NA,maize,NA,NA,No,N/A,not_seen,Yes,Yes,Yes,No,Yes,No,No,No,Yes,NA,Per crop requirements,Yes,NA,NA,NA,Yes,NA,Yes,Yes,Yes,Yes,Primary tilling,NA,6.6,22.6,279,155,26,4642.8,2.7,4.9,29.7,455.6,134.4,0,0.4,34.4
5_demultiplex.bc1024--bc1059.hifi_reads,H8,2,farmer_kit,F17.01,F17.1.108.FK,108,SFK,53.1985403,-0.3623798,23,1,2025,01/01/2024,23/01/2025,388,group_2,NA,potatoes,NA,feed_wheat,NA,OSR,NA,group_2,NA,maize,NA,NA,No,N/A,not_seen,Yes,Yes,Yes,No,Yes,No,No,No,Yes,NA,Per crop requirements,Yes,NA,NA,NA,Yes,NA,Yes,Yes,Yes,Yes,Primary tilling,NA,6.6,22.6,279,155,26,4642.8,2.7,4.9,29.7,455.6,134.4,0,0.4,34.4
5_demultiplex.bc1024--bc1060.hifi_reads,H9,2,sample,6FX.02,6FX.02.08,NA,NA,52.041361,-0.915361,3,3,2025,01/01/2024,03/03/2025,427,unknown,NA,unknown,NA,unknown,NA,unknown,NA,unknown,NA,NA,NA,unknown,unknown,unknown,unknown,unknown,unknown,unknown,unknown,unknown,unknown,unknown,unknown,unknown,NA,unknown,unknown,NA,NA,NA,unknown,NA,unknown,unknown,unknown,unknown,unknown,NA,7.2,27.6,182,68,12.1,2384.7,5.7,5.2,57.4,288.1,98.6,0,0.4,17
5_demultiplex.bc1024--bc1062.hifi_reads,H10,2,sample,6FX.02,6FX.02.16,NA,NA,52.041361,-0.915361,3,3,2025,01/01/2024,03/03/2025,427,unknown,NA,unknown,NA,unknown,NA,unknown,NA,unknown,NA,NA,NA,unknown,unknown,unknown,unknown,unknown,unknown,unknown,unknown,unknown,unknown,unknown,unknown,unknown,NA,unknown,unknown,NA,NA,NA,unknown,NA,unknown,unknown,unknown,unknown,unknown,NA,7.2,27.6,182,68,12.1,2384.7,5.7,5.2,57.4,288.1,98.6,0,0.4,17
5_demultiplex.bc1024--bc1065.hifi_reads,H11,2,sample,6DA.03,6DA.03.03,NA,NA,51.130528,-1.46625,13,2,2025,01/01/2024,13/02/2025,409,winter_wheat,NA,spring_oats,NA,winter_wheat,NA,OSR,NA,spring_barley,NA,winter_wheat,NA,cv Crusoe,No,N/A,not_seen,Yes,Yes,Yes,Yes,No,No,No,No,No,NA,NA,NA,NA,NA,NA,NA,NA,NA,NA,NA,Yes,Strip tillage,NA,7.2,42.2,294,89,19.5,2570.9,4.8,8.3,104,224.5,43.5,0,0.8,18.9
5_demultiplex.bc1005--bc1076.hifi_reads,A1,2,sample,6DA.03,6DA.03.10,NA,NA,51.130528,-1.46625,13,2,2025,01/01/2024,13/02/2025,409,winter_wheat,NA,spring_oats,NA,winter_wheat,NA,OSR,NA,spring_barley,NA,winter_wheat,NA,cv Crusoe,No,N/A,not_seen,Yes,Yes,Yes,Yes,No,No,No,No,No,NA,NA,NA,NA,NA,NA,NA,NA,NA,NA,NA,Yes,Strip tillage,NA,7.2,42.2,294,89,19.5,2570.9,4.8,8.3,104,224.5,43.5,0,0.8,18.9
5_demultiplex.bc1005--bc1082.hifi_reads,A2,2,sample,6DA.03,6DA.03.18,NA,NA,51.130528,-1.46625,13,2,2025,01/01/2024,13/02/2025,409,winter_wheat,NA,spring_oats,NA,winter_wheat,NA,OSR,NA,spring_barley,NA,winter_wheat,NA,cv Crusoe,No,N/A,not_seen,Yes,Yes,Yes,Yes,No,No,No,No,No,NA,NA,NA,NA,NA,NA,NA,NA,NA,NA,NA,Yes,Strip tillage,NA,7.2,42.2,294,89,19.5,2570.9,4.8,8.3,104,224.5,43.5,0,0.8,18.9
5_demultiplex.bc1005--bc1083.hifi_reads,A3,2,sample,MD1.01,MD1.01.05,NA,NA,53.1781748,-0.3528241,21,1,2025,01/01/2024,21/01/2025,386,group_3,NA,maize,NA,feed_wheat,NA,OSR,NA,group_1_2nd,NA,spring_wheat,NA,NA,No,N/A,not_seen,Yes,Yes,Yes,No,Yes,No,No,No,Yes,NA,Per crop requirements,Yes,NA,NA,NA,Yes,NA,Yes,Yes,Yes,Yes,Primary tilling,NA,7.6,15.6,285,240,18.2,3607.7,5.9,5.9,45.7,441.6,141.5,0,0.4,27.3
5_demultiplex.bc1005--bc1089.hifi_reads,A4,2,sample,MD1.01,MD1.01.13,NA,NA,53.1781748,-0.3528241,21,1,2025,01/01/2024,21/01/2025,386,group_3,NA,maize,NA,feed_wheat,NA,OSR,NA,group_1_2nd,NA,spring_wheat,NA,NA,No,N/A,not_seen,Yes,Yes,Yes,No,Yes,No,No,No,Yes,NA,Per crop requirements,Yes,NA,NA,NA,Yes,NA,Yes,Yes,Yes,Yes,Primary tilling,NA,7.6,15.6,285,240,18.2,3607.7,5.9,5.9,45.7,441.6,141.5,0,0.4,27.3
5_demultiplex.bc1005--bc1096.hifi_reads,A5,2,farmer_kit,MD1.01,MD1.1.105.FK,105,SFK,53.1781748,-0.3528241,21,1,2025,01/01/2024,21/01/2025,386,group_3,NA,maize,NA,feed_wheat,NA,OSR,NA,group_1_2nd,NA,spring_wheat,NA,NA,No,N/A,not_seen,Yes,Yes,Yes,No,Yes,No,No,No,Yes,NA,Per crop requirements,Yes,NA,NA,NA,Yes,NA,Yes,Yes,Yes,Yes,Primary tilling,NA,7.6,15.6,285,240,18.2,3607.7,5.9,5.9,45.7,441.6,141.5,0,0.4,27.3
5_demultiplex.bc1005--bc1098.hifi_reads,A6,2,sample,8JF.04,8JF.04.08,NA,NA,53.834361,-0.5275,5,2,2025,01/01/2024,02/05/2025,401,wheat,NA,Peas,NA,wheat,NA,wheat,NA,OSR,NA,wheat,NA,NA,Yes,Black lesions,Five years or more,Yes,Yes,Yes,Yes,Mg,Sulphur,No,No,No,NA,N 3x spring,Yes,NA,NA,NA,NA,Every 4 yrs,No,Yes,Yes,Yes,Reduced tillage,NA,8,29.2,291,56,54.8,2788.1,5.1,8.3,170.3,119.7,65.1,0,0.9,20.1
5_demultiplex.bc1005--bc1101.hifi_reads,A8,2,sample,6DA.04,6DA.04.03,NA,NA,51.140722,-1.457222,13,2,2025,01/01/2024,13/02/2025,409,winter_wheat,NA,herbal_ ley,NA,herbal_ley,NA,herbal_ley,NA,spring_barley,NA,grass_ley,NA,cv Soissons,No,N/A,not_seen,Yes,Yes,Yes,Yes,No,No,No,No,No,NA,NA,NA,NA,NA,NA,NA,NA,NA,NA,NA,Yes,Direct drilling,NA,7.5,58.4,414,130,26.3,3215.8,4.3,11.7,175.1,180.8,55.1,0,0.9,24
5_demultiplex.bc1005--bc1105.hifi_reads,A9,2,sample,6DA.04,6DA.04.11,NA,NA,51.140722,-1.457222,13,2,2025,01/01/2024,13/02/2025,409,winter_wheat,NA,herbal_ ley,NA,herbal_ley,NA,herbal_ley,NA,spring_barley,NA,grass_ley,NA,cv Soissons,No,N/A,not_seen,Yes,Yes,Yes,Yes,No,No,No,No,No,NA,NA,NA,NA,NA,NA,NA,NA,NA,NA,NA,Yes,Direct drilling,NA,7.5,58.4,414,130,26.3,3215.8,4.3,11.7,175.1,180.8,55.1,0,0.9,24
5_demultiplex.bc1005--bc1107.hifi_reads,A10,2,sample,6DA.04,6DA.04.19,NA,NA,51.140722,-1.457222,13,2,2025,01/01/2024,13/02/2025,409,winter_wheat,NA,herbal_ ley,NA,herbal_ley,NA,herbal_ley,NA,spring_barley,NA,grass_ley,NA,cv Soissons,No,N/A,not_seen,Yes,Yes,Yes,Yes,No,No,No,No,No,NA,NA,NA,NA,NA,NA,NA,NA,NA,NA,NA,Yes,Direct drilling,NA,7.5,58.4,414,130,26.3,3215.8,4.3,11.7,175.1,180.8,55.1,0,0.9,24
5_demultiplex.bc1005--bc1110.hifi_reads,A11,2,sample,6FX.01,6FX.01.06,NA,NA,52.039222,-0.915806,3,3,2025,01/01/2024,03/03/2025,427,unknown,NA,unknown,NA,unknown,NA,unknown,NA,unknown,NA,NA,NA,unknown,unknown,unknown,unknown,unknown,unknown,unknown,unknown,unknown,unknown,unknown,unknown,unknown,NA,unknown,unknown,NA,NA,NA,unknown,NA,unknown,unknown,unknown,unknown,unknown,NA,5.8,26,114,36,16.2,1946.7,4.1,5.9,21.9,461.7,135.9,0,0.2,17.9
5_demultiplex.bc1005--bc1112.hifi_reads,A12,2,sample,6FX.01,6FX.01.14,NA,NA,52.039222,-0.915806,3,3,2025,01/01/2024,03/03/2025,427,unknown,NA,unknown,NA,unknown,NA,unknown,NA,unknown,NA,NA,NA,unknown,unknown,unknown,unknown,unknown,unknown,unknown,unknown,unknown,unknown,unknown,unknown,unknown,NA,unknown,unknown,NA,NA,NA,unknown,NA,unknown,unknown,unknown,unknown,unknown,NA,5.8,26,114,36,16.2,1946.7,4.1,5.9,21.9,461.7,135.9,0,0.2,17.9
5_demultiplex.bc1007--bc1076.hifi_reads,B1,2,sample,6DA.03,6DA.03.11,NA,NA,51.130528,-1.46625,13,2,2025,01/01/2024,13/02/2025,409,winter_wheat,NA,spring_oats,NA,winter_wheat,NA,OSR,NA,spring_barley,NA,winter_wheat,NA,cv Crusoe,No,N/A,not_seen,Yes,Yes,Yes,Yes,No,No,No,No,No,NA,NA,NA,NA,NA,NA,NA,NA,NA,NA,NA,Yes,Strip tillage,NA,7.2,42.2,294,89,19.5,2570.9,4.8,8.3,104,224.5,43.5,0,0.8,18.9
5_demultiplex.bc1007--bc1082.hifi_reads,B2,2,sample,6DA.03,6DA.03.19,NA,NA,51.130528,-1.46625,13,2,2025,01/01/2024,13/02/2025,409,winter_wheat,NA,spring_oats,NA,winter_wheat,NA,OSR,NA,spring_barley,NA,winter_wheat,NA,cv Crusoe,No,N/A,not_seen,Yes,Yes,Yes,Yes,No,No,No,No,No,NA,NA,NA,NA,NA,NA,NA,NA,NA,NA,NA,Yes,Strip tillage,NA,7.2,42.2,294,89,19.5,2570.9,4.8,8.3,104,224.5,43.5,0,0.8,18.9
5_demultiplex.bc1007--bc1083.hifi_reads,B3,2,sample,MD1.01,MD1.01.06,NA,NA,53.1781748,-0.3528241,21,1,2025,01/01/2024,21/01/2025,386,group_3,NA,maize,NA,feed_wheat,NA,OSR,NA,group_1_2nd,NA,spring_wheat,NA,NA,No,N/A,not_seen,Yes,Yes,Yes,No,Yes,No,No,No,Yes,NA,Per crop requirements,Yes,NA,NA,NA,Yes,NA,Yes,Yes,Yes,Yes,Primary tilling,NA,7.6,15.6,285,240,18.2,3607.7,5.9,5.9,45.7,441.6,141.5,0,0.4,27.3
5_demultiplex.bc1007--bc1089.hifi_reads,B4,2,sample,MD1.01,MD1.01.14,NA,NA,53.1781748,-0.3528241,21,1,2025,01/01/2024,21/01/2025,386,group_3,NA,maize,NA,feed_wheat,NA,OSR,NA,group_1_2nd,NA,spring_wheat,NA,NA,No,N/A,not_seen,Yes,Yes,Yes,No,Yes,No,No,No,Yes,NA,Per crop requirements,Yes,NA,NA,NA,Yes,NA,Yes,Yes,Yes,Yes,Primary tilling,NA,7.6,15.6,285,240,18.2,3607.7,5.9,5.9,45.7,441.6,141.5,0,0.4,27.3
5_demultiplex.bc1007--bc1096.hifi_reads,B5,2,sample,8JF.04,8JF.04.01,NA,NA,53.834361,-0.5275,5,2,2025,01/01/2024,02/05/2025,401,wheat,NA,Peas,NA,wheat,NA,wheat,NA,OSR,NA,wheat,NA,NA,Yes,Black lesions,Five years or more,Yes,Yes,Yes,Yes,Mg,Sulphur,No,No,No,NA,N 3x spring,Yes,NA,NA,NA,NA,Every 4 yrs,No,Yes,Yes,Yes,Reduced tillage,NA,8,29.2,291,56,54.8,2788.1,5.1,8.3,170.3,119.7,65.1,0,0.9,20.1
5_demultiplex.bc1007--bc1098.hifi_reads,B6,2,sample,8JF.04,8JF.04.09,NA,NA,53.834361,-0.5275,5,2,2025,01/01/2024,02/05/2025,401,wheat,NA,Peas,NA,wheat,NA,wheat,NA,OSR,NA,wheat,NA,NA,Yes,Black lesions,Five years or more,Yes,Yes,Yes,Yes,Mg,Sulphur,No,No,No,NA,N 3x spring,Yes,NA,NA,NA,NA,Every 4 yrs,No,Yes,Yes,Yes,Reduced tillage,NA,8,29.2,291,56,54.8,2788.1,5.1,8.3,170.3,119.7,65.1,0,0.9,20.1
5_demultiplex.bc1007--bc1101.hifi_reads,B8,2,sample,6DA.04,6DA.04.04,NA,NA,51.140722,-1.457222,13,2,2025,01/01/2024,13/02/2025,409,winter_wheat,NA,herbal_ ley,NA,herbal_ley,NA,herbal_ley,NA,spring_barley,NA,grass_ley,NA,cv Soissons,No,N/A,not_seen,Yes,Yes,Yes,Yes,No,No,No,No,No,NA,NA,NA,NA,NA,NA,NA,NA,NA,NA,NA,Yes,Direct drilling,NA,7.5,58.4,414,130,26.3,3215.8,4.3,11.7,175.1,180.8,55.1,0,0.9,24
5_demultiplex.bc1007--bc1105.hifi_reads,B9,2,sample,6DA.04,6DA.04.12,NA,NA,51.140722,-1.457222,13,2,2025,01/01/2024,13/02/2025,409,winter_wheat,NA,herbal_ ley,NA,herbal_ley,NA,herbal_ley,NA,spring_barley,NA,grass_ley,NA,cv Soissons,No,N/A,not_seen,Yes,Yes,Yes,Yes,No,No,No,No,No,NA,NA,NA,NA,NA,NA,NA,NA,NA,NA,NA,Yes,Direct drilling,NA,7.5,58.4,414,130,26.3,3215.8,4.3,11.7,175.1,180.8,55.1,0,0.9,24
5_demultiplex.bc1007--bc1107.hifi_reads,B10,2,sample,6DA.04,6DA.04.20,NA,NA,51.140722,-1.457222,13,2,2025,01/01/2024,13/02/2025,409,winter_wheat,NA,herbal_ ley,NA,herbal_ley,NA,herbal_ley,NA,spring_barley,NA,grass_ley,NA,cv Soissons,No,N/A,not_seen,Yes,Yes,Yes,Yes,No,No,No,No,No,NA,NA,NA,NA,NA,NA,NA,NA,NA,NA,NA,Yes,Direct drilling,NA,7.5,58.4,414,130,26.3,3215.8,4.3,11.7,175.1,180.8,55.1,0,0.9,24
5_demultiplex.bc1007--bc1110.hifi_reads,B11,2,sample,6FX.01,6FX.01.07,NA,NA,52.039222,-0.915806,3,3,2025,01/01/2024,03/03/2025,427,unknown,NA,unknown,NA,unknown,NA,unknown,NA,unknown,NA,NA,NA,unknown,unknown,unknown,unknown,unknown,unknown,unknown,unknown,unknown,unknown,unknown,unknown,unknown,NA,unknown,unknown,NA,NA,NA,unknown,NA,unknown,unknown,unknown,unknown,unknown,NA,5.8,26,114,36,16.2,1946.7,4.1,5.9,21.9,461.7,135.9,0,0.2,17.9
5_demultiplex.bc1007--bc1112.hifi_reads,B12,2,sample,6FX.01,6FX.01.15,NA,NA,52.039222,-0.915806,3,3,2025,01/01/2024,03/03/2025,427,unknown,NA,unknown,NA,unknown,NA,unknown,NA,unknown,NA,NA,NA,unknown,unknown,unknown,unknown,unknown,unknown,unknown,unknown,unknown,unknown,unknown,unknown,unknown,NA,unknown,unknown,NA,NA,NA,unknown,NA,unknown,unknown,unknown,unknown,unknown,NA,5.8,26,114,36,16.2,1946.7,4.1,5.9,21.9,461.7,135.9,0,0.2,17.9
5_demultiplex.bc1008--bc1076.hifi_reads,C1,2,sample,6DA.03,6DA.03.12,NA,NA,51.130528,-1.46625,13,2,2025,01/01/2024,13/02/2025,409,winter_wheat,NA,spring_oats,NA,winter_wheat,NA,OSR,NA,spring_barley,NA,winter_wheat,NA,cv Crusoe,No,N/A,not_seen,Yes,Yes,Yes,Yes,No,No,No,No,No,NA,NA,NA,NA,NA,NA,NA,NA,NA,NA,NA,Yes,Strip tillage,NA,7.2,42.2,294,89,19.5,2570.9,4.8,8.3,104,224.5,43.5,0,0.8,18.9
5_demultiplex.bc1008--bc1082.hifi_reads,C2,2,sample,6DA.03,6DA.03.20,NA,NA,51.130528,-1.46625,13,2,2025,01/01/2024,13/02/2025,409,winter_wheat,NA,spring_oats,NA,winter_wheat,NA,OSR,NA,spring_barley,NA,winter_wheat,NA,cv Crusoe,No,N/A,not_seen,Yes,Yes,Yes,Yes,No,No,No,No,No,NA,NA,NA,NA,NA,NA,NA,NA,NA,NA,NA,Yes,Strip tillage,NA,7.2,42.2,294,89,19.5,2570.9,4.8,8.3,104,224.5,43.5,0,0.8,18.9
5_demultiplex.bc1008--bc1083.hifi_reads,C3,2,sample,MD1.01,MD1.01.07,NA,NA,53.1781748,-0.3528241,21,1,2025,01/01/2024,21/01/2025,386,group_3,NA,maize,NA,feed_wheat,NA,OSR,NA,group_1_2nd,NA,spring_wheat,NA,NA,No,N/A,not_seen,Yes,Yes,Yes,No,Yes,No,No,No,Yes,NA,Per crop requirements,Yes,NA,NA,NA,Yes,NA,Yes,Yes,Yes,Yes,Primary tilling,NA,7.6,15.6,285,240,18.2,3607.7,5.9,5.9,45.7,441.6,141.5,0,0.4,27.3
5_demultiplex.bc1008--bc1089.hifi_reads,C4,2,sample,MD1.01,MD1.01.15,NA,NA,53.1781748,-0.3528241,21,1,2025,01/01/2024,21/01/2025,386,group_3,NA,maize,NA,feed_wheat,NA,OSR,NA,group_1_2nd,NA,spring_wheat,NA,NA,No,N/A,not_seen,Yes,Yes,Yes,No,Yes,No,No,No,Yes,NA,Per crop requirements,Yes,NA,NA,NA,Yes,NA,Yes,Yes,Yes,Yes,Primary tilling,NA,7.6,15.6,285,240,18.2,3607.7,5.9,5.9,45.7,441.6,141.5,0,0.4,27.3
5_demultiplex.bc1008--bc1096.hifi_reads,C5,2,sample,8JF.04,8JF.04.02,NA,NA,53.834361,-0.5275,5,2,2025,01/01/2024,02/05/2025,401,wheat,NA,Peas,NA,wheat,NA,wheat,NA,OSR,NA,wheat,NA,NA,Yes,Black lesions,Five years or more,Yes,Yes,Yes,Yes,Mg,Sulphur,No,No,No,NA,N 3x spring,Yes,NA,NA,NA,NA,Every 4 yrs,No,Yes,Yes,Yes,Reduced tillage,NA,8,29.2,291,56,54.8,2788.1,5.1,8.3,170.3,119.7,65.1,0,0.9,20.1
5_demultiplex.bc1008--bc1098.hifi_reads,C6,2,sample,8JF.04,8JF.04.10,NA,NA,53.834361,-0.5275,5,2,2025,01/01/2024,02/05/2025,401,wheat,NA,Peas,NA,wheat,NA,wheat,NA,OSR,NA,wheat,NA,NA,Yes,Black lesions,Five years or more,Yes,Yes,Yes,Yes,Mg,Sulphur,No,No,No,NA,N 3x spring,Yes,NA,NA,NA,NA,Every 4 yrs,No,Yes,Yes,Yes,Reduced tillage,NA,8,29.2,291,56,54.8,2788.1,5.1,8.3,170.3,119.7,65.1,0,0.9,20.1
5_demultiplex.bc1008--bc1100.hifi_reads,C7,2,sample,8JF.04,8JF.04.18,NA,NA,53.834361,-0.5275,5,2,2025,01/01/2024,02/05/2025,401,wheat,NA,Peas,NA,wheat,NA,wheat,NA,OSR,NA,wheat,NA,NA,Yes,Black lesions,Five years or more,Yes,Yes,Yes,Yes,Mg,Sulphur,No,No,No,NA,N 3x spring,Yes,NA,NA,NA,NA,Every 4 yrs,No,Yes,Yes,Yes,Reduced tillage,NA,8,29.2,291,56,54.8,2788.1,5.1,8.3,170.3,119.7,65.1,0,0.9,20.1
5_demultiplex.bc1008--bc1101.hifi_reads,C8,2,sample,6DA.04,6DA.04.05,NA,NA,51.140722,-1.457222,13,2,2025,01/01/2024,13/02/2025,409,winter_wheat,NA,herbal_ ley,NA,herbal_ley,NA,herbal_ley,NA,spring_barley,NA,grass_ley,NA,cv Soissons,No,N/A,not_seen,Yes,Yes,Yes,Yes,No,No,No,No,No,NA,NA,NA,NA,NA,NA,NA,NA,NA,NA,NA,Yes,Direct drilling,NA,7.5,58.4,414,130,26.3,3215.8,4.3,11.7,175.1,180.8,55.1,0,0.9,24
5_demultiplex.bc1008--bc1105.hifi_reads,C9,2,sample,6DA.04,6DA.04.13,NA,NA,51.140722,-1.457222,13,2,2025,01/01/2024,13/02/2025,409,winter_wheat,NA,herbal_ ley,NA,herbal_ley,NA,herbal_ley,NA,spring_barley,NA,grass_ley,NA,cv Soissons,No,N/A,not_seen,Yes,Yes,Yes,Yes,No,No,No,No,No,NA,NA,NA,NA,NA,NA,NA,NA,NA,NA,NA,Yes,Direct drilling,NA,7.5,58.4,414,130,26.3,3215.8,4.3,11.7,175.1,180.8,55.1,0,0.9,24
5_demultiplex.bc1008--bc1107.hifi_reads,C10,2,farmer_kit,6DA.04,6DA.4.88.FK,88,SFK,51.140722,-1.457222,13,2,2025,01/01/2024,13/02/2025,409,winter_wheat,NA,herbal_ ley,NA,herbal_ley,NA,herbal_ley,NA,spring_barley,NA,grass_ley,NA,cv Soissons,No,N/A,not_seen,Yes,Yes,Yes,Yes,No,No,No,No,No,NA,NA,NA,NA,NA,NA,NA,NA,NA,NA,NA,Yes,Direct drilling,NA,7.5,58.4,414,130,26.3,3215.8,4.3,11.7,175.1,180.8,55.1,0,0.9,24
5_demultiplex.bc1008--bc1110.hifi_reads,C11,2,sample,6FX.01,6FX.01.08,NA,NA,52.039222,-0.915806,3,3,2025,01/01/2024,03/03/2025,427,unknown,NA,unknown,NA,unknown,NA,unknown,NA,unknown,NA,NA,NA,unknown,unknown,unknown,unknown,unknown,unknown,unknown,unknown,unknown,unknown,unknown,unknown,unknown,NA,unknown,unknown,NA,NA,NA,unknown,NA,unknown,unknown,unknown,unknown,unknown,NA,5.8,26,114,36,16.2,1946.7,4.1,5.9,21.9,461.7,135.9,0,0.2,17.9
5_demultiplex.bc1008--bc1112.hifi_reads,C12,2,sample,6FX.01,6FX.01.16,NA,NA,52.039222,-0.915806,3,3,2025,01/01/2024,03/03/2025,427,unknown,NA,unknown,NA,unknown,NA,unknown,NA,unknown,NA,NA,NA,unknown,unknown,unknown,unknown,unknown,unknown,unknown,unknown,unknown,unknown,unknown,unknown,unknown,NA,unknown,unknown,NA,NA,NA,unknown,NA,unknown,unknown,unknown,unknown,unknown,NA,5.8,26,114,36,16.2,1946.7,4.1,5.9,21.9,461.7,135.9,0,0.2,17.9
5_demultiplex.bc1012--bc1076.hifi_reads,D1,2,sample,6DA.03,6DA.03.13,NA,NA,51.130528,-1.46625,13,2,2025,01/01/2024,13/02/2025,409,winter_wheat,NA,spring_oats,NA,winter_wheat,NA,OSR,NA,spring_barley,NA,winter_wheat,NA,cv Crusoe,No,N/A,not_seen,Yes,Yes,Yes,Yes,No,No,No,No,No,NA,NA,NA,NA,NA,NA,NA,NA,NA,NA,NA,Yes,Strip tillage,NA,7.2,42.2,294,89,19.5,2570.9,4.8,8.3,104,224.5,43.5,0,0.8,18.9
5_demultiplex.bc1012--bc1082.hifi_reads,D2,2,farmer_kit,6DA.03,6DA.3.89.FK,89,SFK,51.130528,-1.46625,13,2,2025,01/01/2024,13/02/2025,409,winter_wheat,NA,spring_oats,NA,winter_wheat,NA,OSR,NA,spring_barley,NA,winter_wheat,NA,cv Crusoe,No,N/A,not_seen,Yes,Yes,Yes,Yes,No,No,No,No,No,NA,NA,NA,NA,NA,NA,NA,NA,NA,NA,NA,Yes,Strip tillage,NA,7.2,42.2,294,89,19.5,2570.9,4.8,8.3,104,224.5,43.5,0,0.8,18.9
5_demultiplex.bc1012--bc1083.hifi_reads,D3,2,sample,MD1.01,MD1.01.08,NA,NA,53.1781748,-0.3528241,21,1,2025,01/01/2024,21/01/2025,386,group_3,NA,maize,NA,feed_wheat,NA,OSR,NA,group_1_2nd,NA,spring_wheat,NA,NA,No,N/A,not_seen,Yes,Yes,Yes,No,Yes,No,No,No,Yes,NA,Per crop requirements,Yes,NA,NA,NA,Yes,NA,Yes,Yes,Yes,Yes,Primary tilling,NA,7.6,15.6,285,240,18.2,3607.7,5.9,5.9,45.7,441.6,141.5,0,0.4,27.3
5_demultiplex.bc1012--bc1089.hifi_reads,D4,2,sample,MD1.01,MD1.01.16,NA,NA,53.1781748,-0.3528241,21,1,2025,01/01/2024,21/01/2025,386,group_3,NA,maize,NA,feed_wheat,NA,OSR,NA,group_1_2nd,NA,spring_wheat,NA,NA,No,N/A,not_seen,Yes,Yes,Yes,No,Yes,No,No,No,Yes,NA,Per crop requirements,Yes,NA,NA,NA,Yes,NA,Yes,Yes,Yes,Yes,Primary tilling,NA,7.6,15.6,285,240,18.2,3607.7,5.9,5.9,45.7,441.6,141.5,0,0.4,27.3
5_demultiplex.bc1012--bc1096.hifi_reads,D5,2,sample,8JF.04,8JF.04.03,NA,NA,53.834361,-0.5275,5,2,2025,01/01/2024,02/05/2025,401,wheat,NA,Peas,NA,wheat,NA,wheat,NA,OSR,NA,wheat,NA,NA,Yes,Black lesions,Five years or more,Yes,Yes,Yes,Yes,Mg,Sulphur,No,No,No,NA,N 3x spring,Yes,NA,NA,NA,NA,Every 4 yrs,No,Yes,Yes,Yes,Reduced tillage,NA,8,29.2,291,56,54.8,2788.1,5.1,8.3,170.3,119.7,65.1,0,0.9,20.1
5_demultiplex.bc1012--bc1098.hifi_reads,D6,2,sample,8JF.04,8JF.04.11,NA,NA,53.834361,-0.5275,5,2,2025,01/01/2024,02/05/2025,401,wheat,NA,Peas,NA,wheat,NA,wheat,NA,OSR,NA,wheat,NA,NA,Yes,Black lesions,Five years or more,Yes,Yes,Yes,Yes,Mg,Sulphur,No,No,No,NA,N 3x spring,Yes,NA,NA,NA,NA,Every 4 yrs,No,Yes,Yes,Yes,Reduced tillage,NA,8,29.2,291,56,54.8,2788.1,5.1,8.3,170.3,119.7,65.1,0,0.9,20.1
5_demultiplex.bc1012--bc1101.hifi_reads,D8,2,sample,6DA.04,6DA.04.06,NA,NA,51.140722,-1.457222,13,2,2025,01/01/2024,13/02/2025,409,winter_wheat,NA,herbal_ ley,NA,herbal_ley,NA,herbal_ley,NA,spring_barley,NA,grass_ley,NA,cv Soissons,No,N/A,not_seen,Yes,Yes,Yes,Yes,No,No,No,No,No,NA,NA,NA,NA,NA,NA,NA,NA,NA,NA,NA,Yes,Direct drilling,NA,7.5,58.4,414,130,26.3,3215.8,4.3,11.7,175.1,180.8,55.1,0,0.9,24
5_demultiplex.bc1012--bc1105.hifi_reads,D9,2,sample,6DA.04,6DA.04.14,NA,NA,51.140722,-1.457222,13,2,2025,01/01/2024,13/02/2025,409,winter_wheat,NA,herbal_ ley,NA,herbal_ley,NA,herbal_ley,NA,spring_barley,NA,grass_ley,NA,cv Soissons,No,N/A,not_seen,Yes,Yes,Yes,Yes,No,No,No,No,No,NA,NA,NA,NA,NA,NA,NA,NA,NA,NA,NA,Yes,Direct drilling,NA,7.5,58.4,414,130,26.3,3215.8,4.3,11.7,175.1,180.8,55.1,0,0.9,24
5_demultiplex.bc1012--bc1107.hifi_reads,D10,2,sample,6FX.01,6FX.01.01,NA,NA,52.039222,-0.915806,3,3,2025,01/01/2024,03/03/2025,427,unknown,NA,unknown,NA,unknown,NA,unknown,NA,unknown,NA,NA,NA,unknown,unknown,unknown,unknown,unknown,unknown,unknown,unknown,unknown,unknown,unknown,unknown,unknown,NA,unknown,unknown,NA,NA,NA,unknown,NA,unknown,unknown,unknown,unknown,unknown,NA,5.8,26,114,36,16.2,1946.7,4.1,5.9,21.9,461.7,135.9,0,0.2,17.9
5_demultiplex.bc1012--bc1110.hifi_reads,D11,2,sample,6FX.01,6FX.01.09,NA,NA,52.039222,-0.915806,3,3,2025,01/01/2024,03/03/2025,427,unknown,NA,unknown,NA,unknown,NA,unknown,NA,unknown,NA,NA,NA,unknown,unknown,unknown,unknown,unknown,unknown,unknown,unknown,unknown,unknown,unknown,unknown,unknown,NA,unknown,unknown,NA,NA,NA,unknown,NA,unknown,unknown,unknown,unknown,unknown,NA,5.8,26,114,36,16.2,1946.7,4.1,5.9,21.9,461.7,135.9,0,0.2,17.9
5_demultiplex.bc1012--bc1112.hifi_reads,D12,2,gt_control,S1,S1,NA,NA,NA,NA,NA,NA,NA,NA,NA,NA,NA,NA,NA,NA,NA,NA,NA,NA,NA,NA,NA,NA,NA,NA,NA,NA,NA,NA,NA,NA,NA,NA,NA,NA,NA,NA,NA,NA,NA,NA,NA,NA,NA,NA,NA,NA,NA,NA,NA,NA,NA,NA,NA,NA,NA,NA,NA,NA,NA,NA,NA,NA,NA
5_demultiplex.bc1015--bc1076.hifi_reads,E1,2,sample,6DA.03,6DA.03.14,NA,NA,51.130528,-1.46625,13,2,2025,01/01/2024,02/05/2025,401,winter_wheat,NA,spring_oats,NA,winter_wheat,NA,OSR,NA,spring_barley,NA,winter_wheat,NA,cv Crusoe,No,N/A,not_seen,Yes,Yes,Yes,Yes,No,No,No,No,No,NA,NA,NA,NA,NA,NA,NA,NA,NA,NA,NA,Yes,Strip tillage,NA,7.2,42.2,294,89,19.5,2570.9,4.8,8.3,104,224.5,43.5,0,0.8,18.9
5_demultiplex.bc1015--bc1082.hifi_reads,E2,2,sample,MD1.01,MD1.01.01,NA,NA,53.1781748,-0.3528241,21,1,2025,01/01/2024,21/01/2025,386,group_3,NA,maize,NA,feed_wheat,NA,OSR,NA,group_1_2nd,NA,spring_wheat,NA,NA,No,N/A,not_seen,Yes,Yes,Yes,No,Yes,No,No,No,Yes,NA,Per crop requirements,Yes,NA,NA,NA,Yes,NA,Yes,Yes,Yes,Yes,Primary tilling,NA,7.6,15.6,285,240,18.2,3607.7,5.9,5.9,45.7,441.6,141.5,0,0.4,27.3
5_demultiplex.bc1015--bc1083.hifi_reads,E3,2,sample,MD1.01,MD1.01.09,NA,NA,53.1781748,-0.3528241,21,1,2025,01/01/2024,21/01/2025,386,group_3,NA,maize,NA,feed_wheat,NA,OSR,NA,group_1_2nd,NA,spring_wheat,NA,NA,No,N/A,not_seen,Yes,Yes,Yes,No,Yes,No,No,No,Yes,NA,Per crop requirements,Yes,NA,NA,NA,Yes,NA,Yes,Yes,Yes,Yes,Primary tilling,NA,7.6,15.6,285,240,18.2,3607.7,5.9,5.9,45.7,441.6,141.5,0,0.4,27.3
5_demultiplex.bc1015--bc1089.hifi_reads,E4,2,sample,MD1.01,MD1.01.17,NA,NA,53.1781748,-0.3528241,21,1,2025,01/01/2024,21/01/2025,386,group_3,NA,maize,NA,feed_wheat,NA,OSR,NA,group_1_2nd,NA,spring_wheat,NA,NA,No,N/A,not_seen,Yes,Yes,Yes,No,Yes,No,No,No,Yes,NA,Per crop requirements,Yes,NA,NA,NA,Yes,NA,Yes,Yes,Yes,Yes,Primary tilling,NA,7.6,15.6,285,240,18.2,3607.7,5.9,5.9,45.7,441.6,141.5,0,0.4,27.3
5_demultiplex.bc1015--bc1096.hifi_reads,E5,2,sample,8JF.04,8JF.04.04,NA,NA,53.834361,-0.5275,5,2,2025,01/01/2024,02/05/2025,401,wheat,NA,Peas,NA,wheat,NA,wheat,NA,OSR,NA,wheat,NA,NA,Yes,Black lesions,Five years or more,Yes,Yes,Yes,Yes,Mg,Sulphur,No,No,No,NA,N 3x spring,Yes,NA,NA,NA,NA,Every 4 yrs,No,Yes,Yes,Yes,Reduced tillage,NA,8,29.2,291,56,54.8,2788.1,5.1,8.3,170.3,119.7,65.1,0,0.9,20.1
5_demultiplex.bc1015--bc1098.hifi_reads,E6,2,sample,8JF.04,8JF.04.12,NA,NA,53.834361,-0.5275,5,2,2025,01/01/2024,02/05/2025,401,wheat,NA,Peas,NA,wheat,NA,wheat,NA,OSR,NA,wheat,NA,NA,Yes,Black lesions,Five years or more,Yes,Yes,Yes,Yes,Mg,Sulphur,No,No,No,NA,N 3x spring,Yes,NA,NA,NA,NA,Every 4 yrs,No,Yes,Yes,Yes,Reduced tillage,NA,8,29.2,291,56,54.8,2788.1,5.1,8.3,170.3,119.7,65.1,0,0.9,20.1
5_demultiplex.bc1015--bc1100.hifi_reads,E7,2,sample,8JF.04,8JF.04.20,NA,NA,53.834361,-0.5275,5,2,2025,01/01/2024,02/05/2025,401,wheat,NA,Peas,NA,wheat,NA,wheat,NA,OSR,NA,wheat,NA,NA,Yes,Black lesions,Five years or more,Yes,Yes,Yes,Yes,Mg,Sulphur,No,No,No,NA,N 3x spring,Yes,NA,NA,NA,NA,Every 4 yrs,No,Yes,Yes,Yes,Reduced tillage,NA,8,29.2,291,56,54.8,2788.1,5.1,8.3,170.3,119.7,65.1,0,0.9,20.1
5_demultiplex.bc1015--bc1101.hifi_reads,E8,2,sample,6DA.04,6DA.04.07,NA,NA,51.140722,-1.457222,13,2,2025,01/01/2024,13/02/2025,409,winter_wheat,NA,herbal_ ley,NA,herbal_ley,NA,herbal_ley,NA,spring_barley,NA,grass_ley,NA,cv Soissons,No,N/A,not_seen,Yes,Yes,Yes,Yes,No,No,No,No,No,NA,NA,NA,NA,NA,NA,NA,NA,NA,NA,NA,Yes,Direct drilling,NA,7.5,58.4,414,130,26.3,3215.8,4.3,11.7,175.1,180.8,55.1,0,0.9,24
5_demultiplex.bc1015--bc1105.hifi_reads,E9,2,sample,6DA.04,6DA.04.15,NA,NA,51.140722,-1.457222,13,2,2025,01/01/2024,13/02/2025,409,winter_wheat,NA,herbal_ ley,NA,herbal_ley,NA,herbal_ley,NA,spring_barley,NA,grass_ley,NA,cv Soissons,No,N/A,not_seen,Yes,Yes,Yes,Yes,No,No,No,No,No,NA,NA,NA,NA,NA,NA,NA,NA,NA,NA,NA,Yes,Direct drilling,NA,7.5,58.4,414,130,26.3,3215.8,4.3,11.7,175.1,180.8,55.1,0,0.9,24
5_demultiplex.bc1015--bc1107.hifi_reads,E10,2,sample,6FX.01,6FX.01.02,NA,NA,52.039222,-0.915806,3,3,2025,01/01/2024,03/03/2025,427,unknown,NA,unknown,NA,unknown,NA,unknown,NA,unknown,NA,NA,NA,unknown,unknown,unknown,unknown,unknown,unknown,unknown,unknown,unknown,unknown,unknown,unknown,unknown,NA,unknown,unknown,NA,NA,NA,unknown,NA,unknown,unknown,unknown,unknown,unknown,NA,5.8,26,114,36,16.2,1946.7,4.1,5.9,21.9,461.7,135.9,0,0.2,17.9
5_demultiplex.bc1015--bc1110.hifi_reads,E11,2,sample,6FX.01,6FX.01.10,NA,NA,52.039222,-0.915806,3,3,2025,01/01/2024,03/03/2025,427,unknown,NA,unknown,NA,unknown,NA,unknown,NA,unknown,NA,NA,NA,unknown,unknown,unknown,unknown,unknown,unknown,unknown,unknown,unknown,unknown,unknown,unknown,unknown,NA,unknown,unknown,NA,NA,NA,unknown,NA,unknown,unknown,unknown,unknown,unknown,NA,5.8,26,114,36,16.2,1946.7,4.1,5.9,21.9,461.7,135.9,0,0.2,17.9
5_demultiplex.bc1015--bc1112.hifi_reads,E12,2,gt_control,S2,S2,NA,NA,NA,NA,NA,NA,NA,NA,NA,NA,NA,NA,NA,NA,NA,NA,NA,NA,NA,NA,NA,NA,NA,NA,NA,NA,NA,NA,NA,NA,NA,NA,NA,NA,NA,NA,NA,NA,NA,NA,NA,NA,NA,NA,NA,NA,NA,NA,NA,NA,NA,NA,NA,NA,NA,NA,NA,NA,NA,NA,NA,NA,NA
5_demultiplex.bc1020--bc1076.hifi_reads,F1,2,sample,6DA.03,6DA.03.15,NA,NA,51.130528,-1.46625,13,2,2025,01/01/2024,13/02/2025,409,winter_wheat,NA,spring_oats,NA,winter_wheat,NA,OSR,NA,spring_barley,NA,winter_wheat,NA,cv Crusoe,No,N/A,not_seen,Yes,Yes,Yes,Yes,No,No,No,No,No,NA,NA,NA,NA,NA,NA,NA,NA,NA,NA,NA,Yes,Strip tillage,NA,7.2,42.2,294,89,19.5,2570.9,4.8,8.3,104,224.5,43.5,0,0.8,18.9
5_demultiplex.bc1020--bc1083.hifi_reads,F3,2,sample,MD1.01,MD1.01.10,NA,NA,53.1781748,-0.3528241,21,1,2025,01/01/2024,21/01/2025,386,group_3,NA,maize,NA,feed_wheat,NA,OSR,NA,group_1_2nd,NA,spring_wheat,NA,NA,No,N/A,not_seen,Yes,Yes,Yes,No,Yes,No,No,No,Yes,NA,Per crop requirements,Yes,NA,NA,NA,Yes,NA,Yes,Yes,Yes,Yes,Primary tilling,NA,7.6,15.6,285,240,18.2,3607.7,5.9,5.9,45.7,441.6,141.5,0,0.4,27.3
5_demultiplex.bc1020--bc1089.hifi_reads,F4,2,sample,MD1.01,MD1.01.18,NA,NA,53.1781748,-0.3528241,21,1,2025,01/01/2024,21/01/2025,386,group_3,NA,maize,NA,feed_wheat,NA,OSR,NA,group_1_2nd,NA,spring_wheat,NA,NA,No,N/A,not_seen,Yes,Yes,Yes,No,Yes,No,No,No,Yes,NA,Per crop requirements,Yes,NA,NA,NA,Yes,NA,Yes,Yes,Yes,Yes,Primary tilling,NA,7.6,15.6,285,240,18.2,3607.7,5.9,5.9,45.7,441.6,141.5,0,0.4,27.3
5_demultiplex.bc1020--bc1096.hifi_reads,F5,2,sample,8JF.04,8JF.04.05,NA,NA,53.834361,-0.5275,5,2,2025,01/01/2024,02/05/2025,401,wheat,NA,Peas,NA,wheat,NA,wheat,NA,OSR,NA,wheat,NA,NA,Yes,Black lesions,Five years or more,Yes,Yes,Yes,Yes,Mg,Sulphur,No,No,No,NA,N 3x spring,Yes,NA,NA,NA,NA,Every 4 yrs,No,Yes,Yes,Yes,Reduced tillage,NA,8,29.2,291,56,54.8,2788.1,5.1,8.3,170.3,119.7,65.1,0,0.9,20.1
5_demultiplex.bc1020--bc1098.hifi_reads,F6,2,sample,8JF.04,8JF.04.13,NA,NA,53.834361,-0.5275,5,2,2025,01/01/2024,02/05/2025,401,wheat,NA,Peas,NA,wheat,NA,wheat,NA,OSR,NA,wheat,NA,NA,Yes,Black lesions,Five years or more,Yes,Yes,Yes,Yes,Mg,Sulphur,No,No,No,NA,N 3x spring,Yes,NA,NA,NA,NA,Every 4 yrs,No,Yes,Yes,Yes,Reduced tillage,NA,8,29.2,291,56,54.8,2788.1,5.1,8.3,170.3,119.7,65.1,0,0.9,20.1
5_demultiplex.bc1020--bc1100.hifi_reads,F7,2,farmer_kit,8JF.04,8JF.4.95.FK,95,SFK,53.834361,-0.5275,5,2,2025,01/01/2024,02/05/2025,401,wheat,NA,Peas,NA,wheat,NA,wheat,NA,OSR,NA,wheat,NA,NA,Yes,Black lesions,Five years or more,Yes,Yes,Yes,Yes,Mg,Sulphur,No,No,No,NA,N 3x spring,Yes,NA,NA,NA,NA,Every 4 yrs,No,Yes,Yes,Yes,Reduced tillage,NA,8,29.2,291,56,54.8,2788.1,5.1,8.3,170.3,119.7,65.1,0,0.9,20.1
5_demultiplex.bc1020--bc1101.hifi_reads,F8,2,sample,6DA.04,6DA.04.08,NA,NA,51.140722,-1.457222,13,2,2025,01/01/2024,13/02/2025,409,winter_wheat,NA,herbal_ ley,NA,herbal_ley,NA,herbal_ley,NA,spring_barley,NA,grass_ley,NA,cv Soissons,No,N/A,not_seen,Yes,Yes,Yes,Yes,No,No,No,No,No,NA,NA,NA,NA,NA,NA,NA,NA,NA,NA,NA,Yes,Direct drilling,NA,7.5,58.4,414,130,26.3,3215.8,4.3,11.7,175.1,180.8,55.1,0,0.9,24
5_demultiplex.bc1020--bc1105.hifi_reads,F9,2,sample,6DA.04,6DA.04.16,NA,NA,51.140722,-1.457222,13,2,2025,01/01/2024,13/02/2025,409,winter_wheat,NA,herbal_ ley,NA,herbal_ley,NA,herbal_ley,NA,spring_barley,NA,grass_ley,NA,cv Soissons,No,N/A,not_seen,Yes,Yes,Yes,Yes,No,No,No,No,No,NA,NA,NA,NA,NA,NA,NA,NA,NA,NA,NA,Yes,Direct drilling,NA,7.5,58.4,414,130,26.3,3215.8,4.3,11.7,175.1,180.8,55.1,0,0.9,24
5_demultiplex.bc1020--bc1107.hifi_reads,F10,2,sample,6FX.01,6FX.01.03,NA,NA,52.039222,-0.915806,3,3,2025,01/01/2024,03/03/2025,427,unknown,NA,unknown,NA,unknown,NA,unknown,NA,unknown,NA,NA,NA,unknown,unknown,unknown,unknown,unknown,unknown,unknown,unknown,unknown,unknown,unknown,unknown,unknown,NA,unknown,unknown,NA,NA,NA,unknown,NA,unknown,unknown,unknown,unknown,unknown,NA,5.8,26,114,36,16.2,1946.7,4.1,5.9,21.9,461.7,135.9,0,0.2,17.9
5_demultiplex.bc1020--bc1110.hifi_reads,F11,2,sample,6FX.01,6FX.01.11,NA,NA,52.039222,-0.915806,3,3,2025,01/01/2024,03/03/2025,427,unknown,NA,unknown,NA,unknown,NA,unknown,NA,unknown,NA,NA,NA,unknown,unknown,unknown,unknown,unknown,unknown,unknown,unknown,unknown,unknown,unknown,unknown,unknown,NA,unknown,unknown,NA,NA,NA,unknown,NA,unknown,unknown,unknown,unknown,unknown,NA,5.8,26,114,36,16.2,1946.7,4.1,5.9,21.9,461.7,135.9,0,0.2,17.9
5_demultiplex.bc1020--bc1112.hifi_reads,F12,2,gt_control,S3,S3,NA,NA,NA,NA,NA,NA,NA,NA,NA,NA,NA,NA,NA,NA,NA,NA,NA,NA,NA,NA,NA,NA,NA,NA,NA,NA,NA,NA,NA,NA,NA,NA,NA,NA,NA,NA,NA,NA,NA,NA,NA,NA,NA,NA,NA,NA,NA,NA,NA,NA,NA,NA,NA,NA,NA,NA,NA,NA,NA,NA,NA,NA,NA
5_demultiplex.bc1022--bc1076.hifi_reads,G1,2,sample,6DA.03,6DA.03.16,NA,NA,51.130528,-1.46625,13,2,2025,01/01/2024,13/02/2025,409,winter_wheat,NA,spring_oats,NA,winter_wheat,NA,OSR,NA,spring_barley,NA,winter_wheat,NA,cv Crusoe,No,N/A,not_seen,Yes,Yes,Yes,Yes,No,No,No,No,No,NA,NA,NA,NA,NA,NA,NA,NA,NA,NA,NA,Yes,Strip tillage,NA,7.2,42.2,294,89,19.5,2570.9,4.8,8.3,104,224.5,43.5,0,0.8,18.9
5_demultiplex.bc1022--bc1082.hifi_reads,G2,2,sample,MD1.01,MD1.01.03,NA,NA,53.1781748,-0.3528241,21,1,2025,01/01/2024,21/01/2025,386,group_3,NA,maize,NA,feed_wheat,NA,OSR,NA,group_1_2nd,NA,spring_wheat,NA,NA,No,N/A,not_seen,Yes,Yes,Yes,No,Yes,No,No,No,Yes,NA,Per crop requirements,Yes,NA,NA,NA,Yes,NA,Yes,Yes,Yes,Yes,Primary tilling,NA,7.6,15.6,285,240,18.2,3607.7,5.9,5.9,45.7,441.6,141.5,0,0.4,27.3
5_demultiplex.bc1022--bc1083.hifi_reads,G3,2,sample,MD1.01,MD1.01.11,NA,NA,53.1781748,-0.3528241,21,1,2025,01/01/2024,21/01/2025,386,group_3,NA,maize,NA,feed_wheat,NA,OSR,NA,group_1_2nd,NA,spring_wheat,NA,NA,No,N/A,not_seen,Yes,Yes,Yes,No,Yes,No,No,No,Yes,NA,Per crop requirements,Yes,NA,NA,NA,Yes,NA,Yes,Yes,Yes,Yes,Primary tilling,NA,7.6,15.6,285,240,18.2,3607.7,5.9,5.9,45.7,441.6,141.5,0,0.4,27.3
5_demultiplex.bc1022--bc1089.hifi_reads,G4,2,sample,MD1.01,MD1.01.19,NA,NA,53.1781748,-0.3528241,21,1,2025,01/01/2024,21/01/2025,386,group_3,NA,maize,NA,feed_wheat,NA,OSR,NA,group_1_2nd,NA,spring_wheat,NA,NA,No,N/A,not_seen,Yes,Yes,Yes,No,Yes,No,No,No,Yes,NA,Per crop requirements,Yes,NA,NA,NA,Yes,NA,Yes,Yes,Yes,Yes,Primary tilling,NA,7.6,15.6,285,240,18.2,3607.7,5.9,5.9,45.7,441.6,141.5,0,0.4,27.3
5_demultiplex.bc1022--bc1096.hifi_reads,G5,2,sample,8JF.04,8JF.04.06,NA,NA,53.834361,-0.5275,5,2,2025,01/01/2024,02/05/2025,401,wheat,NA,Peas,NA,wheat,NA,wheat,NA,OSR,NA,wheat,NA,NA,Yes,Black lesions,Five years or more,Yes,Yes,Yes,Yes,Mg,Sulphur,No,No,No,NA,N 3x spring,Yes,NA,NA,NA,NA,Every 4 yrs,No,Yes,Yes,Yes,Reduced tillage,NA,8,29.2,291,56,54.8,2788.1,5.1,8.3,170.3,119.7,65.1,0,0.9,20.1
5_demultiplex.bc1022--bc1098.hifi_reads,G6,2,sample,8JF.04,8JF.04.14,NA,NA,53.834361,-0.5275,5,2,2025,01/01/2024,02/05/2025,401,wheat,NA,Peas,NA,wheat,NA,wheat,NA,OSR,NA,wheat,NA,NA,Yes,Black lesions,Five years or more,Yes,Yes,Yes,Yes,Mg,Sulphur,No,No,No,NA,N 3x spring,Yes,NA,NA,NA,NA,Every 4 yrs,No,Yes,Yes,Yes,Reduced tillage,NA,8,29.2,291,56,54.8,2788.1,5.1,8.3,170.3,119.7,65.1,0,0.9,20.1
5_demultiplex.bc1022--bc1100.hifi_reads,G7,2,sample,6DA.04,6DA.04.01,NA,NA,51.140722,-1.457222,13,2,2025,01/01/2024,13/02/2025,409,winter_wheat,NA,herbal_ ley,NA,herbal_ley,NA,herbal_ley,NA,spring_barley,NA,grass_ley,NA,cv Soissons,No,N/A,not_seen,Yes,Yes,Yes,Yes,No,No,No,No,No,NA,NA,NA,NA,NA,NA,NA,NA,NA,NA,NA,Yes,Direct drilling,NA,7.5,58.4,414,130,26.3,3215.8,4.3,11.7,175.1,180.8,55.1,0,0.9,24
5_demultiplex.bc1022--bc1101.hifi_reads,G8,2,sample,6DA.04,6DA.04.09,NA,NA,51.140722,-1.457222,13,2,2025,01/01/2024,13/02/2025,409,winter_wheat,NA,herbal_ ley,NA,herbal_ley,NA,herbal_ley,NA,spring_barley,NA,grass_ley,NA,cv Soissons,No,N/A,not_seen,Yes,Yes,Yes,Yes,No,No,No,No,No,NA,NA,NA,NA,NA,NA,NA,NA,NA,NA,NA,Yes,Direct drilling,NA,7.5,58.4,414,130,26.3,3215.8,4.3,11.7,175.1,180.8,55.1,0,0.9,24
5_demultiplex.bc1022--bc1105.hifi_reads,G9,2,sample,6DA.04,6DA.04.17,NA,NA,51.140722,-1.457222,13,2,2025,01/01/2024,13/02/2025,409,winter_wheat,NA,herbal_ ley,NA,herbal_ley,NA,herbal_ley,NA,spring_barley,NA,grass_ley,NA,cv Soissons,No,N/A,not_seen,Yes,Yes,Yes,Yes,No,No,No,No,No,NA,NA,NA,NA,NA,NA,NA,NA,NA,NA,NA,Yes,Direct drilling,NA,7.5,58.4,414,130,26.3,3215.8,4.3,11.7,175.1,180.8,55.1,0,0.9,24
5_demultiplex.bc1022--bc1107.hifi_reads,G10,2,sample,6FX.01,6FX.01.04,NA,NA,52.039222,-0.915806,3,3,2025,01/01/2024,03/03/2025,427,unknown,NA,unknown,NA,unknown,NA,unknown,NA,unknown,NA,NA,NA,unknown,unknown,unknown,unknown,unknown,unknown,unknown,unknown,unknown,unknown,unknown,unknown,unknown,NA,unknown,unknown,NA,NA,NA,unknown,NA,unknown,unknown,unknown,unknown,unknown,NA,5.8,26,114,36,16.2,1946.7,4.1,5.9,21.9,461.7,135.9,0,0.2,17.9
5_demultiplex.bc1022--bc1110.hifi_reads,G11,2,sample,6FX.01,6FX.01.12,NA,NA,52.039222,-0.915806,3,3,2025,01/01/2024,03/03/2025,427,unknown,NA,unknown,NA,unknown,NA,unknown,NA,unknown,NA,NA,NA,unknown,unknown,unknown,unknown,unknown,unknown,unknown,unknown,unknown,unknown,unknown,unknown,unknown,NA,unknown,unknown,NA,NA,NA,unknown,NA,unknown,unknown,unknown,unknown,unknown,NA,5.8,26,114,36,16.2,1946.7,4.1,5.9,21.9,461.7,135.9,0,0.2,17.9
5_demultiplex.bc1024--bc1076.hifi_reads,H1,2,sample,6DA.03,6DA.03.17,NA,NA,51.130528,-1.46625,13,2,2025,01/01/2024,13/02/2025,409,winter_wheat,NA,spring_oats,NA,winter_wheat,NA,OSR,NA,spring_barley,NA,winter_wheat,NA,cv Crusoe,No,N/A,not_seen,Yes,Yes,Yes,Yes,No,No,No,No,No,NA,NA,NA,NA,NA,NA,NA,NA,NA,NA,NA,Yes,Strip tillage,NA,7.2,42.2,294,89,19.5,2570.9,4.8,8.3,104,224.5,43.5,0,0.8,18.9
5_demultiplex.bc1024--bc1083.hifi_reads,H3,2,sample,MD1.01,MD1.01.12,NA,NA,53.1781748,-0.3528241,21,1,2025,01/01/2024,21/01/2025,386,group_3,NA,maize,NA,feed_wheat,NA,OSR,NA,group_1_2nd,NA,spring_wheat,NA,NA,No,N/A,not_seen,Yes,Yes,Yes,No,Yes,No,No,No,Yes,NA,Per crop requirements,Yes,NA,NA,NA,Yes,NA,Yes,Yes,Yes,Yes,Primary tilling,NA,7.6,15.6,285,240,18.2,3607.7,5.9,5.9,45.7,441.6,141.5,0,0.4,27.3
5_demultiplex.bc1024--bc1089.hifi_reads,H4,2,sample,MD1.01,MD1.01.20,NA,NA,53.1781748,-0.3528241,21,1,2025,01/01/2024,21/01/2025,386,group_3,NA,maize,NA,feed_wheat,NA,OSR,NA,group_1_2nd,NA,spring_wheat,NA,NA,No,N/A,not_seen,Yes,Yes,Yes,No,Yes,No,No,No,Yes,NA,Per crop requirements,Yes,NA,NA,NA,Yes,NA,Yes,Yes,Yes,Yes,Primary tilling,NA,7.6,15.6,285,240,18.2,3607.7,5.9,5.9,45.7,441.6,141.5,0,0.4,27.3
5_demultiplex.bc1024--bc1096.hifi_reads,H5,2,sample,8JF.04,8JF.04.07,NA,NA,53.834361,-0.5275,5,2,2025,01/01/2024,02/05/2025,401,wheat,NA,Peas,NA,wheat,NA,wheat,NA,OSR,NA,wheat,NA,NA,Yes,Black lesions,Five years or more,Yes,Yes,Yes,Yes,Mg,Sulphur,No,No,No,NA,N 3x spring,Yes,NA,NA,NA,NA,Every 4 yrs,No,Yes,Yes,Yes,Reduced tillage,NA,8,29.2,291,56,54.8,2788.1,5.1,8.3,170.3,119.7,65.1,0,0.9,20.1
5_demultiplex.bc1024--bc1098.hifi_reads,H6,2,sample,8JF.04,8JF.04.15,NA,NA,53.834361,-0.5275,5,2,2025,01/01/2024,02/05/2025,401,wheat,NA,Peas,NA,wheat,NA,wheat,NA,OSR,NA,wheat,NA,NA,Yes,Black lesions,Five years or more,Yes,Yes,Yes,Yes,Mg,Sulphur,No,No,No,NA,N 3x spring,Yes,NA,NA,NA,NA,Every 4 yrs,No,Yes,Yes,Yes,Reduced tillage,NA,8,29.2,291,56,54.8,2788.1,5.1,8.3,170.3,119.7,65.1,0,0.9,20.1
5_demultiplex.bc1024--bc1100.hifi_reads,H7,2,sample,6DA.04,6DA.04.02,NA,NA,51.140722,-1.457222,13,2,2025,01/01/2024,13/02/2025,409,winter_wheat,NA,herbal_ ley,NA,herbal_ley,NA,herbal_ley,NA,spring_barley,NA,grass_ley,NA,cv Soissons,No,N/A,not_seen,Yes,Yes,Yes,Yes,No,No,No,No,No,NA,NA,NA,NA,NA,NA,NA,NA,NA,NA,NA,Yes,Direct drilling,NA,7.5,58.4,414,130,26.3,3215.8,4.3,11.7,175.1,180.8,55.1,0,0.9,24
5_demultiplex.bc1024--bc1101.hifi_reads,H8,2,sample,6DA.04,6DA.04.10,NA,NA,51.140722,-1.457222,13,2,2025,01/01/2024,13/02/2025,409,winter_wheat,NA,herbal_ ley,NA,herbal_ley,NA,herbal_ley,NA,spring_barley,NA,grass_ley,NA,cv Soissons,No,N/A,not_seen,Yes,Yes,Yes,Yes,No,No,No,No,No,NA,NA,NA,NA,NA,NA,NA,NA,NA,NA,NA,Yes,Direct drilling,NA,7.5,58.4,414,130,26.3,3215.8,4.3,11.7,175.1,180.8,55.1,0,0.9,24
5_demultiplex.bc1024--bc1105.hifi_reads,H9,2,sample,6DA.04,6DA.04.18,NA,NA,51.140722,-1.457222,13,2,2025,01/01/2024,13/02/2025,409,winter_wheat,NA,herbal_ ley,NA,herbal_ley,NA,herbal_ley,NA,spring_barley,NA,grass_ley,NA,cv Soissons,No,N/A,not_seen,Yes,Yes,Yes,Yes,No,No,No,No,No,NA,NA,NA,NA,NA,NA,NA,NA,NA,NA,NA,Yes,Direct drilling,NA,7.5,58.4,414,130,26.3,3215.8,4.3,11.7,175.1,180.8,55.1,0,0.9,24
5_demultiplex.bc1024--bc1107.hifi_reads,H10,2,sample,6FX.01,6FX.01.05,NA,NA,52.039222,-0.915806,3,3,2025,01/01/2024,03/03/2025,427,unknown,NA,unknown,NA,unknown,NA,unknown,NA,unknown,NA,NA,NA,unknown,unknown,unknown,unknown,unknown,unknown,unknown,unknown,unknown,unknown,unknown,unknown,unknown,NA,unknown,unknown,NA,NA,NA,unknown,NA,unknown,unknown,unknown,unknown,unknown,NA,5.8,26,114,36,16.2,1946.7,4.1,5.9,21.9,461.7,135.9,0,0.2,17.9
5_demultiplex.bc1024--bc1110.hifi_reads,H11,2,sample,6FX.01,6FX.01.13,NA,NA,52.039222,-0.915806,3,3,2025,01/01/2024,03/03/2025,427,unknown,NA,unknown,NA,unknown,NA,unknown,NA,unknown,NA,NA,NA,unknown,unknown,unknown,unknown,unknown,unknown,unknown,unknown,unknown,unknown,unknown,unknown,unknown,NA,unknown,unknown,NA,NA,NA,unknown,NA,unknown,unknown,unknown,unknown,unknown,NA,5.8,26,114,36,16.2,1946.7,4.1,5.9,21.9,461.7,135.9,0,0.2,17.9
6_demultiplex.bc1005--bc1033.hifi_reads,A1,2,sample,WB6.01,WB6.01.01,NA,NA,53.1888223,-0.3329309,21,1,2025,01/01/2024,21/01/2025,386,feed_wheat_2nd,NA,feed_wheat,NA,OSR,NA,group_1,NA,Peas,NA,group 2 wheat,NA,NA,No,N/A,not_seen,Yes,Yes,Yes,No,Yes,No,No,No,Yes,NA,Per crop requirements,Yes,NA,NA,NA,Yes,NA,Yes,Yes,Yes,Yes,Primary tilling,NA,7.5,50.2,473,95,13.9,4700.5,4.6,12.7,37,406.9,2023.7,0,0.2,33.4
6_demultiplex.bc1005--bc1035.hifi_reads,A2,2,sample,WB6.01,WB6.01.09,NA,NA,53.1888223,-0.3329309,21,1,2025,01/01/2024,21/01/2025,386,feed_wheat_2nd,NA,feed_wheat,NA,OSR,NA,group_1,NA,Peas,NA,group 2 wheat,NA,NA,No,N/A,not_seen,Yes,Yes,Yes,No,Yes,No,No,No,Yes,NA,Per crop requirements,Yes,NA,NA,NA,Yes,NA,Yes,Yes,Yes,Yes,Primary tilling,NA,7.5,50.2,473,95,13.9,4700.5,4.6,12.7,37,406.9,2023.7,0,0.2,33.4
6_demultiplex.bc1005--bc1044.hifi_reads,A3,2,sample,WB6.01,WB6.01.17,NA,NA,53.1888223,-0.3329309,21,1,2025,01/01/2024,21/01/2025,386,feed_wheat_2nd,NA,feed_wheat,NA,OSR,NA,group_1,NA,Peas,NA,group 2 wheat,NA,NA,No,N/A,not_seen,Yes,Yes,Yes,No,Yes,No,No,No,Yes,NA,Per crop requirements,Yes,NA,NA,NA,Yes,NA,Yes,Yes,Yes,Yes,Primary tilling,NA,7.5,50.2,473,95,13.9,4700.5,4.6,12.7,37,406.9,2023.7,0,0.2,33.4
6_demultiplex.bc1005--bc1045.hifi_reads,A4,2,sample,6FX.04,6FX.04.04,NA,NA,52.045806,-0.914611,4,3,2025,01/01/2024,03/04/2025,428,unknown,NA,unknown,NA,unknown,NA,unknown,NA,unknown,NA,NA,NA,unknown,unknown,unknown,unknown,unknown,unknown,unknown,unknown,unknown,unknown,unknown,unknown,unknown,NA,unknown,unknown,NA,NA,NA,unknown,NA,unknown,unknown,unknown,unknown,unknown,NA,7.8,21.8,198,47,16.3,3695.5,5.6,8,51.4,341,157.5,0,0.3,25.4
6_demultiplex.bc1005--bc1054.hifi_reads,A5,2,sample,6FX.04,6FX.04.12,NA,NA,52.045806,-0.914611,4,3,2025,01/01/2024,03/04/2025,428,unknown,NA,unknown,NA,unknown,NA,unknown,NA,unknown,NA,NA,NA,unknown,unknown,unknown,unknown,unknown,unknown,unknown,unknown,unknown,unknown,unknown,unknown,unknown,NA,unknown,unknown,NA,NA,NA,unknown,NA,unknown,unknown,unknown,unknown,unknown,NA,7.8,21.8,198,47,16.3,3695.5,5.6,8,51.4,341,157.5,0,0.3,25.4
6_demultiplex.bc1005--bc1056.hifi_reads,A6,2,sample,6FX.04,6FX.04.20,NA,NA,52.045806,-0.914611,4,3,2025,01/01/2024,03/04/2025,428,unknown,NA,unknown,NA,unknown,NA,unknown,NA,unknown,NA,NA,NA,unknown,unknown,unknown,unknown,unknown,unknown,unknown,unknown,unknown,unknown,unknown,unknown,unknown,NA,unknown,unknown,NA,NA,NA,unknown,NA,unknown,unknown,unknown,unknown,unknown,NA,7.8,21.8,198,47,16.3,3695.5,5.6,8,51.4,341,157.5,0,0.3,25.4
6_demultiplex.bc1005--bc1057.hifi_reads,A7,2,sample,2JJ.05,2JJ.05.07,NA,NA,53.60575,-1.501528,3,2,2025,01/01/2024,02/03/2025,399,wheat,NA,wheat,NA,wheat,NA,wheat,NA,OSR,NA,wheat,NA,NA,No,N/A,not_seen,not_reported,Yes,No,No,Yes,No,No,No,250 kg/ha,NA,"Nitogen 3 times in the Spring (March, April, May)",NA,NA,NA,NA,NA,NA,Yes,Yes,Yes,No,No tillage,NA,7.2,22.2,258,179,22.3,2718.8,5.8,5.9,81.1,363.7,70.5,0,0.5,20.8
6_demultiplex.bc1005--bc1059.hifi_reads,A8,2,sample,2JJ.05,2JJ.05.15,NA,NA,53.60575,-1.501528,3,2,2025,01/01/2024,02/03/2025,399,wheat,NA,wheat,NA,wheat,NA,wheat,NA,OSR,NA,wheat,NA,NA,No,N/A,not_seen,not_reported,Yes,No,No,Yes,No,No,No,250 kg/ha,NA,"Nitogen 3 times in the Spring (March, April, May)",NA,NA,NA,NA,NA,NA,Yes,Yes,Yes,No,No tillage,NA,7.2,22.2,258,179,22.3,2718.8,5.8,5.9,81.1,363.7,70.5,0,0.5,20.8
6_demultiplex.bc1005--bc1060.hifi_reads,A9,2,sample,GF20.01,GF20.01.02,NA,NA,53.1938292,-0.3448469,21,1,2025,01/01/2024,21/01/2025,386,feed_wheat_2nd,NA,feed_wheat,NA,OSR,NA,group_1,NA,peas,NA,spring_wheat,NA,NA,No,N/A,not_seen,Yes,Yes,Yes,No,Yes,No,No,No,Yes,NA,Per crop requirements,Yes,NA,NA,NA,Yes,NA,Yes,Yes,Yes,Yes,Primary tilling,NA,6.9,28.6,271,132,21.3,4025,4.8,5.3,41.3,484,519.8,0,0.3,29.1
6_demultiplex.bc1005--bc1062.hifi_reads,A10,2,sample,GF20.01,GF20.01.10,NA,NA,53.1938292,-0.3448469,21,1,2025,01/01/2024,21/01/2025,386,feed_wheat_2nd,NA,feed_wheat,NA,OSR,NA,group_1,NA,peas,NA,spring_wheat,NA,NA,No,N/A,not_seen,Yes,Yes,Yes,No,Yes,No,No,No,Yes,NA,Per crop requirements,Yes,NA,NA,NA,Yes,NA,Yes,Yes,Yes,Yes,Primary tilling,NA,6.9,28.6,271,132,21.3,4025,4.8,5.3,41.3,484,519.8,0,0.3,29.1
6_demultiplex.bc1005--bc1065.hifi_reads,A11,2,sample,GF20.01,GF20.01.18,NA,NA,53.1938292,-0.3448469,21,1,2025,01/01/2024,21/01/2025,386,feed_wheat_2nd,NA,feed_wheat,NA,OSR,NA,group_1,NA,peas,NA,spring_wheat,NA,NA,No,N/A,not_seen,Yes,Yes,Yes,No,Yes,No,No,No,Yes,NA,Per crop requirements,Yes,NA,NA,NA,Yes,NA,Yes,Yes,Yes,Yes,Primary tilling,NA,6.9,28.6,271,132,21.3,4025,4.8,5.3,41.3,484,519.8,0,0.3,29.1
6_demultiplex.bc1005--bc1075.hifi_reads,A12,2,sample,8JF.02,8JF.02.05,NA,NA,53.829639,-0.534361,4,2,2025,01/01/2024,02/04/2025,400,wheat,NA,wheat,NA,OSR,NA,wheat,NA,wheat,NA,OSR,NA,NA,Yes,Black lesions,Five years or more,Yes,Yes,Yes,Yes,Mg,Sulphur,No,No,No,NA,N 3x spring,Yes,NA,NA,NA,NA,Every 4 yrs,No,Yes,Yes,Yes,Reduced tillage,NA,7.5,23,122,69,42.3,2819.5,4.9,6.8,133.3,205.4,42.9,0,0.8,19.8
6_demultiplex.bc1007--bc1033.hifi_reads,B1,2,sample,WB6.01,WB6.01.02,NA,NA,53.1888223,-0.3329309,21,1,2025,01/01/2024,21/01/2025,386,feed_wheat_2nd,NA,feed_wheat,NA,OSR,NA,group_1,NA,Peas,NA,group 2 wheat,NA,NA,No,N/A,not_seen,Yes,Yes,Yes,No,Yes,No,No,No,Yes,NA,Per crop requirements,Yes,NA,NA,NA,Yes,NA,Yes,Yes,Yes,Yes,Primary tilling,NA,7.5,50.2,473,95,13.9,4700.5,4.6,12.7,37,406.9,2023.7,0,0.2,33.4
6_demultiplex.bc1007--bc1035.hifi_reads,B2,2,sample,WB6.01,WB6.01.10,NA,NA,53.1888223,-0.3329309,21,1,2025,01/01/2024,21/01/2025,386,feed_wheat_2nd,NA,feed_wheat,NA,OSR,NA,group_1,NA,Peas,NA,group 2 wheat,NA,NA,No,N/A,not_seen,Yes,Yes,Yes,No,Yes,No,No,No,Yes,NA,Per crop requirements,Yes,NA,NA,NA,Yes,NA,Yes,Yes,Yes,Yes,Primary tilling,NA,7.5,50.2,473,95,13.9,4700.5,4.6,12.7,37,406.9,2023.7,0,0.2,33.4
6_demultiplex.bc1007--bc1044.hifi_reads,B3,2,sample,WB6.01,WB6.01.18,NA,NA,53.1888223,-0.3329309,21,1,2025,01/01/2024,21/01/2025,386,feed_wheat_2nd,NA,feed_wheat,NA,OSR,NA,group_1,NA,Peas,NA,group 2 wheat,NA,NA,No,N/A,not_seen,Yes,Yes,Yes,No,Yes,No,No,No,Yes,NA,Per crop requirements,Yes,NA,NA,NA,Yes,NA,Yes,Yes,Yes,Yes,Primary tilling,NA,7.5,50.2,473,95,13.9,4700.5,4.6,12.7,37,406.9,2023.7,0,0.2,33.4
6_demultiplex.bc1007--bc1045.hifi_reads,B4,2,sample,6FX.04,6FX.04.05,NA,NA,52.045806,-0.914611,4,3,2025,01/01/2024,03/04/2025,428,unknown,NA,unknown,NA,unknown,NA,unknown,NA,unknown,NA,NA,NA,unknown,unknown,unknown,unknown,unknown,unknown,unknown,unknown,unknown,unknown,unknown,unknown,unknown,NA,unknown,unknown,NA,NA,NA,unknown,NA,unknown,unknown,unknown,unknown,unknown,NA,7.8,21.8,198,47,16.3,3695.5,5.6,8,51.4,341,157.5,0,0.3,25.4
6_demultiplex.bc1007--bc1054.hifi_reads,B5,2,sample,6FX.04,6FX.04.13,NA,NA,52.045806,-0.914611,4,3,2025,01/01/2024,03/04/2025,428,unknown,NA,unknown,NA,unknown,NA,unknown,NA,unknown,NA,NA,NA,unknown,unknown,unknown,unknown,unknown,unknown,unknown,unknown,unknown,unknown,unknown,unknown,unknown,NA,unknown,unknown,NA,NA,NA,unknown,NA,unknown,unknown,unknown,unknown,unknown,NA,7.8,21.8,198,47,16.3,3695.5,5.6,8,51.4,341,157.5,0,0.3,25.4
6_demultiplex.bc1007--bc1056.hifi_reads,B6,2,farmer_kit,6FX.04,6FX.4.80.FK,80,SFK,52.045806,-0.914611,4,3,2025,01/01/2024,03/04/2025,428,unknown,NA,unknown,NA,unknown,NA,unknown,NA,unknown,NA,NA,NA,unknown,unknown,unknown,unknown,unknown,unknown,unknown,unknown,unknown,unknown,unknown,unknown,unknown,NA,unknown,unknown,NA,NA,NA,unknown,NA,unknown,unknown,unknown,unknown,unknown,NA,7.8,21.8,198,47,16.3,3695.5,5.6,8,51.4,341,157.5,0,0.3,25.4
6_demultiplex.bc1007--bc1057.hifi_reads,B7,2,sample,2JJ.05,2JJ.05.08,NA,NA,53.60575,-1.501528,3,2,2025,01/01/2024,02/03/2025,399,wheat,NA,wheat,NA,wheat,NA,wheat,NA,OSR,NA,wheat,NA,NA,No,N/A,not_seen,not_reported,Yes,No,No,Yes,No,No,No,250 kg/ha,NA,"Nitogen 3 times in the Spring (March, April, May)",NA,NA,NA,NA,NA,NA,Yes,Yes,Yes,No,No tillage,NA,7.2,22.2,258,179,22.3,2718.8,5.8,5.9,81.1,363.7,70.5,0,0.5,20.8
6_demultiplex.bc1007--bc1059.hifi_reads,B8,2,sample,2JJ.05,2JJ.05.16,NA,NA,53.60575,-1.501528,3,2,2025,01/01/2024,02/03/2025,399,wheat,NA,wheat,NA,wheat,NA,wheat,NA,OSR,NA,wheat,NA,NA,No,N/A,not_seen,not_reported,Yes,No,No,Yes,No,No,No,250 kg/ha,NA,"Nitogen 3 times in the Spring (March, April, May)",NA,NA,NA,NA,NA,NA,Yes,Yes,Yes,No,No tillage,NA,7.2,22.2,258,179,22.3,2718.8,5.8,5.9,81.1,363.7,70.5,0,0.5,20.8
6_demultiplex.bc1007--bc1060.hifi_reads,B9,2,sample,GF20.01,GF20.01.03,NA,NA,53.1938292,-0.3448469,21,1,2025,01/01/2024,21/01/2025,386,feed_wheat_2nd,NA,feed_wheat,NA,OSR,NA,group_1,NA,peas,NA,spring_wheat,NA,NA,No,N/A,not_seen,Yes,Yes,Yes,No,Yes,No,No,No,Yes,NA,Per crop requirements,Yes,NA,NA,NA,Yes,NA,Yes,Yes,Yes,Yes,Primary tilling,NA,6.9,28.6,271,132,21.3,4025,4.8,5.3,41.3,484,519.8,0,0.3,29.1
6_demultiplex.bc1007--bc1062.hifi_reads,B10,2,sample,GF20.01,GF20.01.11,NA,NA,53.1938292,-0.3448469,21,1,2025,01/01/2024,21/01/2025,386,feed_wheat_2nd,NA,feed_wheat,NA,OSR,NA,group_1,NA,peas,NA,spring_wheat,NA,NA,No,N/A,not_seen,Yes,Yes,Yes,No,Yes,No,No,No,Yes,NA,Per crop requirements,Yes,NA,NA,NA,Yes,NA,Yes,Yes,Yes,Yes,Primary tilling,NA,6.9,28.6,271,132,21.3,4025,4.8,5.3,41.3,484,519.8,0,0.3,29.1
6_demultiplex.bc1007--bc1065.hifi_reads,B11,2,sample,GF20.01,GF20.01.19,NA,NA,53.1938292,-0.3448469,21,1,2025,01/01/2024,21/01/2025,386,feed_wheat_2nd,NA,feed_wheat,NA,OSR,NA,group_1,NA,peas,NA,spring_wheat,NA,NA,No,N/A,not_seen,Yes,Yes,Yes,No,Yes,No,No,No,Yes,NA,Per crop requirements,Yes,NA,NA,NA,Yes,NA,Yes,Yes,Yes,Yes,Primary tilling,NA,6.9,28.6,271,132,21.3,4025,4.8,5.3,41.3,484,519.8,0,0.3,29.1
6_demultiplex.bc1007--bc1075.hifi_reads,B12,2,sample,8JF.02,8JF.02.06,NA,NA,53.829639,-0.534361,4,2,2025,01/01/2024,02/04/2025,400,wheat,NA,wheat,NA,OSR,NA,wheat,NA,wheat,NA,OSR,NA,NA,Yes,Black lesions,Five years or more,Yes,Yes,Yes,Yes,Mg,Sulphur,No,No,No,NA,N 3x spring,Yes,NA,NA,NA,NA,Every 4 yrs,No,Yes,Yes,Yes,Reduced tillage,NA,7.5,23,122,69,42.3,2819.5,4.9,6.8,133.3,205.4,42.9,0,0.8,19.8
6_demultiplex.bc1008--bc1033.hifi_reads,C1,2,sample,WB6.01,WB6.01.03,NA,NA,53.1888223,-0.3329309,21,1,2025,01/01/2024,21/01/2025,386,feed_wheat_2nd,NA,feed_wheat,NA,OSR,NA,group_1,NA,Peas,NA,group 2 wheat,NA,NA,No,N/A,not_seen,Yes,Yes,Yes,No,Yes,No,No,No,Yes,NA,Per crop requirements,Yes,NA,NA,NA,Yes,NA,Yes,Yes,Yes,Yes,Primary tilling,NA,7.5,50.2,473,95,13.9,4700.5,4.6,12.7,37,406.9,2023.7,0,0.2,33.4
6_demultiplex.bc1008--bc1035.hifi_reads,C2,2,sample,WB6.01,WB6.01.11,NA,NA,53.1888223,-0.3329309,21,1,2025,01/01/2024,21/01/2025,386,feed_wheat_2nd,NA,feed_wheat,NA,OSR,NA,group_1,NA,Peas,NA,group 2 wheat,NA,NA,No,N/A,not_seen,Yes,Yes,Yes,No,Yes,No,No,No,Yes,NA,Per crop requirements,Yes,NA,NA,NA,Yes,NA,Yes,Yes,Yes,Yes,Primary tilling,NA,7.5,50.2,473,95,13.9,4700.5,4.6,12.7,37,406.9,2023.7,0,0.2,33.4
6_demultiplex.bc1008--bc1044.hifi_reads,C3,2,sample,WB6.01,WB6.01.19,NA,NA,53.1888223,-0.3329309,21,1,2025,01/01/2024,21/01/2025,386,feed_wheat_2nd,NA,feed_wheat,NA,OSR,NA,group_1,NA,Peas,NA,group 2 wheat,NA,NA,No,N/A,not_seen,Yes,Yes,Yes,No,Yes,No,No,No,Yes,NA,Per crop requirements,Yes,NA,NA,NA,Yes,NA,Yes,Yes,Yes,Yes,Primary tilling,NA,7.5,50.2,473,95,13.9,4700.5,4.6,12.7,37,406.9,2023.7,0,0.2,33.4
6_demultiplex.bc1008--bc1045.hifi_reads,C4,2,sample,6FX.04,6FX.04.06,NA,NA,52.045806,-0.914611,4,3,2025,01/01/2024,03/04/2025,428,unknown,NA,unknown,NA,unknown,NA,unknown,NA,unknown,NA,NA,NA,unknown,unknown,unknown,unknown,unknown,unknown,unknown,unknown,unknown,unknown,unknown,unknown,unknown,NA,unknown,unknown,NA,NA,NA,unknown,NA,unknown,unknown,unknown,unknown,unknown,NA,7.8,21.8,198,47,16.3,3695.5,5.6,8,51.4,341,157.5,0,0.3,25.4
6_demultiplex.bc1008--bc1054.hifi_reads,C5,2,sample,6FX.04,6FX.04.14,NA,NA,52.045806,-0.914611,4,3,2025,01/01/2024,03/04/2025,428,unknown,NA,unknown,NA,unknown,NA,unknown,NA,unknown,NA,NA,NA,unknown,unknown,unknown,unknown,unknown,unknown,unknown,unknown,unknown,unknown,unknown,unknown,unknown,NA,unknown,unknown,NA,NA,NA,unknown,NA,unknown,unknown,unknown,unknown,unknown,NA,7.8,21.8,198,47,16.3,3695.5,5.6,8,51.4,341,157.5,0,0.3,25.4
6_demultiplex.bc1008--bc1056.hifi_reads,C6,2,sample,2JJ.05,2JJ.05.01,NA,NA,53.60575,-1.501528,3,2,2025,01/01/2024,02/03/2025,399,wheat,NA,wheat,NA,wheat,NA,wheat,NA,OSR,NA,wheat,NA,NA,No,N/A,not_seen,not_reported,Yes,No,No,Yes,No,No,No,250 kg/ha,NA,"Nitogen 3 times in the Spring (March, April, May)",NA,NA,NA,NA,NA,NA,Yes,Yes,Yes,No,No tillage,NA,7.2,22.2,258,179,22.3,2718.8,5.8,5.9,81.1,363.7,70.5,0,0.5,20.8
6_demultiplex.bc1008--bc1057.hifi_reads,C7,2,sample,2JJ.05,2JJ.05.09,NA,NA,53.60575,-1.501528,3,2,2025,01/01/2024,02/03/2025,399,wheat,NA,wheat,NA,wheat,NA,wheat,NA,OSR,NA,wheat,NA,NA,No,N/A,not_seen,not_reported,Yes,No,No,Yes,No,No,No,250 kg/ha,NA,"Nitogen 3 times in the Spring (March, April, May)",NA,NA,NA,NA,NA,NA,Yes,Yes,Yes,No,No tillage,NA,7.2,22.2,258,179,22.3,2718.8,5.8,5.9,81.1,363.7,70.5,0,0.5,20.8
6_demultiplex.bc1008--bc1059.hifi_reads,C8,2,sample,2JJ.05,2JJ.05.17,NA,NA,53.60575,-1.501528,3,2,2025,01/01/2024,02/03/2025,399,wheat,NA,wheat,NA,wheat,NA,wheat,NA,OSR,NA,wheat,NA,NA,No,N/A,not_seen,not_reported,Yes,No,No,Yes,No,No,No,250 kg/ha,NA,"Nitogen 3 times in the Spring (March, April, May)",NA,NA,NA,NA,NA,NA,Yes,Yes,Yes,No,No tillage,NA,7.2,22.2,258,179,22.3,2718.8,5.8,5.9,81.1,363.7,70.5,0,0.5,20.8
6_demultiplex.bc1008--bc1060.hifi_reads,C9,2,sample,GF20.01,GF20.01.04,NA,NA,53.1938292,-0.3448469,21,1,2025,01/01/2024,21/01/2025,386,feed_wheat_2nd,NA,feed_wheat,NA,OSR,NA,group_1,NA,peas,NA,spring_wheat,NA,NA,No,N/A,not_seen,Yes,Yes,Yes,No,Yes,No,No,No,Yes,NA,Per crop requirements,Yes,NA,NA,NA,Yes,NA,Yes,Yes,Yes,Yes,Primary tilling,NA,6.9,28.6,271,132,21.3,4025,4.8,5.3,41.3,484,519.8,0,0.3,29.1
6_demultiplex.bc1008--bc1062.hifi_reads,C10,2,sample,GF20.01,GF20.01.12,NA,NA,53.1938292,-0.3448469,21,1,2025,01/01/2024,21/01/2025,386,feed_wheat_2nd,NA,feed_wheat,NA,OSR,NA,group_1,NA,peas,NA,spring_wheat,NA,NA,No,N/A,not_seen,Yes,Yes,Yes,No,Yes,No,No,No,Yes,NA,Per crop requirements,Yes,NA,NA,NA,Yes,NA,Yes,Yes,Yes,Yes,Primary tilling,NA,6.9,28.6,271,132,21.3,4025,4.8,5.3,41.3,484,519.8,0,0.3,29.1
6_demultiplex.bc1008--bc1065.hifi_reads,C11,2,sample,GF20.01,GF20.01.20,NA,NA,53.1938292,-0.3448469,21,1,2025,01/01/2024,21/01/2025,386,feed_wheat_2nd,NA,feed_wheat,NA,OSR,NA,group_1,NA,peas,NA,spring_wheat,NA,NA,No,N/A,not_seen,Yes,Yes,Yes,No,Yes,No,No,No,Yes,NA,Per crop requirements,Yes,NA,NA,NA,Yes,NA,Yes,Yes,Yes,Yes,Primary tilling,NA,6.9,28.6,271,132,21.3,4025,4.8,5.3,41.3,484,519.8,0,0.3,29.1
6_demultiplex.bc1008--bc1075.hifi_reads,C12,2,sample,8JF.02,8JF.02.07,NA,NA,53.829639,-0.534361,4,2,2025,01/01/2024,02/04/2025,400,wheat,NA,wheat,NA,OSR,NA,wheat,NA,wheat,NA,OSR,NA,NA,Yes,Black lesions,Five years or more,Yes,Yes,Yes,Yes,Mg,Sulphur,No,No,No,NA,N 3x spring,Yes,NA,NA,NA,NA,Every 4 yrs,No,Yes,Yes,Yes,Reduced tillage,NA,7.5,23,122,69,42.3,2819.5,4.9,6.8,133.3,205.4,42.9,0,0.8,19.8
6_demultiplex.bc1012--bc1033.hifi_reads,D1,2,sample,WB6.01,WB6.01.04,NA,NA,53.1888223,-0.3329309,21,1,2025,01/01/2024,21/01/2025,386,feed_wheat_2nd,NA,feed_wheat,NA,OSR,NA,group_1,NA,Peas,NA,group 2 wheat,NA,NA,No,N/A,not_seen,Yes,Yes,Yes,No,Yes,No,No,No,Yes,NA,Per crop requirements,Yes,NA,NA,NA,Yes,NA,Yes,Yes,Yes,Yes,Primary tilling,NA,7.5,50.2,473,95,13.9,4700.5,4.6,12.7,37,406.9,2023.7,0,0.2,33.4
6_demultiplex.bc1012--bc1035.hifi_reads,D2,2,sample,WB6.01,WB6.01.12,NA,NA,53.1888223,-0.3329309,21,1,2025,01/01/2024,21/01/2025,386,feed_wheat_2nd,NA,feed_wheat,NA,OSR,NA,group_1,NA,Peas,NA,group 2 wheat,NA,NA,No,N/A,not_seen,Yes,Yes,Yes,No,Yes,No,No,No,Yes,NA,Per crop requirements,Yes,NA,NA,NA,Yes,NA,Yes,Yes,Yes,Yes,Primary tilling,NA,7.5,50.2,473,95,13.9,4700.5,4.6,12.7,37,406.9,2023.7,0,0.2,33.4
6_demultiplex.bc1012--bc1044.hifi_reads,D3,2,sample,WB6.01,WB6.01.20,NA,NA,53.1888223,-0.3329309,21,1,2025,01/01/2024,21/01/2025,386,feed_wheat_2nd,NA,feed_wheat,NA,OSR,NA,group_1,NA,Peas,NA,group 2 wheat,NA,NA,No,N/A,not_seen,Yes,Yes,Yes,No,Yes,No,No,No,Yes,NA,Per crop requirements,Yes,NA,NA,NA,Yes,NA,Yes,Yes,Yes,Yes,Primary tilling,NA,7.5,50.2,473,95,13.9,4700.5,4.6,12.7,37,406.9,2023.7,0,0.2,33.4
6_demultiplex.bc1012--bc1045.hifi_reads,D4,2,sample,6FX.04,6FX.04.07,NA,NA,52.045806,-0.914611,4,3,2025,01/01/2024,03/04/2025,428,unknown,NA,unknown,NA,unknown,NA,unknown,NA,unknown,NA,NA,NA,unknown,unknown,unknown,unknown,unknown,unknown,unknown,unknown,unknown,unknown,unknown,unknown,unknown,NA,unknown,unknown,NA,NA,NA,unknown,NA,unknown,unknown,unknown,unknown,unknown,NA,7.8,21.8,198,47,16.3,3695.5,5.6,8,51.4,341,157.5,0,0.3,25.4
6_demultiplex.bc1012--bc1054.hifi_reads,D5,2,sample,6FX.04,6FX.04.15,NA,NA,52.045806,-0.914611,4,3,2025,01/01/2024,03/04/2025,428,unknown,NA,unknown,NA,unknown,NA,unknown,NA,unknown,NA,NA,NA,unknown,unknown,unknown,unknown,unknown,unknown,unknown,unknown,unknown,unknown,unknown,unknown,unknown,NA,unknown,unknown,NA,NA,NA,unknown,NA,unknown,unknown,unknown,unknown,unknown,NA,7.8,21.8,198,47,16.3,3695.5,5.6,8,51.4,341,157.5,0,0.3,25.4
6_demultiplex.bc1012--bc1056.hifi_reads,D6,2,sample,2JJ.05,2JJ.05.02,NA,NA,53.60575,-1.501528,3,2,2025,01/01/2024,02/03/2025,399,wheat,NA,wheat,NA,wheat,NA,wheat,NA,OSR,NA,wheat,NA,NA,No,N/A,not_seen,not_reported,Yes,No,No,Yes,No,No,No,250 kg/ha,NA,"Nitogen 3 times in the Spring (March, April, May)",NA,NA,NA,NA,NA,NA,Yes,Yes,Yes,No,No tillage,NA,7.2,22.2,258,179,22.3,2718.8,5.8,5.9,81.1,363.7,70.5,0,0.5,20.8
6_demultiplex.bc1012--bc1057.hifi_reads,D7,2,sample,2JJ.05,2JJ.05.10,NA,NA,53.60575,-1.501528,3,2,2025,01/01/2024,02/03/2025,399,wheat,NA,wheat,NA,wheat,NA,wheat,NA,OSR,NA,wheat,NA,NA,No,N/A,not_seen,not_reported,Yes,No,No,Yes,No,No,No,250 kg/ha,NA,"Nitogen 3 times in the Spring (March, April, May)",NA,NA,NA,NA,NA,NA,Yes,Yes,Yes,No,No tillage,NA,7.2,22.2,258,179,22.3,2718.8,5.8,5.9,81.1,363.7,70.5,0,0.5,20.8
6_demultiplex.bc1012--bc1059.hifi_reads,D8,2,sample,2JJ.05,2JJ.05.18,NA,NA,53.60575,-1.501528,3,2,2025,01/01/2024,02/03/2025,399,wheat,NA,wheat,NA,wheat,NA,wheat,NA,OSR,NA,wheat,NA,NA,No,N/A,not_seen,not_reported,Yes,No,No,Yes,No,No,No,250 kg/ha,NA,"Nitogen 3 times in the Spring (March, April, May)",NA,NA,NA,NA,NA,NA,Yes,Yes,Yes,No,No tillage,NA,7.2,22.2,258,179,22.3,2718.8,5.8,5.9,81.1,363.7,70.5,0,0.5,20.8
6_demultiplex.bc1012--bc1060.hifi_reads,D9,2,sample,GF20.01,GF20.01.05,NA,NA,53.1938292,-0.3448469,21,1,2025,01/01/2024,21/01/2025,386,feed_wheat_2nd,NA,feed_wheat,NA,OSR,NA,group_1,NA,peas,NA,spring_wheat,NA,NA,No,N/A,not_seen,Yes,Yes,Yes,No,Yes,No,No,No,Yes,NA,Per crop requirements,Yes,NA,NA,NA,Yes,NA,Yes,Yes,Yes,Yes,Primary tilling,NA,6.9,28.6,271,132,21.3,4025,4.8,5.3,41.3,484,519.8,0,0.3,29.1
6_demultiplex.bc1012--bc1062.hifi_reads,D10,2,sample,GF20.01,GF20.01.13,NA,NA,53.1938292,-0.3448469,21,1,2025,01/01/2024,21/01/2025,386,feed_wheat_2nd,NA,feed_wheat,NA,OSR,NA,group_1,NA,peas,NA,spring_wheat,NA,NA,No,N/A,not_seen,Yes,Yes,Yes,No,Yes,No,No,No,Yes,NA,Per crop requirements,Yes,NA,NA,NA,Yes,NA,Yes,Yes,Yes,Yes,Primary tilling,NA,6.9,28.6,271,132,21.3,4025,4.8,5.3,41.3,484,519.8,0,0.3,29.1
6_demultiplex.bc1012--bc1065.hifi_reads,D11,2,farmer_kit,GF20.01,GF20.1.103.FK,103,SFK,53.1938292,-0.3448469,21,1,2025,01/01/2024,21/01/2025,386,feed_wheat_2nd,NA,feed_wheat,NA,OSR,NA,group_1,NA,peas,NA,spring_wheat,NA,NA,No,N/A,not_seen,Yes,Yes,Yes,No,Yes,No,No,No,Yes,NA,Per crop requirements,Yes,NA,NA,NA,Yes,NA,Yes,Yes,Yes,Yes,Primary tilling,NA,6.9,28.6,271,132,21.3,4025,4.8,5.3,41.3,484,519.8,0,0.3,29.1
6_demultiplex.bc1012--bc1075.hifi_reads,D12,2,gt_control,S1,S1,NA,NA,NA,NA,NA,NA,NA,NA,NA,NA,NA,NA,NA,NA,NA,NA,NA,NA,NA,NA,NA,NA,NA,NA,NA,NA,NA,NA,NA,NA,NA,NA,NA,NA,NA,NA,NA,NA,NA,NA,NA,NA,NA,NA,NA,NA,NA,NA,NA,NA,NA,NA,NA,NA,NA,NA,NA,NA,NA,NA,NA,NA,NA
6_demultiplex.bc1015--bc1033.hifi_reads,E1,2,sample,WB6.01,WB6.01.05,NA,NA,53.1888223,-0.3329309,21,1,2025,01/01/2024,21/01/2025,386,feed_wheat_2nd,NA,feed_wheat,NA,OSR,NA,group_1,NA,Peas,NA,group 2 wheat,NA,NA,No,N/A,not_seen,Yes,Yes,Yes,No,Yes,No,No,No,Yes,NA,Per crop requirements,Yes,NA,NA,NA,Yes,NA,Yes,Yes,Yes,Yes,Primary tilling,NA,7.5,50.2,473,95,13.9,4700.5,4.6,12.7,37,406.9,2023.7,0,0.2,33.4
6_demultiplex.bc1015--bc1035.hifi_reads,E2,2,sample,WB6.01,WB6.01.13,NA,NA,53.1888223,-0.3329309,21,1,2025,01/01/2024,21/01/2025,386,feed_wheat_2nd,NA,feed_wheat,NA,OSR,NA,group_1,NA,Peas,NA,group 2 wheat,NA,NA,No,N/A,not_seen,Yes,Yes,Yes,No,Yes,No,No,No,Yes,NA,Per crop requirements,Yes,NA,NA,NA,Yes,NA,Yes,Yes,Yes,Yes,Primary tilling,NA,7.5,50.2,473,95,13.9,4700.5,4.6,12.7,37,406.9,2023.7,0,0.2,33.4
6_demultiplex.bc1015--bc1044.hifi_reads,E3,2,farmer_kit,WB6.01,WB6.1.104.FK,104,SFK,53.1888223,-0.3329309,21,1,2025,01/01/2024,21/01/2025,386,feed_wheat_2nd,NA,feed_wheat,NA,OSR,NA,group_1,NA,Peas,NA,group 2 wheat,NA,NA,No,N/A,not_seen,Yes,Yes,Yes,No,Yes,No,No,No,Yes,NA,Per crop requirements,Yes,NA,NA,NA,Yes,NA,Yes,Yes,Yes,Yes,Primary tilling,NA,7.5,50.2,473,95,13.9,4700.5,4.6,12.7,37,406.9,2023.7,0,0.2,33.4
6_demultiplex.bc1015--bc1045.hifi_reads,E4,2,sample,6FX.04,6FX.04.08,NA,NA,52.045806,-0.914611,4,3,2025,01/01/2024,03/04/2025,428,unknown,NA,unknown,NA,unknown,NA,unknown,NA,unknown,NA,NA,NA,unknown,unknown,unknown,unknown,unknown,unknown,unknown,unknown,unknown,unknown,unknown,unknown,unknown,NA,unknown,unknown,NA,NA,NA,unknown,NA,unknown,unknown,unknown,unknown,unknown,NA,7.8,21.8,198,47,16.3,3695.5,5.6,8,51.4,341,157.5,0,0.3,25.4
6_demultiplex.bc1015--bc1054.hifi_reads,E5,2,sample,6FX.04,6FX.04.16,NA,NA,52.045806,-0.914611,4,3,2025,01/01/2024,03/04/2025,428,unknown,NA,unknown,NA,unknown,NA,unknown,NA,unknown,NA,NA,NA,unknown,unknown,unknown,unknown,unknown,unknown,unknown,unknown,unknown,unknown,unknown,unknown,unknown,NA,unknown,unknown,NA,NA,NA,unknown,NA,unknown,unknown,unknown,unknown,unknown,NA,7.8,21.8,198,47,16.3,3695.5,5.6,8,51.4,341,157.5,0,0.3,25.4
6_demultiplex.bc1015--bc1056.hifi_reads,E6,2,sample,2JJ.05,2JJ.05.03,NA,NA,53.60575,-1.501528,3,2,2025,01/01/2024,02/03/2025,399,wheat,NA,wheat,NA,wheat,NA,wheat,NA,OSR,NA,wheat,NA,NA,No,N/A,not_seen,not_reported,Yes,No,No,Yes,No,No,No,250 kg/ha,NA,"Nitogen 3 times in the Spring (March, April, May)",NA,NA,NA,NA,NA,NA,Yes,Yes,Yes,No,No tillage,NA,7.2,22.2,258,179,22.3,2718.8,5.8,5.9,81.1,363.7,70.5,0,0.5,20.8
6_demultiplex.bc1015--bc1057.hifi_reads,E7,2,sample,2JJ.05,2JJ.05.11,NA,NA,53.60575,-1.501528,3,2,2025,01/01/2024,02/03/2025,399,wheat,NA,wheat,NA,wheat,NA,wheat,NA,OSR,NA,wheat,NA,NA,No,N/A,not_seen,not_reported,Yes,No,No,Yes,No,No,No,250 kg/ha,NA,"Nitogen 3 times in the Spring (March, April, May)",NA,NA,NA,NA,NA,NA,Yes,Yes,Yes,No,No tillage,NA,7.2,22.2,258,179,22.3,2718.8,5.8,5.9,81.1,363.7,70.5,0,0.5,20.8
6_demultiplex.bc1015--bc1059.hifi_reads,E8,2,sample,2JJ.05,2JJ.05.19,NA,NA,53.60575,-1.501528,3,2,2025,01/01/2024,02/03/2025,399,wheat,NA,wheat,NA,wheat,NA,wheat,NA,OSR,NA,wheat,NA,NA,No,N/A,not_seen,not_reported,Yes,No,No,Yes,No,No,No,250 kg/ha,NA,"Nitogen 3 times in the Spring (March, April, May)",NA,NA,NA,NA,NA,NA,Yes,Yes,Yes,No,No tillage,NA,7.2,22.2,258,179,22.3,2718.8,5.8,5.9,81.1,363.7,70.5,0,0.5,20.8
6_demultiplex.bc1015--bc1060.hifi_reads,E9,2,sample,GF20.01,GF20.01.06,NA,NA,53.1938292,-0.3448469,21,1,2025,01/01/2024,21/01/2025,386,feed_wheat_2nd,NA,feed_wheat,NA,OSR,NA,group_1,NA,peas,NA,spring_wheat,NA,NA,No,N/A,not_seen,Yes,Yes,Yes,No,Yes,No,No,No,Yes,NA,Per crop requirements,Yes,NA,NA,NA,Yes,NA,Yes,Yes,Yes,Yes,Primary tilling,NA,6.9,28.6,271,132,21.3,4025,4.8,5.3,41.3,484,519.8,0,0.3,29.1
6_demultiplex.bc1015--bc1062.hifi_reads,E10,2,sample,GF20.01,GF20.01.14,NA,NA,53.1938292,-0.3448469,21,1,2025,01/01/2024,21/01/2025,386,feed_wheat_2nd,NA,feed_wheat,NA,OSR,NA,group_1,NA,peas,NA,spring_wheat,NA,NA,No,N/A,not_seen,Yes,Yes,Yes,No,Yes,No,No,No,Yes,NA,Per crop requirements,Yes,NA,NA,NA,Yes,NA,Yes,Yes,Yes,Yes,Primary tilling,NA,6.9,28.6,271,132,21.3,4025,4.8,5.3,41.3,484,519.8,0,0.3,29.1
6_demultiplex.bc1015--bc1065.hifi_reads,E11,2,sample,8JF.02,8JF.02.01,NA,NA,53.829639,-0.534361,4,2,2025,01/01/2024,02/04/2025,400,wheat,NA,wheat,NA,OSR,NA,wheat,NA,wheat,NA,OSR,NA,NA,Yes,Black lesions,Five years or more,Yes,Yes,Yes,Yes,Mg,Sulphur,No,No,No,NA,N 3x spring,Yes,NA,NA,NA,NA,Every 4 yrs,No,Yes,Yes,Yes,Reduced tillage,NA,7.5,23,122,69,42.3,2819.5,4.9,6.8,133.3,205.4,42.9,0,0.8,19.8
6_demultiplex.bc1015--bc1075.hifi_reads,E12,2,gt_control,S2,S2,NA,NA,NA,NA,NA,NA,NA,NA,NA,NA,NA,NA,NA,NA,NA,NA,NA,NA,NA,NA,NA,NA,NA,NA,NA,NA,NA,NA,NA,NA,NA,NA,NA,NA,NA,NA,NA,NA,NA,NA,NA,NA,NA,NA,NA,NA,NA,NA,NA,NA,NA,NA,NA,NA,NA,NA,NA,NA,NA,NA,NA,NA,NA
6_demultiplex.bc1020--bc1033.hifi_reads,F1,2,sample,WB6.01,WB6.01.06,NA,NA,53.1888223,-0.3329309,21,1,2025,01/01/2024,21/01/2025,386,feed_wheat_2nd,NA,feed_wheat,NA,OSR,NA,group_1,NA,Peas,NA,group 2 wheat,NA,NA,No,N/A,not_seen,Yes,Yes,Yes,No,Yes,No,No,No,Yes,NA,Per crop requirements,Yes,NA,NA,NA,Yes,NA,Yes,Yes,Yes,Yes,Primary tilling,NA,7.5,50.2,473,95,13.9,4700.5,4.6,12.7,37,406.9,2023.7,0,0.2,33.4
6_demultiplex.bc1020--bc1035.hifi_reads,F2,2,sample,WB6.01,WB6.01.14,NA,NA,53.1888223,-0.3329309,21,1,2025,01/01/2024,21/01/2025,386,feed_wheat_2nd,NA,feed_wheat,NA,OSR,NA,group_1,NA,Peas,NA,group 2 wheat,NA,NA,No,N/A,not_seen,Yes,Yes,Yes,No,Yes,No,No,No,Yes,NA,Per crop requirements,Yes,NA,NA,NA,Yes,NA,Yes,Yes,Yes,Yes,Primary tilling,NA,7.5,50.2,473,95,13.9,4700.5,4.6,12.7,37,406.9,2023.7,0,0.2,33.4
6_demultiplex.bc1020--bc1044.hifi_reads,F3,2,sample,6FX.04,6FX.04.01,NA,NA,52.045806,-0.914611,4,3,2025,01/01/2024,03/04/2025,428,unknown,NA,unknown,NA,unknown,NA,unknown,NA,unknown,NA,NA,NA,unknown,unknown,unknown,unknown,unknown,unknown,unknown,unknown,unknown,unknown,unknown,unknown,unknown,NA,unknown,unknown,NA,NA,NA,unknown,NA,unknown,unknown,unknown,unknown,unknown,NA,7.8,21.8,198,47,16.3,3695.5,5.6,8,51.4,341,157.5,0,0.3,25.4
6_demultiplex.bc1020--bc1045.hifi_reads,F4,2,sample,6FX.04,6FX.04.09,NA,NA,52.045806,-0.914611,4,3,2025,01/01/2024,03/04/2025,428,unknown,NA,unknown,NA,unknown,NA,unknown,NA,unknown,NA,NA,NA,unknown,unknown,unknown,unknown,unknown,unknown,unknown,unknown,unknown,unknown,unknown,unknown,unknown,NA,unknown,unknown,NA,NA,NA,unknown,NA,unknown,unknown,unknown,unknown,unknown,NA,7.8,21.8,198,47,16.3,3695.5,5.6,8,51.4,341,157.5,0,0.3,25.4
6_demultiplex.bc1020--bc1054.hifi_reads,F5,2,sample,6FX.04,6FX.04.17,NA,NA,52.045806,-0.914611,4,3,2025,01/01/2024,03/04/2025,428,unknown,NA,unknown,NA,unknown,NA,unknown,NA,unknown,NA,NA,NA,unknown,unknown,unknown,unknown,unknown,unknown,unknown,unknown,unknown,unknown,unknown,unknown,unknown,NA,unknown,unknown,NA,NA,NA,unknown,NA,unknown,unknown,unknown,unknown,unknown,NA,7.8,21.8,198,47,16.3,3695.5,5.6,8,51.4,341,157.5,0,0.3,25.4
6_demultiplex.bc1020--bc1056.hifi_reads,F6,2,sample,2JJ.05,2JJ.05.04,NA,NA,53.60575,-1.501528,3,2,2025,01/01/2024,02/03/2025,399,wheat,NA,wheat,NA,wheat,NA,wheat,NA,OSR,NA,wheat,NA,NA,No,N/A,not_seen,not_reported,Yes,No,No,Yes,No,No,No,250 kg/ha,NA,"Nitogen 3 times in the Spring (March, April, May)",NA,NA,NA,NA,NA,NA,Yes,Yes,Yes,No,No tillage,NA,7.2,22.2,258,179,22.3,2718.8,5.8,5.9,81.1,363.7,70.5,0,0.5,20.8
6_demultiplex.bc1020--bc1057.hifi_reads,F7,2,internal_control,NA,NA,NA,NA,NA,NA,NA,NA,NA,NA,NA,NA,NA,NA,NA,NA,NA,NA,NA,NA,NA,NA,NA,NA,NA,NA,NA,NA,NA,NA,NA,NA,NA,NA,NA,NA,NA,NA,NA,NA,NA,NA,NA,NA,NA,NA,NA,NA,NA,NA,NA,NA,NA,NA,NA,NA,NA,NA,NA,NA,NA,NA,NA,NA,NA
6_demultiplex.bc1020--bc1059.hifi_reads,F8,2,sample,2JJ.05,2JJ.05.20,NA,NA,53.60575,-1.501528,3,2,2025,01/01/2024,02/03/2025,399,wheat,NA,wheat,NA,wheat,NA,wheat,NA,OSR,NA,wheat,NA,NA,No,N/A,not_seen,not_reported,Yes,No,No,Yes,No,No,No,250 kg/ha,NA,"Nitogen 3 times in the Spring (March, April, May)",NA,NA,NA,NA,NA,NA,Yes,Yes,Yes,No,No tillage,NA,7.2,22.2,258,179,22.3,2718.8,5.8,5.9,81.1,363.7,70.5,0,0.5,20.8
6_demultiplex.bc1020--bc1060.hifi_reads,F9,2,sample,GF20.01,GF20.01.07,NA,NA,53.1938292,-0.3448469,21,1,2025,01/01/2024,21/01/2025,386,feed_wheat_2nd,NA,feed_wheat,NA,OSR,NA,group_1,NA,peas,NA,spring_wheat,NA,NA,No,N/A,not_seen,Yes,Yes,Yes,No,Yes,No,No,No,Yes,NA,Per crop requirements,Yes,NA,NA,NA,Yes,NA,Yes,Yes,Yes,Yes,Primary tilling,NA,6.9,28.6,271,132,21.3,4025,4.8,5.3,41.3,484,519.8,0,0.3,29.1
6_demultiplex.bc1020--bc1062.hifi_reads,F10,2,sample,GF20.01,GF20.01.15,NA,NA,53.1938292,-0.3448469,21,1,2025,01/01/2024,21/01/2025,386,feed_wheat_2nd,NA,feed_wheat,NA,OSR,NA,group_1,NA,peas,NA,spring_wheat,NA,NA,No,N/A,not_seen,Yes,Yes,Yes,No,Yes,No,No,No,Yes,NA,Per crop requirements,Yes,NA,NA,NA,Yes,NA,Yes,Yes,Yes,Yes,Primary tilling,NA,6.9,28.6,271,132,21.3,4025,4.8,5.3,41.3,484,519.8,0,0.3,29.1
6_demultiplex.bc1020--bc1065.hifi_reads,F11,2,sample,8JF.02,8JF.02.02,NA,NA,53.829639,-0.534361,4,2,2025,01/01/2024,02/04/2025,400,wheat,NA,wheat,NA,OSR,NA,wheat,NA,wheat,NA,OSR,NA,NA,Yes,Black lesions,Five years or more,Yes,Yes,Yes,Yes,Mg,Sulphur,No,No,No,NA,N 3x spring,Yes,NA,NA,NA,NA,Every 4 yrs,No,Yes,Yes,Yes,Reduced tillage,NA,7.5,23,122,69,42.3,2819.5,4.9,6.8,133.3,205.4,42.9,0,0.8,19.8
6_demultiplex.bc1020--bc1075.hifi_reads,F12,2,gt_control,S3,S3,NA,NA,NA,NA,NA,NA,NA,NA,NA,NA,NA,NA,NA,NA,NA,NA,NA,NA,NA,NA,NA,NA,NA,NA,NA,NA,NA,NA,NA,NA,NA,NA,NA,NA,NA,NA,NA,NA,NA,NA,NA,NA,NA,NA,NA,NA,NA,NA,NA,NA,NA,NA,NA,NA,NA,NA,NA,NA,NA,NA,NA,NA,NA
6_demultiplex.bc1022--bc1033.hifi_reads,G1,2,sample,WB6.01,WB6.01.07,NA,NA,53.1888223,-0.3329309,21,1,2025,01/01/2024,21/01/2025,386,feed_wheat_2nd,NA,feed_wheat,NA,OSR,NA,group_1,NA,Peas,NA,group 2 wheat,NA,NA,No,N/A,not_seen,Yes,Yes,Yes,No,Yes,No,No,No,Yes,NA,Per crop requirements,Yes,NA,NA,NA,Yes,NA,Yes,Yes,Yes,Yes,Primary tilling,NA,7.5,50.2,473,95,13.9,4700.5,4.6,12.7,37,406.9,2023.7,0,0.2,33.4
6_demultiplex.bc1022--bc1035.hifi_reads,G2,2,sample,WB6.01,WB6.01.15,NA,NA,53.1888223,-0.3329309,21,1,2025,01/01/2024,21/01/2025,386,feed_wheat_2nd,NA,feed_wheat,NA,OSR,NA,group_1,NA,Peas,NA,group 2 wheat,NA,NA,No,N/A,not_seen,Yes,Yes,Yes,No,Yes,No,No,No,Yes,NA,Per crop requirements,Yes,NA,NA,NA,Yes,NA,Yes,Yes,Yes,Yes,Primary tilling,NA,7.5,50.2,473,95,13.9,4700.5,4.6,12.7,37,406.9,2023.7,0,0.2,33.4
6_demultiplex.bc1022--bc1044.hifi_reads,G3,2,sample,6FX.04,6FX.04.02,NA,NA,52.045806,-0.914611,4,3,2025,01/01/2024,03/04/2025,428,unknown,NA,unknown,NA,unknown,NA,unknown,NA,unknown,NA,NA,NA,unknown,unknown,unknown,unknown,unknown,unknown,unknown,unknown,unknown,unknown,unknown,unknown,unknown,NA,unknown,unknown,NA,NA,NA,unknown,NA,unknown,unknown,unknown,unknown,unknown,NA,7.8,21.8,198,47,16.3,3695.5,5.6,8,51.4,341,157.5,0,0.3,25.4
6_demultiplex.bc1022--bc1045.hifi_reads,G4,2,sample,6FX.04,6FX.04.10,NA,NA,52.045806,-0.914611,4,3,2025,01/01/2024,03/04/2025,428,unknown,NA,unknown,NA,unknown,NA,unknown,NA,unknown,NA,NA,NA,unknown,unknown,unknown,unknown,unknown,unknown,unknown,unknown,unknown,unknown,unknown,unknown,unknown,NA,unknown,unknown,NA,NA,NA,unknown,NA,unknown,unknown,unknown,unknown,unknown,NA,7.8,21.8,198,47,16.3,3695.5,5.6,8,51.4,341,157.5,0,0.3,25.4
6_demultiplex.bc1022--bc1054.hifi_reads,G5,2,sample,6FX.04,6FX.04.18,NA,NA,52.045806,-0.914611,4,3,2025,01/01/2024,03/04/2025,428,unknown,NA,unknown,NA,unknown,NA,unknown,NA,unknown,NA,NA,NA,unknown,unknown,unknown,unknown,unknown,unknown,unknown,unknown,unknown,unknown,unknown,unknown,unknown,NA,unknown,unknown,NA,NA,NA,unknown,NA,unknown,unknown,unknown,unknown,unknown,NA,7.8,21.8,198,47,16.3,3695.5,5.6,8,51.4,341,157.5,0,0.3,25.4
6_demultiplex.bc1022--bc1056.hifi_reads,G6,2,sample,2JJ.05,2JJ.05.05,NA,NA,53.60575,-1.501528,3,2,2025,01/01/2024,02/03/2025,399,wheat,NA,wheat,NA,wheat,NA,wheat,NA,OSR,NA,wheat,NA,NA,No,N/A,not_seen,not_reported,Yes,No,No,Yes,No,No,No,250 kg/ha,NA,"Nitogen 3 times in the Spring (March, April, May)",NA,NA,NA,NA,NA,NA,Yes,Yes,Yes,No,No tillage,NA,7.2,22.2,258,179,22.3,2718.8,5.8,5.9,81.1,363.7,70.5,0,0.5,20.8
6_demultiplex.bc1022--bc1057.hifi_reads,G7,2,sample,2JJ.05,2JJ.05.13,NA,NA,53.60575,-1.501528,3,2,2025,01/01/2024,02/03/2025,399,wheat,NA,wheat,NA,wheat,NA,wheat,NA,OSR,NA,wheat,NA,NA,No,N/A,not_seen,not_reported,Yes,No,No,Yes,No,No,No,250 kg/ha,NA,"Nitogen 3 times in the Spring (March, April, May)",NA,NA,NA,NA,NA,NA,Yes,Yes,Yes,No,No tillage,NA,7.2,22.2,258,179,22.3,2718.8,5.8,5.9,81.1,363.7,70.5,0,0.5,20.8
6_demultiplex.bc1022--bc1059.hifi_reads,G8,2,farmer_kit,2JJ.05,2JJ.5.94.FK,94,SFK,53.60575,-1.501528,3,2,2025,01/01/2024,02/03/2025,399,wheat,NA,wheat,NA,wheat,NA,wheat,NA,OSR,NA,wheat,NA,NA,No,N/A,not_seen,not_reported,Yes,No,No,Yes,No,No,No,250 kg/ha,NA,"Nitogen 3 times in the Spring (March, April, May)",NA,NA,NA,NA,NA,NA,Yes,Yes,Yes,No,No tillage,NA,7.2,22.2,258,179,22.3,2718.8,5.8,5.9,81.1,363.7,70.5,0,0.5,20.8
6_demultiplex.bc1022--bc1060.hifi_reads,G9,2,sample,GF20.01,GF20.01.08,NA,NA,53.1938292,-0.3448469,21,1,2025,01/01/2024,21/01/2025,386,feed_wheat_2nd,NA,feed_wheat,NA,OSR,NA,group_1,NA,peas,NA,spring_wheat,NA,NA,No,N/A,not_seen,Yes,Yes,Yes,No,Yes,No,No,No,Yes,NA,Per crop requirements,Yes,NA,NA,NA,Yes,NA,Yes,Yes,Yes,Yes,Primary tilling,NA,6.9,28.6,271,132,21.3,4025,4.8,5.3,41.3,484,519.8,0,0.3,29.1
6_demultiplex.bc1022--bc1062.hifi_reads,G10,2,sample,GF20.01,GF20.01.16,NA,NA,53.1938292,-0.3448469,21,1,2025,01/01/2024,21/01/2025,386,feed_wheat_2nd,NA,feed_wheat,NA,OSR,NA,group_1,NA,peas,NA,spring_wheat,NA,NA,No,N/A,not_seen,Yes,Yes,Yes,No,Yes,No,No,No,Yes,NA,Per crop requirements,Yes,NA,NA,NA,Yes,NA,Yes,Yes,Yes,Yes,Primary tilling,NA,6.9,28.6,271,132,21.3,4025,4.8,5.3,41.3,484,519.8,0,0.3,29.1
6_demultiplex.bc1022--bc1065.hifi_reads,G11,2,sample,8JF.02,8JF.02.03,NA,NA,53.829639,-0.534361,4,2,2025,01/01/2024,02/04/2025,400,wheat,NA,wheat,NA,OSR,NA,wheat,NA,wheat,NA,OSR,NA,NA,Yes,Black lesions,Five years or more,Yes,Yes,Yes,Yes,Mg,Sulphur,No,No,No,NA,N 3x spring,Yes,NA,NA,NA,NA,Every 4 yrs,No,Yes,Yes,Yes,Reduced tillage,NA,7.5,23,122,69,42.3,2819.5,4.9,6.8,133.3,205.4,42.9,0,0.8,19.8
6_demultiplex.bc1022--bc1075.hifi_reads,G12,2,internal_control,EMPTY,EMPTY,NA,NA,NA,NA,NA,NA,NA,NA,NA,NA,NA,NA,NA,NA,NA,NA,NA,NA,NA,NA,NA,NA,NA,NA,NA,NA,NA,NA,NA,NA,NA,NA,NA,NA,NA,NA,NA,NA,NA,NA,NA,NA,NA,NA,NA,NA,NA,NA,NA,NA,NA,NA,NA,NA,NA,NA,NA,NA,NA,NA,NA,NA,NA
6_demultiplex.bc1024--bc1033.hifi_reads,H1,2,sample,WB6.01,WB6.01.08,NA,NA,53.1888223,-0.3329309,21,1,2025,01/01/2024,21/01/2025,386,feed_wheat_2nd,NA,feed_wheat,NA,OSR,NA,group_1,NA,Peas,NA,group 2 wheat,NA,NA,No,N/A,not_seen,Yes,Yes,Yes,No,Yes,No,No,No,Yes,NA,Per crop requirements,Yes,NA,NA,NA,Yes,NA,Yes,Yes,Yes,Yes,Primary tilling,NA,7.5,50.2,473,95,13.9,4700.5,4.6,12.7,37,406.9,2023.7,0,0.2,33.4
6_demultiplex.bc1024--bc1035.hifi_reads,H2,2,sample,WB6.01,WB6.01.16,NA,NA,53.1888223,-0.3329309,21,1,2025,01/01/2024,21/01/2025,386,feed_wheat_2nd,NA,feed_wheat,NA,OSR,NA,group_1,NA,Peas,NA,group 2 wheat,NA,NA,No,N/A,not_seen,Yes,Yes,Yes,No,Yes,No,No,No,Yes,NA,Per crop requirements,Yes,NA,NA,NA,Yes,NA,Yes,Yes,Yes,Yes,Primary tilling,NA,7.5,50.2,473,95,13.9,4700.5,4.6,12.7,37,406.9,2023.7,0,0.2,33.4
6_demultiplex.bc1024--bc1044.hifi_reads,H3,2,sample,6FX.04,6FX.04.03,NA,NA,52.045806,-0.914611,4,3,2025,01/01/2024,03/04/2025,428,unknown,NA,unknown,NA,unknown,NA,unknown,NA,unknown,NA,NA,NA,unknown,unknown,unknown,unknown,unknown,unknown,unknown,unknown,unknown,unknown,unknown,unknown,unknown,NA,unknown,unknown,NA,NA,NA,unknown,NA,unknown,unknown,unknown,unknown,unknown,NA,7.8,21.8,198,47,16.3,3695.5,5.6,8,51.4,341,157.5,0,0.3,25.4
6_demultiplex.bc1024--bc1045.hifi_reads,H4,2,sample,6FX.04,6FX.04.11,NA,NA,52.045806,-0.914611,4,3,2025,01/01/2024,03/04/2025,428,unknown,NA,unknown,NA,unknown,NA,unknown,NA,unknown,NA,NA,NA,unknown,unknown,unknown,unknown,unknown,unknown,unknown,unknown,unknown,unknown,unknown,unknown,unknown,NA,unknown,unknown,NA,NA,NA,unknown,NA,unknown,unknown,unknown,unknown,unknown,NA,7.8,21.8,198,47,16.3,3695.5,5.6,8,51.4,341,157.5,0,0.3,25.4
6_demultiplex.bc1024--bc1054.hifi_reads,H5,2,sample,6FX.04,6FX.04.19,NA,NA,52.045806,-0.914611,4,3,2025,01/01/2024,03/04/2025,428,unknown,NA,unknown,NA,unknown,NA,unknown,NA,unknown,NA,NA,NA,unknown,unknown,unknown,unknown,unknown,unknown,unknown,unknown,unknown,unknown,unknown,unknown,unknown,NA,unknown,unknown,NA,NA,NA,unknown,NA,unknown,unknown,unknown,unknown,unknown,NA,7.8,21.8,198,47,16.3,3695.5,5.6,8,51.4,341,157.5,0,0.3,25.4
6_demultiplex.bc1024--bc1056.hifi_reads,H6,2,sample,2JJ.05,2JJ.05.06,NA,NA,53.60575,-1.501528,3,2,2025,01/01/2024,02/03/2025,399,wheat,NA,wheat,NA,wheat,NA,wheat,NA,OSR,NA,wheat,NA,NA,No,N/A,not_seen,not_reported,Yes,No,No,Yes,No,No,No,250 kg/ha,NA,"Nitogen 3 times in the Spring (March, April, May)",NA,NA,NA,NA,NA,NA,Yes,Yes,Yes,No,No tillage,NA,7.2,22.2,258,179,22.3,2718.8,5.8,5.9,81.1,363.7,70.5,0,0.5,20.8
6_demultiplex.bc1024--bc1057.hifi_reads,H7,2,sample,2JJ.05,2JJ.05.14,NA,NA,53.60575,-1.501528,3,2,2025,01/01/2024,02/03/2025,399,wheat,NA,wheat,NA,wheat,NA,wheat,NA,OSR,NA,wheat,NA,NA,No,N/A,not_seen,not_reported,Yes,No,No,Yes,No,No,No,250 kg/ha,NA,"Nitogen 3 times in the Spring (March, April, May)",NA,NA,NA,NA,NA,NA,Yes,Yes,Yes,No,No tillage,NA,7.2,22.2,258,179,22.3,2718.8,5.8,5.9,81.1,363.7,70.5,0,0.5,20.8
6_demultiplex.bc1024--bc1059.hifi_reads,H8,2,sample,GF20.01,GF20.01.01,NA,NA,53.1938292,-0.3448469,21,1,2025,01/01/2024,21/01/2025,386,feed_wheat_2nd,NA,feed_wheat,NA,OSR,NA,group_1,NA,peas,NA,spring_wheat,NA,NA,No,N/A,not_seen,Yes,Yes,Yes,No,Yes,No,No,No,Yes,NA,Per crop requirements,Yes,NA,NA,NA,Yes,NA,Yes,Yes,Yes,z,Primary tilling,NA,6.9,28.6,271,132,21.3,4025,4.8,5.3,41.3,484,519.8,0,0.3,29.1
6_demultiplex.bc1024--bc1060.hifi_reads,H9,2,sample,GF20.01,GF20.01.09,NA,NA,53.1938292,-0.3448469,21,1,2025,01/01/2024,21/01/2025,386,feed_wheat_2nd,NA,feed_wheat,NA,OSR,NA,group_1,NA,peas,NA,spring_wheat,NA,NA,No,N/A,not_seen,Yes,Yes,Yes,No,Yes,No,No,No,Yes,NA,Per crop requirements,Yes,NA,NA,NA,Yes,NA,Yes,Yes,Yes,Yes,Primary tilling,NA,6.9,28.6,271,132,21.3,4025,4.8,5.3,41.3,484,519.8,0,0.3,29.1
6_demultiplex.bc1024--bc1062.hifi_reads,H10,2,sample,GF20.01,GF20.01.17,NA,NA,53.1938292,-0.3448469,21,1,2025,01/01/2024,21/01/2025,386,feed_wheat_2nd,NA,feed_wheat,NA,OSR,NA,group_1,NA,peas,NA,spring_wheat,NA,NA,No,N/A,not_seen,Yes,Yes,Yes,No,Yes,No,No,No,Yes,NA,Per crop requirements,Yes,NA,NA,NA,Yes,NA,Yes,Yes,Yes,Yes,Primary tilling,NA,6.9,28.6,271,132,21.3,4025,4.8,5.3,41.3,484,519.8,0,0.3,29.1
6_demultiplex.bc1024--bc1065.hifi_reads,H11,2,sample,8JF.02,8JF.02.04,NA,NA,53.829639,-0.534361,4,2,2025,01/01/2024,02/04/2025,400,wheat,NA,wheat,NA,OSR,NA,wheat,NA,wheat,NA,OSR,NA,NA,Yes,Black lesions,Five years or more,Yes,Yes,Yes,Yes,Mg,Sulphur,No,No,No,NA,N 3x spring,Yes,NA,NA,NA,NA,Every 4 yrs,No,Yes,Yes,Yes,Reduced tillage,NA,7.5,23,122,69,42.3,2819.5,4.9,6.8,133.3,205.4,42.9,0,0.8,19.8
6_demultiplex.bc1024--bc1075.hifi_reads,H12,2,internal_control,EMPTY,EMPTY,NA,NA,NA,NA,NA,NA,NA,NA,NA,NA,NA,NA,NA,NA,NA,NA,NA,NA,NA,NA,NA,NA,NA,NA,NA,NA,NA,NA,NA,NA,NA,NA,NA,NA,NA,NA,NA,NA,NA,NA,NA,NA,NA,NA,NA,NA,NA,NA,NA,NA,NA,NA,NA,NA,NA,NA,NA,NA,NA,NA,NA,NA,NA
6_demultiplex.bc1005--bc1076.hifi_reads,A1,2,sample,6FX.01,6FX.01.20,NA,NA,52.039222,-0.915806,3,3,2025,01/01/2024,03/03/2025,427,unknown,NA,unknown,NA,unknown,NA,unknown,NA,unknown,NA,NA,NA,unknown,unknown,unknown,unknown,unknown,unknown,unknown,unknown,unknown,unknown,unknown,unknown,unknown,NA,unknown,unknown,NA,NA,NA,unknown,NA,unknown,unknown,unknown,unknown,unknown,NA,5.8,26,114,36,16.2,1946.7,4.1,5.9,21.9,461.7,135.9,0,0.2,17.9
6_demultiplex.bc1005--bc1082.hifi_reads,A2,2,farmer_kit,6DA.05,6DA.5.87.FK,87,IFK,51.129111,-1.441139,12,2,2025,01/01/2024,02/12/2025,408,winter_wheat,NA,herbal_ ley,NA,herbal_ley,NA,herbal_ley,NA,spring_oats,NA,winter_wheat,NA,cv Soissons,No,N/A,not_seen,Yes,Yes,Yes,Yes,No,No,No,No,No,NA,NA,NA,NA,NA,NA,NA,NA,NA,NA,NA,Yes,Direct drilling,NA,7.6,49.2,381,80,25.3,2896.4,4.3,10.5,187.2,189.3,50.8,0,0.9,21.2
6_demultiplex.bc1005--bc1083.hifi_reads,A3,2,sample,MD7.01,MD7.01.18,NA,NA,53.1762805,-0.3453237,22,1,2025,01/01/2024,22/01/2025,387,group_2,NA,maize,NA,feed_wheat,NA,OSR,NA,group_1_2nd,NA,spring_wheat,NA,NA,No,N/A,not_seen,Yes,Yes,Yes,No,Yes,No,No,No,Yes,NA,Per crop requirements,Yes,NA,NA,NA,Yes,NA,Yes,Yes,Yes,Yes,Primary tilling,NA,7.7,27.2,363,148,22.3,3474.2,6.3,7.9,54.3,377.7,91.5,0,0.4,25.7
6_demultiplex.bc1005--bc1089.hifi_reads,A4,2,sample,6FX.01,6FX.01.19,NA,NA,52.039222,-0.915806,3,3,2025,01/01/2024,03/03/2025,427,unknown,NA,unknown,NA,unknown,NA,unknown,NA,unknown,NA,NA,NA,unknown,unknown,unknown,unknown,unknown,unknown,unknown,unknown,unknown,unknown,unknown,unknown,unknown,NA,unknown,unknown,NA,NA,NA,unknown,NA,unknown,unknown,unknown,unknown,unknown,NA,5.8,26,114,36,16.2,1946.7,4.1,5.9,21.9,461.7,135.9,0,0.2,17.9
6_demultiplex.bc1005--bc1096.hifi_reads,A5,2,gillian,NA,NA,NA,NA,NA,NA,NA,NA,NA,NA,NA,NA,NA,NA,NA,NA,NA,NA,NA,NA,NA,NA,NA,NA,NA,NA,NA,NA,NA,NA,NA,NA,NA,NA,NA,NA,NA,NA,NA,NA,NA,NA,NA,NA,NA,NA,NA,NA,NA,NA,NA,NA,NA,NA,NA,NA,NA,NA,NA,NA,NA,NA,NA,NA,NA
6_demultiplex.bc1005--bc1098.hifi_reads,A6,2,gillian,NA,NA,NA,NA,NA,NA,NA,NA,NA,NA,NA,NA,NA,NA,NA,NA,NA,NA,NA,NA,NA,NA,NA,NA,NA,NA,NA,NA,NA,NA,NA,NA,NA,NA,NA,NA,NA,NA,NA,NA,NA,NA,NA,NA,NA,NA,NA,NA,NA,NA,NA,NA,NA,NA,NA,NA,NA,NA,NA,NA,NA,NA,NA,NA,NA
6_demultiplex.bc1005--bc1100.hifi_reads,A7,2,gillian,NA,NA,NA,NA,NA,NA,NA,NA,NA,NA,NA,NA,NA,NA,NA,NA,NA,NA,NA,NA,NA,NA,NA,NA,NA,NA,NA,NA,NA,NA,NA,NA,NA,NA,NA,NA,NA,NA,NA,NA,NA,NA,NA,NA,NA,NA,NA,NA,NA,NA,NA,NA,NA,NA,NA,NA,NA,NA,NA,NA,NA,NA,NA,NA,NA
6_demultiplex.bc1005--bc1101.hifi_reads,A8,2,gillian,NA,NA,NA,NA,NA,NA,NA,NA,NA,NA,NA,NA,NA,NA,NA,NA,NA,NA,NA,NA,NA,NA,NA,NA,NA,NA,NA,NA,NA,NA,NA,NA,NA,NA,NA,NA,NA,NA,NA,NA,NA,NA,NA,NA,NA,NA,NA,NA,NA,NA,NA,NA,NA,NA,NA,NA,NA,NA,NA,NA,NA,NA,NA,NA,NA
6_demultiplex.bc1005--bc1105.hifi_reads,A9,2,gillian,NA,NA,NA,NA,NA,NA,NA,NA,NA,NA,NA,NA,NA,NA,NA,NA,NA,NA,NA,NA,NA,NA,NA,NA,NA,NA,NA,NA,NA,NA,NA,NA,NA,NA,NA,NA,NA,NA,NA,NA,NA,NA,NA,NA,NA,NA,NA,NA,NA,NA,NA,NA,NA,NA,NA,NA,NA,NA,NA,NA,NA,NA,NA,NA,NA
6_demultiplex.bc1005--bc1107.hifi_reads,A10,2,gillian,NA,NA,NA,NA,NA,NA,NA,NA,NA,NA,NA,NA,NA,NA,NA,NA,NA,NA,NA,NA,NA,NA,NA,NA,NA,NA,NA,NA,NA,NA,NA,NA,NA,NA,NA,NA,NA,NA,NA,NA,NA,NA,NA,NA,NA,NA,NA,NA,NA,NA,NA,NA,NA,NA,NA,NA,NA,NA,NA,NA,NA,NA,NA,NA,NA
6_demultiplex.bc1005--bc1110.hifi_reads,A11,2,gillian,NA,NA,NA,NA,NA,NA,NA,NA,NA,NA,NA,NA,NA,NA,NA,NA,NA,NA,NA,NA,NA,NA,NA,NA,NA,NA,NA,NA,NA,NA,NA,NA,NA,NA,NA,NA,NA,NA,NA,NA,NA,NA,NA,NA,NA,NA,NA,NA,NA,NA,NA,NA,NA,NA,NA,NA,NA,NA,NA,NA,NA,NA,NA,NA,NA
6_demultiplex.bc1005--bc1112.hifi_reads,A12,2,gillian,NA,NA,NA,NA,NA,NA,NA,NA,NA,NA,NA,NA,NA,NA,NA,NA,NA,NA,NA,NA,NA,NA,NA,NA,NA,NA,NA,NA,NA,NA,NA,NA,NA,NA,NA,NA,NA,NA,NA,NA,NA,NA,NA,NA,NA,NA,NA,NA,NA,NA,NA,NA,NA,NA,NA,NA,NA,NA,NA,NA,NA,NA,NA,NA,NA
6_demultiplex.bc1007--bc1076.hifi_reads,B1,2,farmer_kit,6FX.01,6FX.1.84.FK,84,SFK,52.039222,-0.915806,3,3,2025,01/01/2024,03/03/2025,427,unknown,NA,unknown,NA,unknown,NA,unknown,NA,unknown,NA,NA,NA,unknown,unknown,unknown,unknown,unknown,unknown,unknown,unknown,unknown,unknown,unknown,unknown,unknown,NA,unknown,unknown,NA,NA,NA,unknown,NA,unknown,unknown,unknown,unknown,unknown,NA,5.8,26,114,36,16.2,1946.7,4.1,5.9,21.9,461.7,135.9,0,0.2,17.9
6_demultiplex.bc1007--bc1082.hifi_reads,B2,2,farmer_kit,6DA.06,6DA.6.86.FK,86,IFK,51.144278,-1.442694,13,2,2025,01/01/2024,13/02/2025,409,winter_wheat,NA,OSR,NA,spring_barley,NA,winter_wheat,NA,spring_oats,NA,grass_ley,NA,cv Crusoe,No,N/A,not_seen,Yes,Yes,Yes,Yes,No,No,No,No,No,NA,NA,NA,NA,NA,NA,NA,NA,NA,NA,NA,Yes,Strip tillage,NA,7.7,69,754,126,23.5,3183,4.7,16.2,119.3,178.9,73,0,0.5,25
6_demultiplex.bc1007--bc1083.hifi_reads,B3,2,sample,MD7.01,MD7.01.19,NA,NA,53.1762805,-0.3453237,22,1,2025,01/01/2024,22/01/2025,387,group_2,NA,maize,NA,feed_wheat,NA,OSR,NA,group_1_2nd,NA,spring_wheat,NA,NA,No,N/A,not_seen,Yes,Yes,Yes,No,Yes,No,No,No,Yes,NA,Per crop requirements,Yes,NA,NA,NA,Yes,NA,Yes,Yes,Yes,Yes,Primary tilling,NA,7.7,27.2,363,148,22.3,3474.2,6.3,7.9,54.3,377.7,91.5,0,0.4,25.7
6_demultiplex.bc1007--bc1096.hifi_reads,B5,2,gillian,NA,NA,NA,NA,NA,NA,NA,NA,NA,NA,NA,NA,NA,NA,NA,NA,NA,NA,NA,NA,NA,NA,NA,NA,NA,NA,NA,NA,NA,NA,NA,NA,NA,NA,NA,NA,NA,NA,NA,NA,NA,NA,NA,NA,NA,NA,NA,NA,NA,NA,NA,NA,NA,NA,NA,NA,NA,NA,NA,NA,NA,NA,NA,NA,NA
6_demultiplex.bc1007--bc1098.hifi_reads,B6,2,gillian,NA,NA,NA,NA,NA,NA,NA,NA,NA,NA,NA,NA,NA,NA,NA,NA,NA,NA,NA,NA,NA,NA,NA,NA,NA,NA,NA,NA,NA,NA,NA,NA,NA,NA,NA,NA,NA,NA,NA,NA,NA,NA,NA,NA,NA,NA,NA,NA,NA,NA,NA,NA,NA,NA,NA,NA,NA,NA,NA,NA,NA,NA,NA,NA,NA
6_demultiplex.bc1007--bc1100.hifi_reads,B7,2,gillian,NA,NA,NA,NA,NA,NA,NA,NA,NA,NA,NA,NA,NA,NA,NA,NA,NA,NA,NA,NA,NA,NA,NA,NA,NA,NA,NA,NA,NA,NA,NA,NA,NA,NA,NA,NA,NA,NA,NA,NA,NA,NA,NA,NA,NA,NA,NA,NA,NA,NA,NA,NA,NA,NA,NA,NA,NA,NA,NA,NA,NA,NA,NA,NA,NA
6_demultiplex.bc1007--bc1101.hifi_reads,B8,2,gillian,NA,NA,NA,NA,NA,NA,NA,NA,NA,NA,NA,NA,NA,NA,NA,NA,NA,NA,NA,NA,NA,NA,NA,NA,NA,NA,NA,NA,NA,NA,NA,NA,NA,NA,NA,NA,NA,NA,NA,NA,NA,NA,NA,NA,NA,NA,NA,NA,NA,NA,NA,NA,NA,NA,NA,NA,NA,NA,NA,NA,NA,NA,NA,NA,NA
6_demultiplex.bc1007--bc1105.hifi_reads,B9,2,gillian,NA,NA,NA,NA,NA,NA,NA,NA,NA,NA,NA,NA,NA,NA,NA,NA,NA,NA,NA,NA,NA,NA,NA,NA,NA,NA,NA,NA,NA,NA,NA,NA,NA,NA,NA,NA,NA,NA,NA,NA,NA,NA,NA,NA,NA,NA,NA,NA,NA,NA,NA,NA,NA,NA,NA,NA,NA,NA,NA,NA,NA,NA,NA,NA,NA
6_demultiplex.bc1007--bc1107.hifi_reads,B10,2,gillian,NA,NA,NA,NA,NA,NA,NA,NA,NA,NA,NA,NA,NA,NA,NA,NA,NA,NA,NA,NA,NA,NA,NA,NA,NA,NA,NA,NA,NA,NA,NA,NA,NA,NA,NA,NA,NA,NA,NA,NA,NA,NA,NA,NA,NA,NA,NA,NA,NA,NA,NA,NA,NA,NA,NA,NA,NA,NA,NA,NA,NA,NA,NA,NA,NA
6_demultiplex.bc1007--bc1110.hifi_reads,B11,2,gillian,NA,NA,NA,NA,NA,NA,NA,NA,NA,NA,NA,NA,NA,NA,NA,NA,NA,NA,NA,NA,NA,NA,NA,NA,NA,NA,NA,NA,NA,NA,NA,NA,NA,NA,NA,NA,NA,NA,NA,NA,NA,NA,NA,NA,NA,NA,NA,NA,NA,NA,NA,NA,NA,NA,NA,NA,NA,NA,NA,NA,NA,NA,NA,NA,NA
6_demultiplex.bc1008--bc1076.hifi_reads,C1,2,farmer_kit,PF3.01,PF3.1.107.FK,107,IFK,53.203671,-0.3519501,23,1,2025,01/01/2024,23/01/2025,388,feed_wheat,NA,Oats & Vetch,NA,feed_wheat_2nd,NA,group_1,NA,peas,NA,spring_wheat,NA,NA,No,N/A,not_seen,Yes,Yes,Yes,No,Yes,No,No,No,Yes,NA,Per crop requirements,Yes,NA,NA,NA,Yes,NA,Yes,Yes,Yes,Yes,Primary tilling,NA,7.9,43.2,363,100,18.1,4701.7,2.7,5.8,18.4,413.6,141.4,0,0.2,33.1
6_demultiplex.bc1008--bc1082.hifi_reads,C2,2,farmer_kit,6DA.07,6DA.7.85.FK,85,IFK,51.13925,-1.453722,13,2,2025,01/01/2024,13/02/2025,409,winter_wheat,NA,grass_ley,NA,grass_ley,NA,grass_ley,NA,grass_ley,NA,grass_ley,NA,cv Nelson,No,N/A,not_seen,Yes,Yes,Yes,Yes,No,No,No,No,No,NA,NA,NA,NA,NA,NA,NA,NA,NA,NA,NA,Yes,Direct drilling,NA,7.9,56,421,74,22.9,2725.8,3.3,13.8,83.3,162.6,63.9,0,0.4,20.2
6_demultiplex.bc1008--bc1083.hifi_reads,C3,2,sample,MD7.01,MD7.01.20,NA,NA,53.1762805,-0.3453237,22,1,2025,01/01/2024,22/01/2025,387,group_2,NA,maize,NA,feed_wheat,NA,OSR,NA,group_1_2nd,NA,spring_wheat,NA,NA,No,N/A,not_seen,Yes,Yes,Yes,No,Yes,No,No,No,Yes,NA,Per crop requirements,Yes,NA,NA,NA,Yes,NA,Yes,Yes,Yes,Yes,Primary tilling,NA,7.7,27.2,363,148,22.3,3474.2,6.3,7.9,54.3,377.7,91.5,0,0.4,25.7
6_demultiplex.bc1008--bc1089.hifi_reads,C4,2,gt_control,S2,S2,NA,NA,NA,NA,NA,NA,NA,NA,NA,NA,NA,NA,NA,NA,NA,NA,NA,NA,NA,NA,NA,NA,NA,NA,NA,NA,NA,NA,NA,NA,NA,NA,NA,NA,NA,NA,NA,NA,NA,NA,NA,NA,NA,NA,NA,NA,NA,NA,NA,NA,NA,NA,NA,NA,NA,NA,NA,NA,NA,NA,NA,NA,NA
6_demultiplex.bc1008--bc1096.hifi_reads,C5,2,gillian,NA,NA,NA,NA,NA,NA,NA,NA,NA,NA,NA,NA,NA,NA,NA,NA,NA,NA,NA,NA,NA,NA,NA,NA,NA,NA,NA,NA,NA,NA,NA,NA,NA,NA,NA,NA,NA,NA,NA,NA,NA,NA,NA,NA,NA,NA,NA,NA,NA,NA,NA,NA,NA,NA,NA,NA,NA,NA,NA,NA,NA,NA,NA,NA,NA
6_demultiplex.bc1008--bc1098.hifi_reads,C6,2,gillian,NA,NA,NA,NA,NA,NA,NA,NA,NA,NA,NA,NA,NA,NA,NA,NA,NA,NA,NA,NA,NA,NA,NA,NA,NA,NA,NA,NA,NA,NA,NA,NA,NA,NA,NA,NA,NA,NA,NA,NA,NA,NA,NA,NA,NA,NA,NA,NA,NA,NA,NA,NA,NA,NA,NA,NA,NA,NA,NA,NA,NA,NA,NA,NA,NA
6_demultiplex.bc1008--bc1100.hifi_reads,C7,2,gillian,NA,NA,NA,NA,NA,NA,NA,NA,NA,NA,NA,NA,NA,NA,NA,NA,NA,NA,NA,NA,NA,NA,NA,NA,NA,NA,NA,NA,NA,NA,NA,NA,NA,NA,NA,NA,NA,NA,NA,NA,NA,NA,NA,NA,NA,NA,NA,NA,NA,NA,NA,NA,NA,NA,NA,NA,NA,NA,NA,NA,NA,NA,NA,NA,NA
6_demultiplex.bc1008--bc1101.hifi_reads,C8,2,gillian,NA,NA,NA,NA,NA,NA,NA,NA,NA,NA,NA,NA,NA,NA,NA,NA,NA,NA,NA,NA,NA,NA,NA,NA,NA,NA,NA,NA,NA,NA,NA,NA,NA,NA,NA,NA,NA,NA,NA,NA,NA,NA,NA,NA,NA,NA,NA,NA,NA,NA,NA,NA,NA,NA,NA,NA,NA,NA,NA,NA,NA,NA,NA,NA,NA
6_demultiplex.bc1008--bc1105.hifi_reads,C9,2,gillian,NA,NA,NA,NA,NA,NA,NA,NA,NA,NA,NA,NA,NA,NA,NA,NA,NA,NA,NA,NA,NA,NA,NA,NA,NA,NA,NA,NA,NA,NA,NA,NA,NA,NA,NA,NA,NA,NA,NA,NA,NA,NA,NA,NA,NA,NA,NA,NA,NA,NA,NA,NA,NA,NA,NA,NA,NA,NA,NA,NA,NA,NA,NA,NA,NA
6_demultiplex.bc1008--bc1107.hifi_reads,C10,2,gillian,NA,NA,NA,NA,NA,NA,NA,NA,NA,NA,NA,NA,NA,NA,NA,NA,NA,NA,NA,NA,NA,NA,NA,NA,NA,NA,NA,NA,NA,NA,NA,NA,NA,NA,NA,NA,NA,NA,NA,NA,NA,NA,NA,NA,NA,NA,NA,NA,NA,NA,NA,NA,NA,NA,NA,NA,NA,NA,NA,NA,NA,NA,NA,NA,NA
6_demultiplex.bc1008--bc1110.hifi_reads,C11,2,gillian,NA,NA,NA,NA,NA,NA,NA,NA,NA,NA,NA,NA,NA,NA,NA,NA,NA,NA,NA,NA,NA,NA,NA,NA,NA,NA,NA,NA,NA,NA,NA,NA,NA,NA,NA,NA,NA,NA,NA,NA,NA,NA,NA,NA,NA,NA,NA,NA,NA,NA,NA,NA,NA,NA,NA,NA,NA,NA,NA,NA,NA,NA,NA,NA,NA
6_demultiplex.bc1012--bc1076.hifi_reads,D1,2,farmer_kit,D4.01,D4.1.99.FK,99,IFK,53.1728614,-0.3572297,22,1,2025,01/01/2024,22/01/2025,387,group_3,NA,maize,NA,feed_wheat,NA,OSR,NA,group_1,NA,feed_wheat,NA,NA,No,N/A,not_seen,Yes,Yes,Yes,No,Yes,No,No,No,Yes,NA,Per crop requirements,Yes,NA,NA,NA,Yes,NA,Yes,Yes,Yes,Yes,Primary tilling,NA,7.9,21.6,404,158,29.4,3909.8,6.4,5,45.7,439.8,107.2,0,0.4,28.8
6_demultiplex.bc1012--bc1082.hifi_reads,D2,2,sample,2JJ.05,2JJ.05.12,NA,NA,53.60575,-1.501528,3,2,2025,01/01/2024,02/03/2025,399,wheat,NA,wheat,NA,wheat,NA,wheat,NA,OSR,NA,wheat,NA,NA,No,N/A,not_seen,not_reported,Yes,No,No,Yes,No,No,No,250 kg/ha,NA,"Nitogen 3 times in the Spring (March, April, May)",NA,NA,NA,NA,NA,NA,Yes,Yes,Yes,No,No tillage,NA,7.2,22.2,258,179,22.3,2718.8,5.8,5.9,81.1,363.7,70.5,0,0.5,20.8
6_demultiplex.bc1012--bc1083.hifi_reads,D3,2,sample,6DA.03,6DA.03.07,NA,NA,51.130528,-1.46625,13,2,2025,01/01/2024,13/02/2025,409,winter_wheat,NA,spring_oats,NA,winter_wheat,NA,OSR,NA,spring_barley,NA,winter_wheat,NA,cv Crusoe,No,N/A,not_seen,Yes,Yes,Yes,Yes,No,No,No,No,No,NA,NA,NA,NA,NA,NA,NA,NA,NA,NA,NA,Yes,Strip tillage,NA,7.2,42.2,294,89,19.5,2570.9,4.8,8.3,104,224.5,43.5,0,0.8,18.9
6_demultiplex.bc1012--bc1096.hifi_reads,D5,2,gillian,NA,NA,NA,NA,NA,NA,NA,NA,NA,NA,NA,NA,NA,NA,NA,NA,NA,NA,NA,NA,NA,NA,NA,NA,NA,NA,NA,NA,NA,NA,NA,NA,NA,NA,NA,NA,NA,NA,NA,NA,NA,NA,NA,NA,NA,NA,NA,NA,NA,NA,NA,NA,NA,NA,NA,NA,NA,NA,NA,NA,NA,NA,NA,NA,NA
6_demultiplex.bc1012--bc1098.hifi_reads,D6,2,gillian,NA,NA,NA,NA,NA,NA,NA,NA,NA,NA,NA,NA,NA,NA,NA,NA,NA,NA,NA,NA,NA,NA,NA,NA,NA,NA,NA,NA,NA,NA,NA,NA,NA,NA,NA,NA,NA,NA,NA,NA,NA,NA,NA,NA,NA,NA,NA,NA,NA,NA,NA,NA,NA,NA,NA,NA,NA,NA,NA,NA,NA,NA,NA,NA,NA
6_demultiplex.bc1012--bc1100.hifi_reads,D7,2,gillian,NA,NA,NA,NA,NA,NA,NA,NA,NA,NA,NA,NA,NA,NA,NA,NA,NA,NA,NA,NA,NA,NA,NA,NA,NA,NA,NA,NA,NA,NA,NA,NA,NA,NA,NA,NA,NA,NA,NA,NA,NA,NA,NA,NA,NA,NA,NA,NA,NA,NA,NA,NA,NA,NA,NA,NA,NA,NA,NA,NA,NA,NA,NA,NA,NA
6_demultiplex.bc1012--bc1101.hifi_reads,D8,2,gillian,NA,NA,NA,NA,NA,NA,NA,NA,NA,NA,NA,NA,NA,NA,NA,NA,NA,NA,NA,NA,NA,NA,NA,NA,NA,NA,NA,NA,NA,NA,NA,NA,NA,NA,NA,NA,NA,NA,NA,NA,NA,NA,NA,NA,NA,NA,NA,NA,NA,NA,NA,NA,NA,NA,NA,NA,NA,NA,NA,NA,NA,NA,NA,NA,NA
6_demultiplex.bc1012--bc1105.hifi_reads,D9,2,gillian,NA,NA,NA,NA,NA,NA,NA,NA,NA,NA,NA,NA,NA,NA,NA,NA,NA,NA,NA,NA,NA,NA,NA,NA,NA,NA,NA,NA,NA,NA,NA,NA,NA,NA,NA,NA,NA,NA,NA,NA,NA,NA,NA,NA,NA,NA,NA,NA,NA,NA,NA,NA,NA,NA,NA,NA,NA,NA,NA,NA,NA,NA,NA,NA,NA
6_demultiplex.bc1012--bc1107.hifi_reads,D10,2,gillian,NA,NA,NA,NA,NA,NA,NA,NA,NA,NA,NA,NA,NA,NA,NA,NA,NA,NA,NA,NA,NA,NA,NA,NA,NA,NA,NA,NA,NA,NA,NA,NA,NA,NA,NA,NA,NA,NA,NA,NA,NA,NA,NA,NA,NA,NA,NA,NA,NA,NA,NA,NA,NA,NA,NA,NA,NA,NA,NA,NA,NA,NA,NA,NA,NA
6_demultiplex.bc1012--bc1110.hifi_reads,D11,2,gillian,NA,NA,NA,NA,NA,NA,NA,NA,NA,NA,NA,NA,NA,NA,NA,NA,NA,NA,NA,NA,NA,NA,NA,NA,NA,NA,NA,NA,NA,NA,NA,NA,NA,NA,NA,NA,NA,NA,NA,NA,NA,NA,NA,NA,NA,NA,NA,NA,NA,NA,NA,NA,NA,NA,NA,NA,NA,NA,NA,NA,NA,NA,NA,NA,NA
6_demultiplex.bc1015--bc1076.hifi_reads,E1,2,farmer_kit,DF21.01,DF21.1.101.FK,101,IFK,53.1736608,-0.3356872,20,1,2025,01/01/2024,20/01/2025,385,feed_wheat,NA,feed_wheat,NA,OSR,NA,feed_wheat_2nd,NA,feed_wheat,NA,potatoes,NA,NA,No,N/A,not_seen,Yes,Yes,Yes,No,Yes,No,No,No,Yes,NA,Per crop requirements,Yes,NA,NA,NA,Yes,NA,Yes,Yes,Yes,Yes,Primary tilling,NA,7.9,21.8,316,274,24.5,3514.6,5.2,6.3,78.8,384.8,67.5,0,0.7,27.3
6_demultiplex.bc1015--bc1082.hifi_reads,E2,2,farmer_kit,2JJ.07,2JJ.07.92.FK,92,IFK,53.606472,-1.497083,3,2,2025,01/01/2024,13/02/2025,399,wheat,NA,wheat,NA,OSR,NA,wheat,NA,wheat,NA,wheat,NA,NA,No,N/A,not_seen,not_reported,Yes,No,No,Yes,No,No,No,250 kg/ha,NA,"Nitogen 3 times in the Spring (March, April, May)",NA,NA,NA,NA,NA,NA,Yes,Yes,Yes,No,No tillage,NA,7.4,25.6,215,64,10.8,2063.6,7.3,5.4,76.1,397.3,237.2,0,0.5,15
6_demultiplex.bc1015--bc1083.hifi_reads,E3,2,sample,6DA.03,6DA.03.08,NA,NA,51.130528,-1.46625,13,2,2025,01/01/2024,13/02/2025,409,winter_wheat,NA,spring_oats,NA,winter_wheat,NA,OSR,NA,spring_barley,NA,winter_wheat,NA,cv Crusoe,No,N/A,not_seen,Yes,Yes,Yes,Yes,No,No,No,No,No,NA,NA,NA,NA,NA,NA,NA,NA,NA,NA,NA,Yes,Strip tillage,NA,7.2,42.2,294,89,19.5,2570.9,4.8,8.3,104,224.5,43.5,0,0.8,18.9
6_demultiplex.bc1015--bc1096.hifi_reads,E5,2,gillian,NA,NA,NA,NA,NA,NA,NA,NA,NA,NA,NA,NA,NA,NA,NA,NA,NA,NA,NA,NA,NA,NA,NA,NA,NA,NA,NA,NA,NA,NA,NA,NA,NA,NA,NA,NA,NA,NA,NA,NA,NA,NA,NA,NA,NA,NA,NA,NA,NA,NA,NA,NA,NA,NA,NA,NA,NA,NA,NA,NA,NA,NA,NA,NA,NA
6_demultiplex.bc1015--bc1098.hifi_reads,E6,2,gillian,NA,NA,NA,NA,NA,NA,NA,NA,NA,NA,NA,NA,NA,NA,NA,NA,NA,NA,NA,NA,NA,NA,NA,NA,NA,NA,NA,NA,NA,NA,NA,NA,NA,NA,NA,NA,NA,NA,NA,NA,NA,NA,NA,NA,NA,NA,NA,NA,NA,NA,NA,NA,NA,NA,NA,NA,NA,NA,NA,NA,NA,NA,NA,NA,NA
6_demultiplex.bc1015--bc1100.hifi_reads,E7,2,gillian,NA,NA,NA,NA,NA,NA,NA,NA,NA,NA,NA,NA,NA,NA,NA,NA,NA,NA,NA,NA,NA,NA,NA,NA,NA,NA,NA,NA,NA,NA,NA,NA,NA,NA,NA,NA,NA,NA,NA,NA,NA,NA,NA,NA,NA,NA,NA,NA,NA,NA,NA,NA,NA,NA,NA,NA,NA,NA,NA,NA,NA,NA,NA,NA,NA
6_demultiplex.bc1015--bc1101.hifi_reads,E8,2,gillian,NA,NA,NA,NA,NA,NA,NA,NA,NA,NA,NA,NA,NA,NA,NA,NA,NA,NA,NA,NA,NA,NA,NA,NA,NA,NA,NA,NA,NA,NA,NA,NA,NA,NA,NA,NA,NA,NA,NA,NA,NA,NA,NA,NA,NA,NA,NA,NA,NA,NA,NA,NA,NA,NA,NA,NA,NA,NA,NA,NA,NA,NA,NA,NA,NA
6_demultiplex.bc1015--bc1105.hifi_reads,E9,2,gillian,NA,NA,NA,NA,NA,NA,NA,NA,NA,NA,NA,NA,NA,NA,NA,NA,NA,NA,NA,NA,NA,NA,NA,NA,NA,NA,NA,NA,NA,NA,NA,NA,NA,NA,NA,NA,NA,NA,NA,NA,NA,NA,NA,NA,NA,NA,NA,NA,NA,NA,NA,NA,NA,NA,NA,NA,NA,NA,NA,NA,NA,NA,NA,NA,NA
6_demultiplex.bc1015--bc1107.hifi_reads,E10,2,gillian,NA,NA,NA,NA,NA,NA,NA,NA,NA,NA,NA,NA,NA,NA,NA,NA,NA,NA,NA,NA,NA,NA,NA,NA,NA,NA,NA,NA,NA,NA,NA,NA,NA,NA,NA,NA,NA,NA,NA,NA,NA,NA,NA,NA,NA,NA,NA,NA,NA,NA,NA,NA,NA,NA,NA,NA,NA,NA,NA,NA,NA,NA,NA,NA,NA
6_demultiplex.bc1015--bc1110.hifi_reads,E11,2,gillian,NA,NA,NA,NA,NA,NA,NA,NA,NA,NA,NA,NA,NA,NA,NA,NA,NA,NA,NA,NA,NA,NA,NA,NA,NA,NA,NA,NA,NA,NA,NA,NA,NA,NA,NA,NA,NA,NA,NA,NA,NA,NA,NA,NA,NA,NA,NA,NA,NA,NA,NA,NA,NA,NA,NA,NA,NA,NA,NA,NA,NA,NA,NA,NA,NA
6_demultiplex.bc1020--bc1076.hifi_reads,F1,2,farmer_kit,GF1.01,GF1.1.98.FK,98,IFK,53.1811337,-0.3816646,21,1,2025,01/01/2024,21/01/2025,386,feed_wheat,NA,malting_barley,NA,maize,NA,group_1,NA,potatoes,NA,group_1,NA,NA,No,N/A,not_seen,Yes,Yes,Yes,No,Yes,No,No,No,Yes,NA,Per crop requirements,Yes,NA,NA,NA,Yes,NA,Yes,Yes,Yes,Yes,Primary tilling,NA,7.3,37.2,361,369,19.7,3905.8,5.1,5.4,32.9,441.4,461.7,0,0.3,31
6_demultiplex.bc1020--bc1082.hifi_reads,F2,2,sample,8JF.02,8JF.02.08,NA,NA,53.829639,-0.534361,4,2,2025,01/01/2024,02/04/2025,400,wheat,NA,wheat,NA,OSR,NA,wheat,NA,wheat,NA,OSR,NA,NA,Yes,Black lesions,Five years or more,Yes,Yes,Yes,Yes,Mg,Sulphur,No,No,No,NA,N 3x spring,Yes,NA,NA,NA,NA,Every 4 yrs,No,Yes,Yes,Yes,Reduced tillage,NA,7.5,23,122,69,42.3,2819.5,4.9,6.8,133.3,205.4,42.9,0,0.8,19.8
6_demultiplex.bc1020--bc1083.hifi_reads,F3,2,sample,6DA.03,6DA.03.09,NA,NA,51.130528,-1.46625,13,2,2025,01/01/2024,13/02/2025,409,winter_wheat,NA,spring_oats,NA,winter_wheat,NA,OSR,NA,spring_barley,NA,winter_wheat,NA,cv Crusoe,No,N/A,not_seen,Yes,Yes,Yes,Yes,No,No,No,No,No,NA,NA,NA,NA,NA,NA,NA,NA,NA,NA,NA,Yes,Strip tillage,NA,7.2,42.2,294,89,19.5,2570.9,4.8,8.3,104,224.5,43.5,0,0.8,18.9
6_demultiplex.bc1020--bc1096.hifi_reads,F5,2,gillian,NA,NA,NA,NA,NA,NA,NA,NA,NA,NA,NA,NA,NA,NA,NA,NA,NA,NA,NA,NA,NA,NA,NA,NA,NA,NA,NA,NA,NA,NA,NA,NA,NA,NA,NA,NA,NA,NA,NA,NA,NA,NA,NA,NA,NA,NA,NA,NA,NA,NA,NA,NA,NA,NA,NA,NA,NA,NA,NA,NA,NA,NA,NA,NA,NA
6_demultiplex.bc1020--bc1098.hifi_reads,F6,2,gillian,NA,NA,NA,NA,NA,NA,NA,NA,NA,NA,NA,NA,NA,NA,NA,NA,NA,NA,NA,NA,NA,NA,NA,NA,NA,NA,NA,NA,NA,NA,NA,NA,NA,NA,NA,NA,NA,NA,NA,NA,NA,NA,NA,NA,NA,NA,NA,NA,NA,NA,NA,NA,NA,NA,NA,NA,NA,NA,NA,NA,NA,NA,NA,NA,NA
6_demultiplex.bc1020--bc1101.hifi_reads,F8,2,gillian,NA,NA,NA,NA,NA,NA,NA,NA,NA,NA,NA,NA,NA,NA,NA,NA,NA,NA,NA,NA,NA,NA,NA,NA,NA,NA,NA,NA,NA,NA,NA,NA,NA,NA,NA,NA,NA,NA,NA,NA,NA,NA,NA,NA,NA,NA,NA,NA,NA,NA,NA,NA,NA,NA,NA,NA,NA,NA,NA,NA,NA,NA,NA,NA,NA
6_demultiplex.bc1020--bc1105.hifi_reads,F9,2,gillian,NA,NA,NA,NA,NA,NA,NA,NA,NA,NA,NA,NA,NA,NA,NA,NA,NA,NA,NA,NA,NA,NA,NA,NA,NA,NA,NA,NA,NA,NA,NA,NA,NA,NA,NA,NA,NA,NA,NA,NA,NA,NA,NA,NA,NA,NA,NA,NA,NA,NA,NA,NA,NA,NA,NA,NA,NA,NA,NA,NA,NA,NA,NA,NA,NA
6_demultiplex.bc1020--bc1107.hifi_reads,F10,2,gillian,NA,NA,NA,NA,NA,NA,NA,NA,NA,NA,NA,NA,NA,NA,NA,NA,NA,NA,NA,NA,NA,NA,NA,NA,NA,NA,NA,NA,NA,NA,NA,NA,NA,NA,NA,NA,NA,NA,NA,NA,NA,NA,NA,NA,NA,NA,NA,NA,NA,NA,NA,NA,NA,NA,NA,NA,NA,NA,NA,NA,NA,NA,NA,NA,NA
6_demultiplex.bc1020--bc1110.hifi_reads,F11,2,gillian,NA,NA,NA,NA,NA,NA,NA,NA,NA,NA,NA,NA,NA,NA,NA,NA,NA,NA,NA,NA,NA,NA,NA,NA,NA,NA,NA,NA,NA,NA,NA,NA,NA,NA,NA,NA,NA,NA,NA,NA,NA,NA,NA,NA,NA,NA,NA,NA,NA,NA,NA,NA,NA,NA,NA,NA,NA,NA,NA,NA,NA,NA,NA,NA,NA
6_demultiplex.bc1022--bc1076.hifi_reads,G1,2,farmer_kit,F5.01,F5.1.97.FK,97,IFK,53.196725,-0.3491763,23,1,2025,01/01/2024,23/01/2025,388,group_1,NA,Peas,NA,feed_wheat,NA,OSR,NA,feed_wheat,NA,maize,NA,NA,No,N/A,not_seen,Yes,Yes,Yes,No,Yes,No,No,No,Yes,NA,Per crop requirements,Yes,NA,NA,NA,Yes,NA,Yes,Yes,Yes,Yes,Primary tilling,NA,7.2,24,281,118,20.3,4145.2,5.2,5.5,34,397.1,440.8,0,0.3,29.4
6_demultiplex.bc1022--bc1082.hifi_reads,G2,2,sample,8JF.02,8JF.02.09,NA,NA,53.829639,-0.534361,4,2,2025,01/01/2024,02/04/2025,400,wheat,NA,wheat,NA,OSR,NA,wheat,NA,wheat,NA,OSR,NA,NA,Yes,Black lesions,Five years or more,Yes,Yes,Yes,Yes,Mg,Sulphur,No,No,No,NA,N 3x spring,Yes,NA,NA,NA,NA,Every 4 yrs,No,Yes,Yes,Yes,Reduced tillage,NA,7.5,23,122,69,42.3,2819.5,4.9,6.8,133.3,205.4,42.9,0,0.8,19.8
6_demultiplex.bc1022--bc1083.hifi_reads,G3,2,sample,6FX.01,6FX.01.17,NA,NA,52.039222,-0.915806,3,3,2025,01/01/2024,03/03/2025,427,unknown,NA,unknown,NA,unknown,NA,unknown,NA,unknown,NA,NA,NA,unknown,unknown,unknown,unknown,unknown,unknown,unknown,unknown,unknown,unknown,unknown,unknown,unknown,NA,unknown,unknown,NA,NA,NA,unknown,NA,unknown,unknown,unknown,unknown,unknown,NA,5.8,26,114,36,16.2,1946.7,4.1,5.9,21.9,461.7,135.9,0,0.2,17.9
6_demultiplex.bc1022--bc1096.hifi_reads,G5,2,gillian,NA,NA,NA,NA,NA,NA,NA,NA,NA,NA,NA,NA,NA,NA,NA,NA,NA,NA,NA,NA,NA,NA,NA,NA,NA,NA,NA,NA,NA,NA,NA,NA,NA,NA,NA,NA,NA,NA,NA,NA,NA,NA,NA,NA,NA,NA,NA,NA,NA,NA,NA,NA,NA,NA,NA,NA,NA,NA,NA,NA,NA,NA,NA,NA,NA
6_demultiplex.bc1022--bc1098.hifi_reads,G6,2,gillian,NA,NA,NA,NA,NA,NA,NA,NA,NA,NA,NA,NA,NA,NA,NA,NA,NA,NA,NA,NA,NA,NA,NA,NA,NA,NA,NA,NA,NA,NA,NA,NA,NA,NA,NA,NA,NA,NA,NA,NA,NA,NA,NA,NA,NA,NA,NA,NA,NA,NA,NA,NA,NA,NA,NA,NA,NA,NA,NA,NA,NA,NA,NA,NA,NA
6_demultiplex.bc1022--bc1101.hifi_reads,G8,2,gillian,NA,NA,NA,NA,NA,NA,NA,NA,NA,NA,NA,NA,NA,NA,NA,NA,NA,NA,NA,NA,NA,NA,NA,NA,NA,NA,NA,NA,NA,NA,NA,NA,NA,NA,NA,NA,NA,NA,NA,NA,NA,NA,NA,NA,NA,NA,NA,NA,NA,NA,NA,NA,NA,NA,NA,NA,NA,NA,NA,NA,NA,NA,NA,NA,NA
6_demultiplex.bc1022--bc1105.hifi_reads,G9,2,gillian,NA,NA,NA,NA,NA,NA,NA,NA,NA,NA,NA,NA,NA,NA,NA,NA,NA,NA,NA,NA,NA,NA,NA,NA,NA,NA,NA,NA,NA,NA,NA,NA,NA,NA,NA,NA,NA,NA,NA,NA,NA,NA,NA,NA,NA,NA,NA,NA,NA,NA,NA,NA,NA,NA,NA,NA,NA,NA,NA,NA,NA,NA,NA,NA,NA
6_demultiplex.bc1022--bc1107.hifi_reads,G10,2,gillian,NA,NA,NA,NA,NA,NA,NA,NA,NA,NA,NA,NA,NA,NA,NA,NA,NA,NA,NA,NA,NA,NA,NA,NA,NA,NA,NA,NA,NA,NA,NA,NA,NA,NA,NA,NA,NA,NA,NA,NA,NA,NA,NA,NA,NA,NA,NA,NA,NA,NA,NA,NA,NA,NA,NA,NA,NA,NA,NA,NA,NA,NA,NA,NA,NA
6_demultiplex.bc1022--bc1110.hifi_reads,G11,2,gillian,NA,NA,NA,NA,NA,NA,NA,NA,NA,NA,NA,NA,NA,NA,NA,NA,NA,NA,NA,NA,NA,NA,NA,NA,NA,NA,NA,NA,NA,NA,NA,NA,NA,NA,NA,NA,NA,NA,NA,NA,NA,NA,NA,NA,NA,NA,NA,NA,NA,NA,NA,NA,NA,NA,NA,NA,NA,NA,NA,NA,NA,NA,NA,NA,NA
6_demultiplex.bc1024--bc1076.hifi_reads,H1,2,farmer_kit,2JJ.06,2JJ.6.75.FK,75,IFK,53.606472,-1.497083,3,2,2025,01/01/2024,02/03/2025,399,wheat,NA,wheat,NA,OSR,NA,wheat,NA,wheat,NA,OSR,NA,NA,No,N/A,not_seen,not_reported,Yes,No,No,Yes,No,No,No,250 kg/ha,NA,"Nitogen 3 times in the Spring (March, April, May)",NA,NA,NA,NA,NA,NA,Yes,Yes,Yes,No,No tillage,NA,7.6,37.2,121,192,10.4,1679.3,5.6,11.5,90.5,178.4,50.1,0,0.4,13.6
6_demultiplex.bc1024--bc1082.hifi_reads,H2,2,sample,8JF.02,8JF.02.10,NA,NA,53.829639,-0.534361,4,2,2025,01/01/2024,02/04/2025,400,wheat,NA,wheat,NA,OSR,NA,wheat,NA,wheat,NA,OSR,NA,NA,Yes,Black lesions,Five years or more,Yes,Yes,Yes,Yes,Mg,Sulphur,No,No,No,NA,N 3x spring,Yes,NA,NA,NA,NA,Every 4 yrs,No,Yes,Yes,Yes,Reduced tillage,NA,7.5,23,122,69,42.3,2819.5,4.9,6.8,133.3,205.4,42.9,0,0.8,19.8
6_demultiplex.bc1024--bc1083.hifi_reads,H3,2,sample,6FX.01,6FX.01.18,NA,NA,52.039222,-0.915806,3,3,2025,01/01/2024,03/03/2025,427,unknown,NA,unknown,NA,unknown,NA,unknown,NA,unknown,NA,NA,NA,unknown,unknown,unknown,unknown,unknown,unknown,unknown,unknown,unknown,unknown,unknown,unknown,unknown,NA,unknown,unknown,NA,NA,NA,unknown,NA,unknown,unknown,unknown,unknown,unknown,NA,5.8,26,114,36,16.2,1946.7,4.1,5.9,21.9,461.7,135.9,0,0.2,17.9
6_demultiplex.bc1024--bc1096.hifi_reads,H5,2,gillian,NA,NA,NA,NA,NA,NA,NA,NA,NA,NA,NA,NA,NA,NA,NA,NA,NA,NA,NA,NA,NA,NA,NA,NA,NA,NA,NA,NA,NA,NA,NA,NA,NA,NA,NA,NA,NA,NA,NA,NA,NA,NA,NA,NA,NA,NA,NA,NA,NA,NA,NA,NA,NA,NA,NA,NA,NA,NA,NA,NA,NA,NA,NA,NA,NA
6_demultiplex.bc1024--bc1098.hifi_reads,H6,2,gillian,NA,NA,NA,NA,NA,NA,NA,NA,NA,NA,NA,NA,NA,NA,NA,NA,NA,NA,NA,NA,NA,NA,NA,NA,NA,NA,NA,NA,NA,NA,NA,NA,NA,NA,NA,NA,NA,NA,NA,NA,NA,NA,NA,NA,NA,NA,NA,NA,NA,NA,NA,NA,NA,NA,NA,NA,NA,NA,NA,NA,NA,NA,NA,NA,NA
6_demultiplex.bc1024--bc1100.hifi_reads,H7,2,gillian,NA,NA,NA,NA,NA,NA,NA,NA,NA,NA,NA,NA,NA,NA,NA,NA,NA,NA,NA,NA,NA,NA,NA,NA,NA,NA,NA,NA,NA,NA,NA,NA,NA,NA,NA,NA,NA,NA,NA,NA,NA,NA,NA,NA,NA,NA,NA,NA,NA,NA,NA,NA,NA,NA,NA,NA,NA,NA,NA,NA,NA,NA,NA,NA,NA
6_demultiplex.bc1024--bc1101.hifi_reads,H8,2,gillian,NA,NA,NA,NA,NA,NA,NA,NA,NA,NA,NA,NA,NA,NA,NA,NA,NA,NA,NA,NA,NA,NA,NA,NA,NA,NA,NA,NA,NA,NA,NA,NA,NA,NA,NA,NA,NA,NA,NA,NA,NA,NA,NA,NA,NA,NA,NA,NA,NA,NA,NA,NA,NA,NA,NA,NA,NA,NA,NA,NA,NA,NA,NA,NA,NA
6_demultiplex.bc1024--bc1105.hifi_reads,H9,2,gillian,NA,NA,NA,NA,NA,NA,NA,NA,NA,NA,NA,NA,NA,NA,NA,NA,NA,NA,NA,NA,NA,NA,NA,NA,NA,NA,NA,NA,NA,NA,NA,NA,NA,NA,NA,NA,NA,NA,NA,NA,NA,NA,NA,NA,NA,NA,NA,NA,NA,NA,NA,NA,NA,NA,NA,NA,NA,NA,NA,NA,NA,NA,NA,NA,NA
6_demultiplex.bc1024--bc1107.hifi_reads,H10,2,gillian,NA,NA,NA,NA,NA,NA,NA,NA,NA,NA,NA,NA,NA,NA,NA,NA,NA,NA,NA,NA,NA,NA,NA,NA,NA,NA,NA,NA,NA,NA,NA,NA,NA,NA,NA,NA,NA,NA,NA,NA,NA,NA,NA,NA,NA,NA,NA,NA,NA,NA,NA,NA,NA,NA,NA,NA,NA,NA,NA,NA,NA,NA,NA,NA,NA
6_demultiplex.bc1024--bc1110.hifi_reads,H11,2,gillian,NA,NA,NA,NA,NA,NA,NA,NA,NA,NA,NA,NA,NA,NA,NA,NA,NA,NA,NA,NA,NA,NA,NA,NA,NA,NA,NA,NA,NA,NA,NA,NA,NA,NA,NA,NA,NA,NA,NA,NA,NA,NA,NA,NA,NA,NA,NA,NA,NA,NA,NA,NA,NA,NA,NA,NA,NA,NA,NA,NA,NA,NA,NA,NA,NA
7_demultiplex.bc1005--bc1076.hifi_reads,A1,2,sample,8JF.02,8JF.02.11,NA,NA,53.829639,-0.534361,4,2,2025,01/01/2024,02/04/2025,400,wheat,NA,wheat,NA,OSR,NA,wheat,NA,wheat,NA,OSR,NA,NA,Yes,Black lesions,Five years or more,Yes,Yes,Yes,Yes,Mg,Sulphur,No,No,No,NA,N 3x spring,Yes,NA,NA,NA,NA,Every 4 yrs,No,Yes,Yes,Yes,Reduced tillage,NA,7.5,23,122,69,42.3,2819.5,4.9,6.8,133.3,205.4,42.9,0,0.8,19.8
7_demultiplex.bc1005--bc1082.hifi_reads,A2,2,sample,8JF.02,8JF.02.19,NA,NA,53.829639,-0.534361,4,2,2025,01/01/2024,02/04/2025,400,wheat,NA,wheat,NA,OSR,NA,wheat,NA,wheat,NA,OSR,NA,NA,Yes,Black lesions,Five years or more,Yes,Yes,Yes,Yes,Mg,Sulphur,No,No,No,NA,N 3x spring,Yes,NA,NA,NA,NA,Every 4 yrs,No,Yes,Yes,Yes,Reduced tillage,NA,7.5,23,122,69,42.3,2819.5,4.9,6.8,133.3,205.4,42.9,0,0.8,19.8
7_demultiplex.bc1005--bc1083.hifi_reads,A3,2,sample,DF33.01,DF33.01.06,NA,NA,53.1679557,-0.3351923,20,1,2025,01/01/2024,20/01/2025,385,feed_wheat_2nd,NA,feed_wheat,NA,OSR,NA,feed_wheat_2nd,NA,feed_wheat,NA,maize,NA,NA,No,N/A,not_seen,Yes,Yes,Yes,No,Yes,No,No,No,Yes,NA,Per crop requirements,Yes,NA,NA,NA,Yes,NA,Yes,Yes,Yes,Yes,Primary tilling,NA,7.9,13,313,271,22.9,3071.4,3.5,5.8,91.6,341,110.8,0,0.7,24.3
7_demultiplex.bc1005--bc1089.hifi_reads,A4,2,sample,DF33.01,DF33.01.14,NA,NA,53.1679557,-0.3351923,20,1,2025,01/01/2024,20/01/2025,385,feed_wheat_2nd,NA,feed_wheat,NA,OSR,NA,feed_wheat_2nd,NA,feed_wheat,NA,maize,NA,NA,No,N/A,not_seen,Yes,Yes,Yes,No,Yes,No,No,No,Yes,NA,Per crop requirements,Yes,NA,NA,NA,Yes,NA,Yes,Yes,Yes,Yes,Primary tilling,NA,7.9,13,313,271,22.9,3071.4,3.5,5.8,91.6,341,110.8,0,0.7,24.3
7_demultiplex.bc1005--bc1096.hifi_reads,A5,2,sample,6FX.03,6FX.03.01,NA,NA,52.043806,-0.917278,4,3,2025,01/01/2024,03/04/2025,428,unknown,NA,unknown,NA,unknown,NA,unknown,NA,unknown,NA,NA,NA,unknown,unknown,unknown,unknown,unknown,unknown,unknown,unknown,unknown,unknown,unknown,unknown,unknown,NA,unknown,unknown,NA,NA,NA,unknown,NA,unknown,unknown,unknown,unknown,unknown,NA,7.1,24.4,174,48,22.9,3067.6,4.1,4.3,42,262.9,204.5,0,0.04,21.2
7_demultiplex.bc1005--bc1098.hifi_reads,A6,2,sample,6FX.03,6FX.03.09,NA,NA,52.043806,-0.917278,4,3,2025,01/01/2024,03/04/2025,428,unknown,NA,unknown,NA,unknown,NA,unknown,NA,unknown,NA,NA,NA,unknown,unknown,unknown,unknown,unknown,unknown,unknown,unknown,unknown,unknown,unknown,unknown,unknown,NA,unknown,unknown,NA,NA,NA,unknown,NA,unknown,unknown,unknown,unknown,unknown,NA,7.1,24.4,174,48,22.9,3067.6,4.1,4.3,42,262.9,204.5,0,0.04,21.2
7_demultiplex.bc1005--bc1100.hifi_reads,A7,2,sample,6FX.03,6FX.03.17,NA,NA,52.043806,-0.917278,4,3,2025,01/01/2024,03/04/2025,428,unknown,NA,unknown,NA,unknown,NA,unknown,NA,unknown,NA,NA,NA,unknown,unknown,unknown,unknown,unknown,unknown,unknown,unknown,unknown,unknown,unknown,unknown,unknown,NA,unknown,unknown,NA,NA,NA,unknown,NA,unknown,unknown,unknown,unknown,unknown,NA,7.1,24.4,174,48,22.9,3067.6,4.1,4.3,42,262.9,204.5,0,0.04,21.2
7_demultiplex.bc1005--bc1101.hifi_reads,A8,2,sample,6DA.01,6DA.01.04,NA,NA,51.124333,-1.454944,12,2,2025,01/01/2024,02/12/2025,408,winter_wheat,NA,OSR,NA,spring_barley,NA,wheat,NA,Spring linseed,NA,grass_ley,NA,cv Crusoe,No,N/A,not_seen,Yes,Yes,Yes,Yes,No,No,No,No,No,NA,NA,NA,NA,NA,NA,NA,NA,NA,NA,NA,Yes,Strip tillage,NA,7.9,41,413,85,16.7,3132.3,2.5,10.2,91.4,101.3,153.8,0,0.3,22.9
7_demultiplex.bc1005--bc1105.hifi_reads,A9,2,sample,6DA.01,6DA.01.12,NA,NA,51.124333,-1.454944,12,2,2025,01/01/2024,02/12/2025,408,winter_wheat,NA,OSR,NA,spring_barley,NA,wheat,NA,Spring linseed,NA,grass_ley,NA,cv Crusoe,No,N/A,not_seen,Yes,Yes,Yes,Yes,No,No,No,No,No,NA,NA,NA,NA,NA,NA,NA,NA,NA,NA,NA,Yes,Strip tillage,NA,7.9,41,413,85,16.7,3132.3,2.5,10.2,91.4,101.3,153.8,0,0.3,22.9
7_demultiplex.bc1005--bc1107.hifi_reads,A10,2,sample,6DA.01,6DA.01.20,NA,NA,51.124333,-1.454944,12,2,2025,01/01/2024,02/12/2025,408,winter_wheat,NA,OSR,NA,spring_barley,NA,wheat,NA,Spring linseed,NA,grass_ley,NA,cv Crusoe,No,N/A,not_seen,Yes,Yes,Yes,Yes,No,No,No,No,No,NA,NA,NA,NA,NA,NA,NA,NA,NA,NA,NA,Yes,Strip tillage,NA,7.9,41,413,85,16.7,3132.3,2.5,10.2,91.4,101.3,153.8,0,0.3,22.9
7_demultiplex.bc1005--bc1110.hifi_reads,A11,2,sample,MD7.01,MD7.01.07,NA,NA,53.1762805,-0.3453237,22,1,2025,01/01/2024,22/01/2025,387,group_2,NA,maize,NA,feed_wheat,NA,OSR,NA,group_1_2nd,NA,spring_wheat,NA,NA,No,N/A,not_seen,Yes,Yes,Yes,No,Yes,No,No,No,Yes,NA,Per crop requirements,Yes,NA,NA,NA,Yes,NA,Yes,Yes,Yes,Yes,Primary tilling,NA,7.7,27.2,363,148,22.3,3474.2,6.3,7.9,54.3,377.7,91.5,0,0.4,25.7
7_demultiplex.bc1005--bc1112.hifi_reads,A12,2,sample,MD7.01,MD7.01.15,NA,NA,53.1762805,-0.3453237,22,1,2025,01/01/2024,22/01/2025,387,group_2,NA,maize,NA,feed_wheat,NA,OSR,NA,group_1_2nd,NA,spring_wheat,NA,NA,No,N/A,not_seen,Yes,Yes,Yes,No,Yes,No,No,No,Yes,NA,Per crop requirements,Yes,NA,NA,NA,Yes,NA,Yes,Yes,Yes,Yes,Primary tilling,NA,7.7,27.2,363,148,22.3,3474.2,6.3,7.9,54.3,377.7,91.5,0,0.4,25.7
7_demultiplex.bc1007--bc1076.hifi_reads,B1,2,sample,8JF.02,8JF.02.12,NA,NA,53.829639,-0.534361,4,2,2025,01/01/2024,02/04/2025,400,wheat,NA,wheat,NA,OSR,NA,wheat,NA,wheat,NA,OSR,NA,NA,Yes,Black lesions,Five years or more,Yes,Yes,Yes,Yes,Mg,Sulphur,No,No,No,NA,N 3x spring,Yes,NA,NA,NA,NA,Every 4 yrs,No,Yes,Yes,Yes,Reduced tillage,NA,7.5,23,122,69,42.3,2819.5,4.9,6.8,133.3,205.4,42.9,0,0.8,19.8
7_demultiplex.bc1007--bc1082.hifi_reads,B2,2,sample,8JF.02,8JF.02.20,NA,NA,53.829639,-0.534361,4,2,2025,01/01/2024,02/04/2025,400,wheat,NA,wheat,NA,OSR,NA,wheat,NA,wheat,NA,OSR,NA,NA,Yes,Black lesions,Five years or more,Yes,Yes,Yes,Yes,Mg,Sulphur,No,No,No,NA,N 3x spring,Yes,NA,NA,NA,NA,Every 4 yrs,No,Yes,Yes,Yes,Reduced tillage,NA,7.5,23,122,69,42.3,2819.5,4.9,6.8,133.3,205.4,42.9,0,0.8,19.8
7_demultiplex.bc1007--bc1083.hifi_reads,B3,2,sample,DF33.01,DF33.01.07,NA,NA,53.1679557,-0.3351923,20,1,2025,01/01/2024,20/01/2025,385,feed_wheat_2nd,NA,feed_wheat,NA,OSR,NA,feed_wheat_2nd,NA,feed_wheat,NA,maize,NA,NA,No,N/A,not_seen,Yes,Yes,Yes,No,Yes,No,No,No,Yes,NA,Per crop requirements,Yes,NA,NA,NA,Yes,NA,Yes,Yes,Yes,Yes,Primary tilling,NA,7.9,13,313,271,22.9,3071.4,3.5,5.8,91.6,341,110.8,0,0.7,24.3
7_demultiplex.bc1007--bc1089.hifi_reads,B4,2,sample,DF33.01,DF33.01.15,NA,NA,53.1679557,-0.3351923,20,1,2025,01/01/2024,20/01/2025,385,feed_wheat_2nd,NA,feed_wheat,NA,OSR,NA,feed_wheat_2nd,NA,feed_wheat,NA,maize,NA,NA,No,N/A,not_seen,Yes,Yes,Yes,No,Yes,No,No,No,Yes,NA,Per crop requirements,Yes,NA,NA,NA,Yes,NA,Yes,Yes,Yes,Yes,Primary tilling,NA,7.9,13,313,271,22.9,3071.4,3.5,5.8,91.6,341,110.8,0,0.7,24.3
7_demultiplex.bc1007--bc1096.hifi_reads,B5,2,sample,6FX.03,6FX.03.02,NA,NA,52.043806,-0.917278,4,3,2025,01/01/2024,03/04/2025,428,unknown,NA,unknown,NA,unknown,NA,unknown,NA,unknown,NA,NA,NA,unknown,unknown,unknown,unknown,unknown,unknown,unknown,unknown,unknown,unknown,unknown,unknown,unknown,NA,unknown,unknown,NA,NA,NA,unknown,NA,unknown,unknown,unknown,unknown,unknown,NA,7.1,24.4,174,48,22.9,3067.6,4.1,4.3,42,262.9,204.5,0,0.04,21.2
7_demultiplex.bc1007--bc1098.hifi_reads,B6,2,sample,6FX.03,6FX.03.10,NA,NA,52.043806,-0.917278,4,3,2025,01/01/2024,03/04/2025,428,unknown,NA,unknown,NA,unknown,NA,unknown,NA,unknown,NA,NA,NA,unknown,unknown,unknown,unknown,unknown,unknown,unknown,unknown,unknown,unknown,unknown,unknown,unknown,NA,unknown,unknown,NA,NA,NA,unknown,NA,unknown,unknown,unknown,unknown,unknown,NA,7.1,24.4,174,48,22.9,3067.6,4.1,4.3,42,262.9,204.5,0,0.04,21.2
7_demultiplex.bc1007--bc1100.hifi_reads,B7,2,sample,6FX.03,6FX.03.18,NA,NA,52.043806,-0.917278,4,3,2025,01/01/2024,03/04/2025,428,unknown,NA,unknown,NA,unknown,NA,unknown,NA,unknown,NA,NA,NA,unknown,unknown,unknown,unknown,unknown,unknown,unknown,unknown,unknown,unknown,unknown,unknown,unknown,NA,unknown,unknown,NA,NA,NA,unknown,NA,unknown,unknown,unknown,unknown,unknown,NA,7.1,24.4,174,48,22.9,3067.6,4.1,4.3,42,262.9,204.5,0,0.04,21.2
7_demultiplex.bc1007--bc1101.hifi_reads,B8,2,sample,6DA.01,6DA.01.05,NA,NA,51.124333,-1.454944,12,2,2025,01/01/2024,02/12/2025,408,winter_wheat,NA,OSR,NA,spring_barley,NA,wheat,NA,Spring linseed,NA,grass_ley,NA,cv Crusoe,No,N/A,not_seen,Yes,Yes,Yes,Yes,No,No,No,No,No,NA,NA,NA,NA,NA,NA,NA,NA,NA,NA,NA,Yes,Strip tillage,NA,7.9,41,413,85,16.7,3132.3,2.5,10.2,91.4,101.3,153.8,0,0.3,22.9
7_demultiplex.bc1007--bc1105.hifi_reads,B9,2,sample,6DA.01,6DA.01.13,NA,NA,51.124333,-1.454944,12,2,2025,01/01/2024,02/12/2025,408,winter_wheat,NA,OSR,NA,spring_barley,NA,wheat,NA,Spring linseed,NA,grass_ley,NA,cv Crusoe,No,N/A,not_seen,Yes,Yes,Yes,Yes,No,No,No,No,No,NA,NA,NA,NA,NA,NA,NA,NA,NA,NA,NA,Yes,Strip tillage,NA,7.9,41,413,85,16.7,3132.3,2.5,10.2,91.4,101.3,153.8,0,0.3,22.9
7_demultiplex.bc1007--bc1107.hifi_reads,B10,2,farmer_kit,6DA.01,6DA.1.91.FK,91,SFK,51.124333,-1.454944,12,2,2025,01/01/2024,02/12/2025,408,winter_wheat,NA,OSR,NA,spring_barley,NA,wheat,NA,Spring linseed,NA,grass_ley,NA,cv Crusoe,No,N/A,not_seen,Yes,Yes,Yes,Yes,No,No,No,No,No,NA,NA,NA,NA,NA,NA,NA,NA,NA,NA,NA,Yes,Strip tillage,NA,7.9,41,413,85,16.7,3132.3,2.5,10.2,91.4,101.3,153.8,0,0.3,22.9
7_demultiplex.bc1007--bc1110.hifi_reads,B11,2,sample,MD7.01,MD7.01.08,NA,NA,53.1762805,-0.3453237,22,1,2025,01/01/2024,22/01/2025,387,group_2,NA,maize,NA,feed_wheat,NA,OSR,NA,group_1_2nd,NA,spring_wheat,NA,NA,No,N/A,not_seen,Yes,Yes,Yes,No,Yes,No,No,No,Yes,NA,Per crop requirements,Yes,NA,NA,NA,Yes,NA,Yes,Yes,Yes,Yes,Primary tilling,NA,7.7,27.2,363,148,22.3,3474.2,6.3,7.9,54.3,377.7,91.5,0,0.4,25.7
7_demultiplex.bc1007--bc1112.hifi_reads,B12,2,sample,MD7.01,MD7.01.16,NA,NA,53.1762805,-0.3453237,22,1,2025,01/01/2024,22/01/2025,387,group_2,NA,maize,NA,feed_wheat,NA,OSR,NA,group_1_2nd,NA,spring_wheat,NA,NA,No,N/A,not_seen,Yes,Yes,Yes,No,Yes,No,No,No,Yes,NA,Per crop requirements,Yes,NA,NA,NA,Yes,NA,Yes,Yes,Yes,Yes,Primary tilling,NA,7.7,27.2,363,148,22.3,3474.2,6.3,7.9,54.3,377.7,91.5,0,0.4,25.7
7_demultiplex.bc1008--bc1076.hifi_reads,C1,2,sample,8JF.02,8JF.02.13,NA,NA,53.829639,-0.534361,4,2,2025,01/01/2024,02/04/2025,400,wheat,NA,wheat,NA,OSR,NA,wheat,NA,wheat,NA,OSR,NA,NA,Yes,Black lesions,Five years or more,Yes,Yes,Yes,Yes,Mg,Sulphur,No,No,No,NA,N 3x spring,Yes,NA,NA,NA,NA,Every 4 yrs,No,Yes,Yes,Yes,Reduced tillage,NA,7.5,23,122,69,42.3,2819.5,4.9,6.8,133.3,205.4,42.9,0,0.8,19.8
7_demultiplex.bc1008--bc1082.hifi_reads,C2,2,farmer_kit,8JF.02,8JF.2.96.FK,96,SFK,53.829639,-0.534361,4,2,2025,01/01/2024,02/04/2025,400,wheat,NA,wheat,NA,OSR,NA,wheat,NA,wheat,NA,OSR,NA,NA,Yes,Black lesions,Five years or more,Yes,Yes,Yes,Yes,Mg,Sulphur,No,No,No,NA,N 3x spring,Yes,NA,NA,NA,NA,Every 4 yrs,No,Yes,Yes,Yes,Reduced tillage,NA,7.5,23,122,69,42.3,2819.5,4.9,6.8,133.3,205.4,42.9,0,0.8,19.8
7_demultiplex.bc1008--bc1083.hifi_reads,C3,2,sample,DF33.01,DF33.01.08,NA,NA,53.1679557,-0.3351923,20,1,2025,01/01/2024,20/01/2025,385,feed_wheat_2nd,NA,feed_wheat,NA,OSR,NA,feed_wheat_2nd,NA,feed_wheat,NA,maize,NA,NA,No,N/A,not_seen,Yes,Yes,Yes,No,Yes,No,No,No,Yes,NA,Per crop requirements,Yes,NA,NA,NA,Yes,NA,Yes,Yes,Yes,Yes,Primary tilling,NA,7.9,13,313,271,22.9,3071.4,3.5,5.8,91.6,341,110.8,0,0.7,24.3
7_demultiplex.bc1008--bc1089.hifi_reads,C4,2,sample,DF33.01,DF33.01.16,NA,NA,53.1679557,-0.3351923,20,1,2025,01/01/2024,20/01/2025,385,feed_wheat_2nd,NA,feed_wheat,NA,OSR,NA,feed_wheat_2nd,NA,feed_wheat,NA,maize,NA,NA,No,N/A,not_seen,Yes,Yes,Yes,No,Yes,No,No,No,Yes,NA,Per crop requirements,Yes,NA,NA,NA,Yes,NA,Yes,Yes,Yes,Yes,Primary tilling,NA,7.9,13,313,271,22.9,3071.4,3.5,5.8,91.6,341,110.8,0,0.7,24.3
7_demultiplex.bc1008--bc1096.hifi_reads,C5,2,sample,6FX.03,6FX.03.03,NA,NA,52.043806,-0.917278,4,3,2025,01/01/2024,03/04/2025,428,unknown,NA,unknown,NA,unknown,NA,unknown,NA,unknown,NA,NA,NA,unknown,unknown,unknown,unknown,unknown,unknown,unknown,unknown,unknown,unknown,unknown,unknown,unknown,NA,unknown,unknown,NA,NA,NA,unknown,NA,unknown,unknown,unknown,unknown,unknown,NA,7.1,24.4,174,48,22.9,3067.6,4.1,4.3,42,262.9,204.5,0,0.04,21.2
7_demultiplex.bc1008--bc1100.hifi_reads,C7,2,sample,6FX.03,6FX.03.19,NA,NA,52.043806,-0.917278,4,3,2025,01/01/2024,03/04/2025,428,unknown,NA,unknown,NA,unknown,NA,unknown,NA,unknown,NA,NA,NA,unknown,unknown,unknown,unknown,unknown,unknown,unknown,unknown,unknown,unknown,unknown,unknown,unknown,NA,unknown,unknown,NA,NA,NA,unknown,NA,unknown,unknown,unknown,unknown,unknown,NA,7.1,24.4,174,48,22.9,3067.6,4.1,4.3,42,262.9,204.5,0,0.04,21.2
7_demultiplex.bc1008--bc1101.hifi_reads,C8,2,sample,6DA.01,6DA.01.06,NA,NA,51.124333,-1.454944,12,2,2025,01/01/2024,02/12/2025,408,winter_wheat,NA,OSR,NA,spring_barley,NA,wheat,NA,Spring linseed,NA,grass_ley,NA,cv Crusoe,No,N/A,not_seen,Yes,Yes,Yes,Yes,No,No,No,No,No,NA,NA,NA,NA,NA,NA,NA,NA,NA,NA,NA,Yes,Strip tillage,NA,7.9,41,413,85,16.7,3132.3,2.5,10.2,91.4,101.3,153.8,0,0.3,22.9
7_demultiplex.bc1008--bc1105.hifi_reads,C9,2,sample,6DA.01,6DA.01.14,NA,NA,51.124333,-1.454944,12,2,2025,01/01/2024,02/12/2025,408,winter_wheat,NA,OSR,NA,spring_barley,NA,wheat,NA,Spring linseed,NA,grass_ley,NA,cv Crusoe,No,N/A,not_seen,Yes,Yes,Yes,Yes,No,No,No,No,No,NA,NA,NA,NA,NA,NA,NA,NA,NA,NA,NA,Yes,Strip tillage,NA,7.9,41,413,85,16.7,3132.3,2.5,10.2,91.4,101.3,153.8,0,0.3,22.9
7_demultiplex.bc1008--bc1107.hifi_reads,C10,2,sample,MD7.01,MD7.01.01,NA,NA,53.1762805,-0.3453237,22,1,2025,01/01/2024,22/01/2025,387,group_2,NA,maize,NA,feed_wheat,NA,OSR,NA,group_1_2nd,NA,spring_wheat,NA,NA,No,N/A,not_seen,Yes,Yes,Yes,No,Yes,No,No,No,Yes,NA,Per crop requirements,Yes,NA,NA,NA,Yes,NA,Yes,Yes,Yes,Yes,Primary tilling,NA,7.7,27.2,363,148,22.3,3474.2,6.3,7.9,54.3,377.7,91.5,0,0.4,25.7
7_demultiplex.bc1008--bc1110.hifi_reads,C11,2,sample,MD7.01,MD7.01.09,NA,NA,53.1762805,-0.3453237,22,1,2025,01/01/2024,22/01/2025,387,group_2,NA,maize,NA,feed_wheat,NA,OSR,NA,group_1_2nd,NA,spring_wheat,NA,NA,No,N/A,not_seen,Yes,Yes,Yes,No,Yes,No,No,No,Yes,NA,Per crop requirements,Yes,NA,NA,NA,Yes,NA,Yes,Yes,Yes,Yes,Primary tilling,NA,7.7,27.2,363,148,22.3,3474.2,6.3,7.9,54.3,377.7,91.5,0,0.4,25.7
7_demultiplex.bc1008--bc1112.hifi_reads,C12,2,sample,MD7.01,MD7.01.17,NA,NA,53.1762805,-0.3453237,22,1,2025,01/01/2024,22/01/2025,387,group_2,NA,maize,NA,feed_wheat,NA,OSR,NA,group_1_2nd,NA,spring_wheat,NA,NA,No,N/A,not_seen,Yes,Yes,Yes,No,Yes,No,No,No,Yes,NA,Per crop requirements,Yes,NA,NA,NA,Yes,NA,Yes,Yes,Yes,Yes,Primary tilling,NA,7.7,27.2,363,148,22.3,3474.2,6.3,7.9,54.3,377.7,91.5,0,0.4,25.7
7_demultiplex.bc1012--bc1076.hifi_reads,D1,2,sample,8JF.02,8JF.02.14,NA,NA,53.829639,-0.534361,4,2,2025,01/01/2024,02/04/2025,400,wheat,NA,wheat,NA,OSR,NA,wheat,NA,wheat,NA,OSR,NA,NA,Yes,Black lesions,Five years or more,Yes,Yes,Yes,Yes,Mg,Sulphur,No,No,No,NA,N 3x spring,Yes,NA,NA,NA,NA,Every 4 yrs,No,Yes,Yes,Yes,Reduced tillage,NA,7.5,23,122,69,42.3,2819.5,4.9,6.8,133.3,205.4,42.9,0,0.8,19.8
7_demultiplex.bc1012--bc1082.hifi_reads,D2,2,sample,DF33.01,DF33.01.01,NA,NA,53.1679557,-0.3351923,20,1,2025,01/01/2024,20/01/2025,385,feed_wheat_2nd,NA,feed_wheat,NA,OSR,NA,feed_wheat_2nd,NA,feed_wheat,NA,maize,NA,NA,No,N/A,not_seen,Yes,Yes,Yes,No,Yes,No,No,No,Yes,NA,Per crop requirements,Yes,NA,NA,NA,Yes,NA,Yes,Yes,Yes,Yes,Primary tilling,NA,7.9,13,313,271,22.9,3071.4,3.5,5.8,91.6,341,110.8,0,0.7,24.3
7_demultiplex.bc1012--bc1083.hifi_reads,D3,2,sample,DF33.01,DF33.01.09,NA,NA,53.1679557,-0.3351923,20,1,2025,01/01/2024,20/01/2025,385,feed_wheat_2nd,NA,feed_wheat,NA,OSR,NA,feed_wheat_2nd,NA,feed_wheat,NA,maize,NA,NA,No,N/A,not_seen,Yes,Yes,Yes,No,Yes,No,No,No,Yes,NA,Per crop requirements,Yes,NA,NA,NA,Yes,NA,Yes,Yes,Yes,Yes,Primary tilling,NA,7.9,13,313,271,22.9,3071.4,3.5,5.8,91.6,341,110.8,0,0.7,24.3
7_demultiplex.bc1012--bc1089.hifi_reads,D4,2,sample,DF33.01,DF33.01.17,NA,NA,53.1679557,-0.3351923,20,1,2025,01/01/2024,20/01/2025,385,feed_wheat_2nd,NA,feed_wheat,NA,OSR,NA,feed_wheat_2nd,NA,feed_wheat,NA,maize,NA,NA,No,N/A,not_seen,Yes,Yes,Yes,No,Yes,No,No,No,Yes,NA,Per crop requirements,Yes,NA,NA,NA,Yes,NA,Yes,Yes,Yes,Yes,Primary tilling,NA,7.9,13,313,271,22.9,3071.4,3.5,5.8,91.6,341,110.8,0,0.7,24.3
7_demultiplex.bc1012--bc1096.hifi_reads,D5,2,sample,6FX.03,6FX.03.04,NA,NA,52.043806,-0.917278,4,3,2025,01/01/2024,03/04/2025,428,unknown,NA,unknown,NA,unknown,NA,unknown,NA,unknown,NA,NA,NA,unknown,unknown,unknown,unknown,unknown,unknown,unknown,unknown,unknown,unknown,unknown,unknown,unknown,NA,unknown,unknown,NA,NA,NA,unknown,NA,unknown,unknown,unknown,unknown,unknown,NA,7.1,24.4,174,48,22.9,3067.6,4.1,4.3,42,262.9,204.5,0,0.04,21.2
7_demultiplex.bc1012--bc1098.hifi_reads,D6,2,sample,6FX.03,6FX.03.12,NA,NA,52.043806,-0.917278,4,3,2025,01/01/2024,03/04/2025,428,unknown,NA,unknown,NA,unknown,NA,unknown,NA,unknown,NA,NA,NA,unknown,unknown,unknown,unknown,unknown,unknown,unknown,unknown,unknown,unknown,unknown,unknown,unknown,NA,unknown,unknown,NA,NA,NA,unknown,NA,unknown,unknown,unknown,unknown,unknown,NA,7.1,24.4,174,48,22.9,3067.6,4.1,4.3,42,262.9,204.5,0,0.04,21.2
7_demultiplex.bc1012--bc1100.hifi_reads,D7,2,sample,6FX.03,6FX.03.20,NA,NA,52.043806,-0.917278,4,3,2025,01/01/2024,03/04/2025,428,unknown,NA,unknown,NA,unknown,NA,unknown,NA,unknown,NA,NA,NA,unknown,unknown,unknown,unknown,unknown,unknown,unknown,unknown,unknown,unknown,unknown,unknown,unknown,NA,unknown,unknown,NA,NA,NA,unknown,NA,unknown,unknown,unknown,unknown,unknown,NA,7.1,24.4,174,48,22.9,3067.6,4.1,4.3,42,262.9,204.5,0,0.04,21.2
7_demultiplex.bc1012--bc1101.hifi_reads,D8,2,sample,6DA.01,6DA.01.07,NA,NA,51.124333,-1.454944,12,2,2025,01/01/2024,02/12/2025,408,winter_wheat,NA,OSR,NA,spring_barley,NA,wheat,NA,Spring linseed,NA,grass_ley,NA,cv Crusoe,No,N/A,not_seen,Yes,Yes,Yes,Yes,No,No,No,No,No,NA,NA,NA,NA,NA,NA,NA,NA,NA,NA,NA,Yes,Strip tillage,NA,7.9,41,413,85,16.7,3132.3,2.5,10.2,91.4,101.3,153.8,0,0.3,22.9
7_demultiplex.bc1012--bc1105.hifi_reads,D9,2,sample,6DA.01,6DA.01.15,NA,NA,51.124333,-1.454944,12,2,2025,01/01/2024,02/12/2025,408,winter_wheat,NA,OSR,NA,spring_barley,NA,wheat,NA,Spring linseed,NA,grass_ley,NA,cv Crusoe,No,N/A,not_seen,Yes,Yes,Yes,Yes,No,No,No,No,No,NA,NA,NA,NA,NA,NA,NA,NA,NA,NA,NA,Yes,Strip tillage,NA,7.9,41,413,85,16.7,3132.3,2.5,10.2,91.4,101.3,153.8,0,0.3,22.9
7_demultiplex.bc1012--bc1107.hifi_reads,D10,2,sample,MD7.01,MD7.01.02,NA,NA,53.1762805,-0.3453237,22,1,2025,01/01/2024,22/01/2025,387,group_2,NA,maize,NA,feed_wheat,NA,OSR,NA,group_1_2nd,NA,spring_wheat,NA,NA,No,N/A,not_seen,Yes,Yes,Yes,No,Yes,No,No,No,Yes,NA,Per crop requirements,Yes,NA,NA,NA,Yes,NA,Yes,Yes,Yes,Yes,Primary tilling,NA,7.7,27.2,363,148,22.3,3474.2,6.3,7.9,54.3,377.7,91.5,0,0.4,25.7
7_demultiplex.bc1012--bc1110.hifi_reads,D11,2,sample,MD7.01,MD7.01.10,NA,NA,53.1762805,-0.3453237,22,1,2025,01/01/2024,22/01/2025,387,group_2,NA,maize,NA,feed_wheat,NA,OSR,NA,group_1_2nd,NA,spring_wheat,NA,NA,No,N/A,not_seen,Yes,Yes,Yes,No,Yes,No,No,No,Yes,NA,Per crop requirements,Yes,NA,NA,NA,Yes,NA,Yes,Yes,Yes,Yes,Primary tilling,NA,7.7,27.2,363,148,22.3,3474.2,6.3,7.9,54.3,377.7,91.5,0,0.4,25.7
7_demultiplex.bc1012--bc1112.hifi_reads,D12,2,gt_control,S1,S1,NA,NA,NA,NA,NA,NA,NA,NA,NA,NA,NA,NA,NA,NA,NA,NA,NA,NA,NA,NA,NA,NA,NA,NA,NA,NA,NA,NA,NA,NA,NA,NA,NA,NA,NA,NA,NA,NA,NA,NA,NA,NA,NA,NA,NA,NA,NA,NA,NA,NA,NA,NA,NA,NA,NA,NA,NA,NA,NA,NA,NA,NA,NA
7_demultiplex.bc1015--bc1076.hifi_reads,E1,2,sample,8JF.02,8JF.02.15,NA,NA,53.829639,-0.534361,4,2,2025,01/01/2024,02/04/2025,400,wheat,NA,wheat,NA,OSR,NA,wheat,NA,wheat,NA,OSR,NA,NA,Yes,Black lesions,Five years or more,Yes,Yes,Yes,Yes,Mg,Sulphur,No,No,No,NA,N 3x spring,Yes,NA,NA,NA,NA,Every 4 yrs,No,Yes,Yes,Yes,Reduced tillage,NA,7.5,23,122,69,42.3,2819.5,4.9,6.8,133.3,205.4,42.9,0,0.8,19.8
7_demultiplex.bc1015--bc1083.hifi_reads,E3,2,sample,DF33.01,DF33.01.10,NA,NA,53.1679557,-0.3351923,20,1,2025,01/01/2024,20/01/2025,385,feed_wheat_2nd,NA,feed_wheat,NA,OSR,NA,feed_wheat_2nd,NA,feed_wheat,NA,maize,NA,NA,No,N/A,not_seen,Yes,Yes,Yes,No,Yes,No,No,No,Yes,NA,Per crop requirements,Yes,NA,NA,NA,Yes,NA,Yes,Yes,Yes,Yes,Primary tilling,NA,7.9,13,313,271,22.9,3071.4,3.5,5.8,91.6,341,110.8,0,0.7,24.3
7_demultiplex.bc1015--bc1089.hifi_reads,E4,2,sample,DF33.01,DF33.01.18,NA,NA,53.1679557,-0.3351923,20,1,2025,01/01/2024,20/01/2025,385,feed_wheat_2nd,NA,feed_wheat,NA,OSR,NA,feed_wheat_2nd,NA,feed_wheat,NA,maize,NA,NA,No,N/A,not_seen,Yes,Yes,Yes,No,Yes,No,No,No,Yes,NA,Per crop requirements,Yes,NA,NA,NA,Yes,NA,Yes,Yes,Yes,Yes,Primary tilling,NA,7.9,13,313,271,22.9,3071.4,3.5,5.8,91.6,341,110.8,0,0.7,24.3
7_demultiplex.bc1015--bc1096.hifi_reads,E5,2,sample,6FX.03,6FX.03.05,NA,NA,52.043806,-0.917278,4,3,2025,01/01/2024,03/04/2025,428,unknown,NA,unknown,NA,unknown,NA,unknown,NA,unknown,NA,NA,NA,unknown,unknown,unknown,unknown,unknown,unknown,unknown,unknown,unknown,unknown,unknown,unknown,unknown,NA,unknown,unknown,NA,NA,NA,unknown,NA,unknown,unknown,unknown,unknown,unknown,NA,7.1,24.4,174,48,22.9,3067.6,4.1,4.3,42,262.9,204.5,0,0.04,21.2
7_demultiplex.bc1015--bc1098.hifi_reads,E6,2,sample,6FX.03,6FX.03.13,NA,NA,52.043806,-0.917278,4,3,2025,01/01/2024,03/04/2025,428,unknown,NA,unknown,NA,unknown,NA,unknown,NA,unknown,NA,NA,NA,unknown,unknown,unknown,unknown,unknown,unknown,unknown,unknown,unknown,unknown,unknown,unknown,unknown,NA,unknown,unknown,NA,NA,NA,unknown,NA,unknown,unknown,unknown,unknown,unknown,NA,7.1,24.4,174,48,22.9,3067.6,4.1,4.3,42,262.9,204.5,0,0.04,21.2
7_demultiplex.bc1015--bc1100.hifi_reads,E7,2,farmer_kit,6FX.03,6FX.3.82.FK,82,SFK,52.043806,-0.917278,4,3,2025,01/01/2024,03/04/2025,428,unknown,NA,unknown,NA,unknown,NA,unknown,NA,unknown,NA,NA,NA,unknown,unknown,unknown,unknown,unknown,unknown,unknown,unknown,unknown,unknown,unknown,unknown,unknown,NA,unknown,unknown,NA,NA,NA,unknown,NA,unknown,unknown,unknown,unknown,unknown,NA,7.1,24.4,174,48,22.9,3067.6,4.1,4.3,42,262.9,204.5,0,0.04,21.2
7_demultiplex.bc1015--bc1101.hifi_reads,E8,2,sample,6DA.01,6DA.01.08,NA,NA,51.124333,-1.454944,12,2,2025,01/01/2024,02/12/2025,408,winter_wheat,NA,OSR,NA,spring_barley,NA,wheat,NA,Spring linseed,NA,grass_ley,NA,cv Crusoe,No,N/A,not_seen,Yes,Yes,Yes,Yes,No,No,No,No,No,NA,NA,NA,NA,NA,NA,NA,NA,NA,NA,NA,Yes,Strip tillage,NA,7.9,41,413,85,16.7,3132.3,2.5,10.2,91.4,101.3,153.8,0,0.3,22.9
7_demultiplex.bc1015--bc1105.hifi_reads,E9,2,sample,6DA.01,6DA.01.16,NA,NA,51.124333,-1.454944,12,2,2025,01/01/2024,02/12/2025,408,winter_wheat,NA,OSR,NA,spring_barley,NA,wheat,NA,Spring linseed,NA,grass_ley,NA,cv Crusoe,No,N/A,not_seen,Yes,Yes,Yes,Yes,No,No,No,No,No,NA,NA,NA,NA,NA,NA,NA,NA,NA,NA,NA,Yes,Strip tillage,NA,7.9,41,413,85,16.7,3132.3,2.5,10.2,91.4,101.3,153.8,0,0.3,22.9
7_demultiplex.bc1015--bc1107.hifi_reads,E10,2,sample,MD7.01,MD7.01.03,NA,NA,53.1762805,-0.3453237,22,1,2025,01/01/2024,22/01/2025,387,group_2,NA,maize,NA,feed_wheat,NA,OSR,NA,group_1_2nd,NA,spring_wheat,NA,NA,No,N/A,not_seen,Yes,Yes,Yes,No,Yes,No,No,No,Yes,NA,Per crop requirements,Yes,NA,NA,NA,Yes,NA,Yes,Yes,Yes,Yes,Primary tilling,NA,7.7,27.2,363,148,22.3,3474.2,6.3,7.9,54.3,377.7,91.5,0,0.4,25.7
7_demultiplex.bc1015--bc1110.hifi_reads,E11,2,sample,MD7.01,MD7.01.11,NA,NA,53.1762805,-0.3453237,22,1,2025,01/01/2024,22/01/2025,387,group_2,NA,maize,NA,feed_wheat,NA,OSR,NA,group_1_2nd,NA,spring_wheat,NA,NA,No,N/A,not_seen,Yes,Yes,Yes,No,Yes,No,No,No,Yes,NA,Per crop requirements,Yes,NA,NA,NA,Yes,NA,Yes,Yes,Yes,Yes,Primary tilling,NA,7.7,27.2,363,148,22.3,3474.2,6.3,7.9,54.3,377.7,91.5,0,0.4,25.7
7_demultiplex.bc1015--bc1112.hifi_reads,E12,2,gt_control,S2,S2,NA,NA,NA,NA,NA,NA,NA,NA,NA,NA,NA,NA,NA,NA,NA,NA,NA,NA,NA,NA,NA,NA,NA,NA,NA,NA,NA,NA,NA,NA,NA,NA,NA,NA,NA,NA,NA,NA,NA,NA,NA,NA,NA,NA,NA,NA,NA,NA,NA,NA,NA,NA,NA,NA,NA,NA,NA,NA,NA,NA,NA,NA,NA
7_demultiplex.bc1020--bc1076.hifi_reads,F1,2,sample,8JF.02,8JF.02.16,NA,NA,53.829639,-0.534361,4,2,2025,01/01/2024,02/04/2025,400,wheat,NA,wheat,NA,OSR,NA,wheat,NA,wheat,NA,OSR,NA,NA,Yes,Black lesions,Five years or more,Yes,Yes,Yes,Yes,Mg,Sulphur,No,No,No,NA,N 3x spring,Yes,NA,NA,NA,NA,Every 4 yrs,No,Yes,Yes,Yes,Reduced tillage,NA,7.5,23,122,69,42.3,2819.5,4.9,6.8,133.3,205.4,42.9,0,0.8,19.8
7_demultiplex.bc1020--bc1082.hifi_reads,F2,2,sample,DF33.01,DF33.01.03,NA,NA,53.1679557,-0.3351923,20,1,2025,01/01/2024,20/01/2025,385,feed_wheat_2nd,NA,feed_wheat,NA,OSR,NA,feed_wheat_2nd,NA,feed_wheat,NA,maize,NA,NA,No,N/A,not_seen,Yes,Yes,Yes,No,Yes,No,No,No,Yes,NA,Per crop requirements,Yes,NA,NA,NA,Yes,NA,Yes,Yes,Yes,Yes,Primary tilling,NA,7.9,13,313,271,22.9,3071.4,3.5,5.8,91.6,341,110.8,0,0.7,24.3
7_demultiplex.bc1020--bc1089.hifi_reads,F4,2,sample,DF33.01,DF33.01.19,NA,NA,53.1679557,-0.3351923,20,1,2025,01/01/2024,20/01/2025,385,feed_wheat_2nd,NA,feed_wheat,NA,OSR,NA,feed_wheat_2nd,NA,feed_wheat,NA,maize,NA,NA,No,N/A,not_seen,Yes,Yes,Yes,No,Yes,No,No,No,Yes,NA,Per crop requirements,Yes,NA,NA,NA,Yes,NA,Yes,Yes,Yes,Yes,Primary tilling,NA,7.9,13,313,271,22.9,3071.4,3.5,5.8,91.6,341,110.8,0,0.7,24.3
7_demultiplex.bc1020--bc1096.hifi_reads,F5,2,sample,6FX.03,6FX.03.06,NA,NA,52.043806,-0.917278,4,3,2025,01/01/2024,03/04/2025,428,unknown,NA,unknown,NA,unknown,NA,unknown,NA,unknown,NA,NA,NA,unknown,unknown,unknown,unknown,unknown,unknown,unknown,unknown,unknown,unknown,unknown,unknown,unknown,NA,unknown,unknown,NA,NA,NA,unknown,NA,unknown,unknown,unknown,unknown,unknown,NA,7.1,24.4,174,48,22.9,3067.6,4.1,4.3,42,262.9,204.5,0,0.04,21.2
7_demultiplex.bc1020--bc1098.hifi_reads,F6,2,sample,6FX.03,6FX.03.14,NA,NA,52.043806,-0.917278,4,3,2025,01/01/2024,03/04/2025,428,unknown,NA,unknown,NA,unknown,NA,unknown,NA,unknown,NA,NA,NA,unknown,unknown,unknown,unknown,unknown,unknown,unknown,unknown,unknown,unknown,unknown,unknown,unknown,NA,unknown,unknown,NA,NA,NA,unknown,NA,unknown,unknown,unknown,unknown,unknown,NA,7.1,24.4,174,48,22.9,3067.6,4.1,4.3,42,262.9,204.5,0,0.04,21.2
7_demultiplex.bc1020--bc1100.hifi_reads,F7,2,sample,6DA.01,6DA.01.01,NA,NA,51.124333,-1.454944,12,2,2025,01/01/2024,02/12/2025,408,winter_wheat,NA,OSR,NA,spring_barley,NA,wheat,NA,Spring linseed,NA,grass_ley,NA,cv Crusoe,No,N/A,not_seen,Yes,Yes,Yes,Yes,No,No,No,No,No,NA,NA,NA,NA,NA,NA,NA,NA,NA,NA,NA,Yes,Strip tillage,NA,7.9,41,413,85,16.7,3132.3,2.5,10.2,91.4,101.3,153.8,0,0.3,22.9
7_demultiplex.bc1020--bc1105.hifi_reads,F9,2,sample,6DA.01,6DA.01.17,NA,NA,51.124333,-1.454944,12,2,2025,01/01/2024,02/12/2025,408,winter_wheat,NA,OSR,NA,spring_barley,NA,wheat,NA,Spring linseed,NA,grass_ley,NA,cv Crusoe,No,N/A,not_seen,Yes,Yes,Yes,Yes,No,No,No,No,No,NA,NA,NA,NA,NA,NA,NA,NA,NA,NA,NA,Yes,Strip tillage,NA,7.9,41,413,85,16.7,3132.3,2.5,10.2,91.4,101.3,153.8,0,0.3,22.9
7_demultiplex.bc1020--bc1107.hifi_reads,F10,2,sample,MD7.01,MD7.01.04,NA,NA,53.1762805,-0.3453237,22,1,2025,01/01/2024,22/01/2025,387,group_2,NA,maize,NA,feed_wheat,NA,OSR,NA,group_1_2nd,NA,spring_wheat,NA,NA,No,N/A,not_seen,Yes,Yes,Yes,No,Yes,No,No,No,Yes,NA,Per crop requirements,Yes,NA,NA,NA,Yes,NA,Yes,Yes,Yes,Yes,Primary tilling,NA,7.7,27.2,363,148,22.3,3474.2,6.3,7.9,54.3,377.7,91.5,0,0.4,25.7
7_demultiplex.bc1020--bc1110.hifi_reads,F11,2,sample,MD7.01,MD7.01.12,NA,NA,53.1762805,-0.3453237,22,1,2025,01/01/2024,22/01/2025,387,group_2,NA,maize,NA,feed_wheat,NA,OSR,NA,group_1_2nd,NA,spring_wheat,NA,NA,No,N/A,not_seen,Yes,Yes,Yes,No,Yes,No,No,No,Yes,NA,Per crop requirements,Yes,NA,NA,NA,Yes,NA,Yes,Yes,Yes,Yes,Primary tilling,NA,7.7,27.2,363,148,22.3,3474.2,6.3,7.9,54.3,377.7,91.5,0,0.4,25.7
7_demultiplex.bc1020--bc1112.hifi_reads,F12,2,gt_control,S3,S3,NA,NA,NA,NA,NA,NA,NA,NA,NA,NA,NA,NA,NA,NA,NA,NA,NA,NA,NA,NA,NA,NA,NA,NA,NA,NA,NA,NA,NA,NA,NA,NA,NA,NA,NA,NA,NA,NA,NA,NA,NA,NA,NA,NA,NA,NA,NA,NA,NA,NA,NA,NA,NA,NA,NA,NA,NA,NA,NA,NA,NA,NA,NA
7_demultiplex.bc1022--bc1076.hifi_reads,G1,2,sample,8JF.02,8JF.02.17,NA,NA,53.829639,-0.534361,4,2,2025,01/01/2024,02/04/2025,400,wheat,NA,wheat,NA,OSR,NA,wheat,NA,wheat,NA,OSR,NA,NA,Yes,Black lesions,Five years or more,Yes,Yes,Yes,Yes,Mg,Sulphur,No,No,No,NA,N 3x spring,Yes,NA,NA,NA,NA,Every 4 yrs,No,Yes,Yes,Yes,Reduced tillage,NA,7.5,23,122,69,42.3,2819.5,4.9,6.8,133.3,205.4,42.9,0,0.8,19.8
7_demultiplex.bc1022--bc1082.hifi_reads,G2,2,sample,DF33.01,DF33.01.04,NA,NA,53.1679557,-0.3351923,20,1,2025,01/01/2024,20/01/2025,385,feed_wheat_2nd,NA,feed_wheat,NA,OSR,NA,feed_wheat_2nd,NA,feed_wheat,NA,maize,NA,NA,No,N/A,not_seen,Yes,Yes,Yes,No,Yes,No,No,No,Yes,NA,Per crop requirements,Yes,NA,NA,NA,Yes,NA,Yes,Yes,Yes,Yes,Primary tilling,NA,7.9,13,313,271,22.9,3071.4,3.5,5.8,91.6,341,110.8,0,0.7,24.3
7_demultiplex.bc1022--bc1083.hifi_reads,G3,2,sample,DF33.01,DF33.01.12,NA,NA,53.1679557,-0.3351923,20,1,2025,01/01/2024,20/01/2025,385,feed_wheat_2nd,NA,feed_wheat,NA,OSR,NA,feed_wheat_2nd,NA,feed_wheat,NA,maize,NA,NA,No,N/A,not_seen,Yes,Yes,Yes,No,Yes,No,No,No,Yes,NA,Per crop requirements,Yes,NA,NA,NA,Yes,NA,Yes,Yes,Yes,Yes,Primary tilling,NA,7.9,13,313,271,22.9,3071.4,3.5,5.8,91.6,341,110.8,0,0.7,24.3
7_demultiplex.bc1022--bc1089.hifi_reads,G4,2,sample,DF33.01,DF33.01.20,NA,NA,53.1679557,-0.3351923,20,1,2025,01/01/2024,20/01/2025,385,feed_wheat_2nd,NA,feed_wheat,NA,OSR,NA,feed_wheat_2nd,NA,feed_wheat,NA,maize,NA,NA,No,N/A,not_seen,Yes,Yes,Yes,No,Yes,No,No,No,Yes,NA,Per crop requirements,Yes,NA,NA,NA,Yes,NA,Yes,Yes,Yes,Yes,Primary tilling,NA,7.9,13,313,271,22.9,3071.4,3.5,5.8,91.6,341,110.8,0,0.7,24.3
7_demultiplex.bc1022--bc1096.hifi_reads,G5,2,sample,6FX.03,6FX.03.07,NA,NA,52.043806,-0.917278,4,3,2025,01/01/2024,03/04/2025,428,unknown,NA,unknown,NA,unknown,NA,unknown,NA,unknown,NA,NA,NA,unknown,unknown,unknown,unknown,unknown,unknown,unknown,unknown,unknown,unknown,unknown,unknown,unknown,NA,unknown,unknown,NA,NA,NA,unknown,NA,unknown,unknown,unknown,unknown,unknown,NA,7.1,24.4,174,48,22.9,3067.6,4.1,4.3,42,262.9,204.5,0,0.04,21.2
7_demultiplex.bc1022--bc1098.hifi_reads,G6,2,sample,6FX.03,6FX.03.15,NA,NA,52.043806,-0.917278,4,3,2025,01/01/2024,03/04/2025,428,unknown,NA,unknown,NA,unknown,NA,unknown,NA,unknown,NA,NA,NA,unknown,unknown,unknown,unknown,unknown,unknown,unknown,unknown,unknown,unknown,unknown,unknown,unknown,NA,unknown,unknown,NA,NA,NA,unknown,NA,unknown,unknown,unknown,unknown,unknown,NA,7.1,24.4,174,48,22.9,3067.6,4.1,4.3,42,262.9,204.5,0,0.04,21.2
7_demultiplex.bc1022--bc1100.hifi_reads,G7,2,sample,6DA.01,6DA.01.02,NA,NA,51.124333,-1.454944,12,2,2025,01/01/2024,02/12/2025,408,winter_wheat,NA,OSR,NA,spring_barley,NA,wheat,NA,Spring linseed,NA,grass_ley,NA,cv Crusoe,No,N/A,not_seen,Yes,Yes,Yes,Yes,No,No,No,No,No,NA,NA,NA,NA,NA,NA,NA,NA,NA,NA,NA,Yes,Strip tillage,NA,7.9,41,413,85,16.7,3132.3,2.5,10.2,91.4,101.3,153.8,0,0.3,22.9
7_demultiplex.bc1022--bc1101.hifi_reads,G8,2,sample,6DA.01,6DA.01.10,NA,NA,51.124333,-1.454944,12,2,2025,01/01/2024,02/12/2025,408,winter_wheat,NA,OSR,NA,spring_barley,NA,wheat,NA,Spring linseed,NA,grass_ley,NA,cv Crusoe,No,N/A,not_seen,Yes,Yes,Yes,Yes,No,No,No,No,No,NA,NA,NA,NA,NA,NA,NA,NA,NA,NA,NA,Yes,Strip tillage,NA,7.9,41,413,85,16.7,3132.3,2.5,10.2,91.4,101.3,153.8,0,0.3,22.9
7_demultiplex.bc1022--bc1105.hifi_reads,G9,2,sample,6DA.01,6DA.01.18,NA,NA,51.124333,-1.454944,12,2,2025,01/01/2024,02/12/2025,408,winter_wheat,NA,OSR,NA,spring_barley,NA,wheat,NA,Spring linseed,NA,grass_ley,NA,cv Crusoe,No,N/A,not_seen,Yes,Yes,Yes,Yes,No,No,No,No,No,NA,NA,NA,NA,NA,NA,NA,NA,NA,NA,NA,Yes,Strip tillage,NA,7.9,41,413,85,16.7,3132.3,2.5,10.2,91.4,101.3,153.8,0,0.3,22.9
7_demultiplex.bc1022--bc1107.hifi_reads,G10,2,sample,MD7.01,MD7.01.05,NA,NA,53.1762805,-0.3453237,22,1,2025,01/01/2024,22/01/2025,387,group_2,NA,maize,NA,feed_wheat,NA,OSR,NA,group_1_2nd,NA,spring_wheat,NA,NA,No,N/A,not_seen,Yes,Yes,Yes,No,Yes,No,No,No,Yes,NA,Per crop requirements,Yes,NA,NA,NA,Yes,NA,Yes,Yes,Yes,Yes,Primary tilling,NA,7.7,27.2,363,148,22.3,3474.2,6.3,7.9,54.3,377.7,91.5,0,0.4,25.7
7_demultiplex.bc1022--bc1110.hifi_reads,G11,2,sample,MD7.01,MD7.01.13,NA,NA,53.1762805,-0.3453237,22,1,2025,01/01/2024,22/01/2025,387,group_2,NA,maize,NA,feed_wheat,NA,OSR,NA,group_1_2nd,NA,spring_wheat,NA,NA,No,N/A,not_seen,Yes,Yes,Yes,No,Yes,No,No,No,Yes,NA,Per crop requirements,Yes,NA,NA,NA,Yes,NA,Yes,Yes,Yes,Yes,Primary tilling,NA,7.7,27.2,363,148,22.3,3474.2,6.3,7.9,54.3,377.7,91.5,0,0.4,25.7
7_demultiplex.bc1024--bc1082.hifi_reads,H2,2,sample,DF33.01,DF33.01.05,NA,NA,53.1679557,-0.3351923,20,1,2025,01/01/2024,20/01/2025,385,feed_wheat_2nd,NA,feed_wheat,NA,OSR,NA,feed_wheat_2nd,NA,feed_wheat,NA,maize,NA,NA,No,N/A,not_seen,Yes,Yes,Yes,No,Yes,No,No,No,Yes,NA,Per crop requirements,Yes,NA,NA,NA,Yes,NA,Yes,Yes,Yes,Yes,Primary tilling,NA,7.9,13,313,271,22.9,3071.4,3.5,5.8,91.6,341,110.8,0,0.7,24.3
7_demultiplex.bc1024--bc1083.hifi_reads,H3,2,sample,DF33.01,DF33.01.13,NA,NA,53.1679557,-0.3351923,20,1,2025,01/01/2024,20/01/2025,385,feed_wheat_2nd,NA,feed_wheat,NA,OSR,NA,feed_wheat_2nd,NA,feed_wheat,NA,maize,NA,NA,No,N/A,not_seen,Yes,Yes,Yes,No,Yes,No,No,No,Yes,NA,Per crop requirements,Yes,NA,NA,NA,Yes,NA,Yes,Yes,Yes,Yes,Primary tilling,NA,7.9,13,313,271,22.9,3071.4,3.5,5.8,91.6,341,110.8,0,0.7,24.3
7_demultiplex.bc1024--bc1089.hifi_reads,H4,2,farmer_kit,DF33.01,DF33.1.102.FK,102,SFK,53.1679557,-0.3351923,20,1,2025,01/01/2024,20/01/2025,385,feed_wheat_2nd,NA,feed_wheat,NA,OSR,NA,feed_wheat_2nd,NA,feed_wheat,NA,maize,NA,NA,No,N/A,not_seen,Yes,Yes,Yes,No,Yes,No,No,No,Yes,NA,Per crop requirements,Yes,NA,NA,NA,Yes,NA,Yes,Yes,Yes,Yes,Primary tilling,NA,7.9,13,313,271,22.9,3071.4,3.5,5.8,91.6,341,110.8,0,0.7,24.3
7_demultiplex.bc1024--bc1096.hifi_reads,H5,2,sample,6FX.03,6FX.03.08,NA,NA,52.043806,-0.917278,4,3,2025,01/01/2024,03/04/2025,428,unknown,NA,unknown,NA,unknown,NA,unknown,NA,unknown,NA,NA,NA,unknown,unknown,unknown,unknown,unknown,unknown,unknown,unknown,unknown,unknown,unknown,unknown,unknown,NA,unknown,unknown,NA,NA,NA,unknown,NA,unknown,unknown,unknown,unknown,unknown,NA,7.1,24.4,174,48,22.9,3067.6,4.1,4.3,42,262.9,204.5,0,0.04,21.2
7_demultiplex.bc1024--bc1098.hifi_reads,H6,2,sample,6FX.03,6FX.03.16,NA,NA,52.043806,-0.917278,4,3,2025,01/01/2024,03/04/2025,428,unknown,NA,unknown,NA,unknown,NA,unknown,NA,unknown,NA,NA,NA,unknown,unknown,unknown,unknown,unknown,unknown,unknown,unknown,unknown,unknown,unknown,unknown,unknown,NA,unknown,unknown,NA,NA,NA,unknown,NA,unknown,unknown,unknown,unknown,unknown,NA,7.1,24.4,174,48,22.9,3067.6,4.1,4.3,42,262.9,204.5,0,0.04,21.2
7_demultiplex.bc1024--bc1100.hifi_reads,H7,2,sample,6DA.01,6DA.01.03,NA,NA,51.124333,-1.454944,12,2,2025,01/01/2024,02/12/2025,408,winter_wheat,NA,OSR,NA,spring_barley,NA,wheat,NA,Spring linseed,NA,grass_ley,NA,cv Crusoe,No,N/A,not_seen,Yes,Yes,Yes,Yes,No,No,No,No,No,NA,NA,NA,NA,NA,NA,NA,NA,NA,NA,NA,Yes,Strip tillage,NA,7.9,41,413,85,16.7,3132.3,2.5,10.2,91.4,101.3,153.8,0,0.3,22.9
7_demultiplex.bc1024--bc1101.hifi_reads,H8,2,sample,6DA.01,6DA.01.11,NA,NA,51.124333,-1.454944,12,2,2025,01/01/2024,02/12/2025,408,winter_wheat,NA,OSR,NA,spring_barley,NA,wheat,NA,Spring linseed,NA,grass_ley,NA,cv Crusoe,No,N/A,not_seen,Yes,Yes,Yes,Yes,No,No,No,No,No,NA,NA,NA,NA,NA,NA,NA,NA,NA,NA,NA,Yes,Strip tillage,NA,7.9,41,413,85,16.7,3132.3,2.5,10.2,91.4,101.3,153.8,0,0.3,22.9
7_demultiplex.bc1024--bc1105.hifi_reads,H9,2,sample,6DA.01,6DA.01.19,NA,NA,51.124333,-1.454944,12,2,2025,01/01/2024,02/12/2025,408,winter_wheat,NA,OSR,NA,spring_barley,NA,wheat,NA,Spring linseed,NA,grass_ley,NA,cv Crusoe,No,N/A,not_seen,Yes,Yes,Yes,Yes,No,No,No,No,No,NA,NA,NA,NA,NA,NA,NA,NA,NA,NA,NA,Yes,Strip tillage,NA,7.9,41,413,85,16.7,3132.3,2.5,10.2,91.4,101.3,153.8,0,0.3,22.9
7_demultiplex.bc1024--bc1107.hifi_reads,H10,2,sample,MD7.01,MD7.01.06,NA,NA,53.1762805,-0.3453237,22,1,2025,01/01/2024,22/01/2025,387,group_2,NA,maize,NA,feed_wheat,NA,OSR,NA,group_1_2nd,NA,spring_wheat,NA,NA,No,N/A,not_seen,Yes,Yes,Yes,No,Yes,No,No,No,Yes,NA,Per crop requirements,Yes,NA,NA,NA,Yes,NA,Yes,Yes,Yes,Yes,Primary tilling,NA,7.7,27.2,363,148,22.3,3474.2,6.3,7.9,54.3,377.7,91.5,0,0.4,25.7
7_demultiplex.bc1024--bc1110.hifi_reads,H11,2,sample,MD7.01,MD7.01.14,NA,NA,53.1762805,-0.3453237,22,1,2025,01/01/2024,22/01/2025,387,group_2,NA,maize,NA,feed_wheat,NA,OSR,NA,group_1_2nd,NA,spring_wheat,NA,NA,No,N/A,not_seen,Yes,Yes,Yes,No,Yes,No,No,No,Yes,NA,Per crop requirements,Yes,NA,NA,NA,Yes,NA,Yes,Yes,Yes,Yes,Primary tilling,NA,7.7,27.2,363,148,22.3,3474.2,6.3,7.9,54.3,377.7,91.5,0,0.4,25.7
7_demultiplex.bc1024--bc1112.hifi_reads,H12,2,internal_control,EMPTY,EMPTY,NA,NA,NA,NA,NA,NA,NA,NA,NA,NA,NA,NA,NA,NA,NA,NA,NA,NA,NA,NA,NA,NA,NA,NA,NA,NA,NA,NA,NA,NA,NA,NA,NA,NA,NA,NA,NA,NA,NA,NA,NA,NA,NA,NA,NA,NA,NA,NA,NA,NA,NA,NA,NA,NA,NA,NA,NA,NA,NA,NA,NA,NA,NA